# filename	url	council	title	priority
E06000037-west-berkshire-2026-07-28-audit-and-risk-committee-146134-5c-appendix-c-prudential-indicators.pdf	http://decisionmaking.westberks.gov.uk/documents/s146134/5c-appendix-c-prudential-indicators.pdf	West Berkshire	5c. Appendix C - Prudential Indicators	high
E06000014-york-2026-07-22-audit-and-governance-commi-194760-annex-a-prudential-indicators-2526-outtu.pdf	https://democracy.york.gov.uk/documents/s194760/annex-a-prudential-indicators-2526-outturn-31-03-26.pdf	York	Annex A - Prudential Indicators 2526 Outturn (31.03.26)	high
E07000138-city-of-lincoln-2026-07-21-council-80542-treasury-management-stewardship-and-actu.pdf	https://democratic.lincoln.gov.uk/documents/s80542/treasury-management-stewardship-and-actual-prudential-indica.pdf	City of Lincoln	Treasury Management Stewardship and Actual Prudential Indicators Report 2025-26 - Covering Report	high
E07000138-city-of-lincoln-2026-07-21-council-80544-treasury-management-stewardship-and-actu.pdf	https://democratic.lincoln.gov.uk/documents/s80544/treasury-management-stewardship-and-actual-prudential-indica.pdf	City of Lincoln	Treasury Management Stewardship and Actual Prudential Indicators Report 2025/26 (Outturn) - Executive Report	high
E06000051-shropshire-2026-07-16-council-45059-20260706-appendix-c-prudential-indicator.pdf	https://shropshire.gov.uk/committee-services/documents/s45059/20260706-appendix-c-prudential-indicators-2025-26.pdf	Shropshire	20260706 APPENDIX C - Prudential Indicators 2025-26	high
E06000051-shropshire-2026-07-15-audit-governance-committee-45070-20260706-appendix-c-prudential-indicator.pdf	https://shropshire.gov.uk/committee-services/documents/s45070/20260706-appendix-c-prudential-indicators-2025-26.pdf	Shropshire	20260706 APPENDIX C - Prudential Indicators 2025-26	high
E06000051-shropshire-2026-07-08-cabinet-44938-20260706-appendix-c-prudential-indicator.pdf	https://shropshire.gov.uk/committee-services/documents/s44938/20260706-appendix-c-prudential-indicators-2025-26.pdf	Shropshire	20260706 APPENDIX C - Prudential Indicators 2025-26	high
E06000014-york-2026-07-07-executive-194430-item-8-treasury-management-annual-report.pdf	https://democracy.york.gov.uk/documents/s194430/item-8-treasury-management-annual-report-and-review-of-prude.pdf	York	Item 8 - Treasury Management annual report and review of Prudential Indicators 2025-26	high
E06000014-york-2026-07-07-executive-194431-item-8-treasury-management-annual-report.pdf	https://democracy.york.gov.uk/documents/s194431/item-8-treasury-management-annual-report-and-review-of-prude.pdf	York	Item 8 - Treasury Management annual report and review of Prudential Indicators 2025-26 - Annex A	high
E07000098-hertsmere-2026-06-30-audit-committee-72889-treasury-management-outturn-report-and-a.pdf	https://Hertsmere.moderngov.co.uk/documents/s72889/treasury-management-outturn-report-and-actual-prudential-ind.pdf	Hertsmere	Treasury Management Outturn Report and Actual Prudential Indicators 2025-26-F&BS	high
E07000098-hertsmere-2026-06-30-audit-committee-72890-appa-treasury-management-outturn-and-act.pdf	https://Hertsmere.moderngov.co.uk/documents/s72890/appa-treasury-management-outturn-and-actual-prudential-indic.pdf	Hertsmere	AppA-Treasury Management Outturn and Actual Prudential Indicators 2025-26-	high
E09000033-westminster-2026-06-30-audit-and-performance-comm-72649-treasury-management-strategy-outturn-202.pdf	https://committees.westminster.gov.uk/documents/s72649/treasury-management-strategy-outturn-2025-26.pdf	Westminster	Treasury Management Strategy Outturn 2025-26	high
E06000064-westmorland-and-furnes-2026-06-12-audit-committee-40871-ac-treasury-management-strategy-statemen.pdf	https://WestmorlandandFurness.moderngov.co.uk/documents/s40871/ac-treasury-management-strategy-statement.pdf	Westmorland and Furness	AC -Treasury Management Strategy Statement	high
E10000018-leicestershire-2026-06-10-scrutiny-commission-196555-appendix-e-capital-prudential-indicators.pdf	https://democracy.leics.gov.uk/documents/s196555/appendix-e-capital-prudential-indicators-2025-26.pdf	Leicestershire	Appendix E - Capital Prudential Indicators 2025-26	high
E06000051-shropshire-2026-06-10-cabinet-44690-20260610-appendix-b-prudential-indicator.pdf	https://shropshire.gov.uk/committee-services/documents/s44690/20260610-appendix-b-prudential-indicators.pdf	Shropshire	20260610 Appendix B Prudential Indicators	high
E07000062-hastings-2026-06-08-cabinet-59242-2a-treasury-management-strategy-202627.pdf	http://hastings.moderngov.co.uk/documents/s59242/2a-treasury-management-strategy-202627.pdf	Hastings	2a Treasury Management Strategy 202627	high
E10000018-leicestershire-2026-05-26-cabinet-196277-appendix-e-capital-prudential-indicators.pdf	https://democracy.leics.gov.uk/documents/s196277/appendix-e-capital-prudential-indicators-2025-26.pdf	Leicestershire	Appendix E - Capital Prudential Indicators 2025-26	high
E07000064-rother-2026-05-11-cabinet-15453-capital-investment-and-treasury-manageme.pdf	http://Rother.moderngov.co.uk/documents/s15453/capital-investment-and-treasury-management-strategy-2026-27.pdf	Rother	Capital, Investment and Treasury Management Strategy 2026/27	high
E07000064-rother-2026-05-11-cabinet-15499-appendix-2-treasury-management-strategy.pdf	http://Rother.moderngov.co.uk/documents/s15499/appendix-2-treasury-management-strategy-for-2026.pdf	Rother	Appendix 2 - Treasury Management Strategy for 2026	high
E06000049-cheshire-east-2026-03-20-audit-and-governance-commi-131504-treasury-management-strategy-decision-re.pdf	http://moderngov.cheshireeast.gov.uk/ecminutes/documents/s131504/treasury-management-strategy-decision-report-template-delete.pdf	Cheshire East	Treasury Management Strategy Decision Report Template (delete as appropriate)	high
E06000049-cheshire-east-2026-03-20-audit-and-governance-commi-131505-appendix-1-for-treasury-management-strat.pdf	http://moderngov.cheshireeast.gov.uk/ecminutes/documents/s131505/appendix-1-for-treasury-management-strategy.pdf	Cheshire East	Appendix 1 for Treasury Management Strategy	high
E06000046-isle-of-wight-2026-06-17-isle-of-wight-pension-fund-22813-6a-appendix-1-treasury-management-strate.pdf	https://IOW.moderngov.co.uk/documents/s22813/6a-appendix-1-treasury-management-strategy.pdf	Isle of Wight	6a. Appendix 1 - Treasury Management Strategy	high
E06000049-cheshire-east-2026-07-30-corporate-governance-overv-134924-final-outturn-2025-26cabinet-and-committ.pdf	http://moderngov.cheshireeast.gov.uk/ecminutes/documents/s134924/final-outturn-2025-26cabinet-and-committee-report-template.pdf	Cheshire East	Final Outturn 2025/26Cabinet and Committee Report Template	high
E06000049-cheshire-east-2026-07-30-corporate-governance-overv-134925-appendix-1-for-final-outturn-2025-26.pdf	http://moderngov.cheshireeast.gov.uk/ecminutes/documents/s134925/appendix-1-for-final-outturn-2025-26.pdf	Cheshire East	Appendix 1 for Final Outturn 2025/26	high
E06000049-cheshire-east-2026-07-30-corporate-governance-overv-134926-appendix-2-for-final-outturn-2025-26.pdf	http://moderngov.cheshireeast.gov.uk/ecminutes/documents/s134926/appendix-2-for-final-outturn-2025-26.pdf	Cheshire East	Appendix 2 for Final Outturn 2025/26	high
E06000049-cheshire-east-2026-07-30-corporate-governance-overv-134927-appendix-3-for-final-outturn-2025-26.pdf	http://moderngov.cheshireeast.gov.uk/ecminutes/documents/s134927/appendix-3-for-final-outturn-2025-26.pdf	Cheshire East	Appendix 3 for Final Outturn 2025/26	high
E07000038-north-east-derbyshire-2026-07-30-cabinet-26523-report-cabinet-final-outturn-2025-26-and.pdf	https://ne-derbyshire.moderngov.co.uk/documents/s26523/report-cabinet-final-outturn-2025-26-and-apps-1-4.pdf	North East Derbyshire	Report Cabinet - Final Outturn 2025-26 and Apps 1 - 4	high
E07000038-north-east-derbyshire-2026-07-30-cabinet-26521-report-cabinet-outturn-tm-2025-26-apps-1.pdf	https://ne-derbyshire.moderngov.co.uk/documents/s26521/report-cabinet-outturn-tm-2025-26-apps-1-2.pdf	North East Derbyshire	Report - Cabinet Outturn TM 2025-26 & Apps 1-2	high
E06000003-redcar-and-cleveland-2026-07-30-borough-council-11799-cabinet-report-to-borough-council-financ.pdf	https://RCBC.moderngov.co.uk/documents/s11799/cabinet-report-to-borough-council-financial-outturn-report-2.pdf	Redcar and Cleveland	Cabinet Report to Borough Council Financial Outturn Report 2025-26	high
E06000064-westmorland-and-furnes-2026-07-30-council-52557-wfc-30-07-capital-programme-update-treas.pdf	https://WestmorlandandFurness.moderngov.co.uk/documents/s52557/wfc-30-07-capital-programme-update-treasury-management-2025.pdf	Westmorland and Furness	WFC 30/07 Capital Programme Update & Treasury Management 2025/26 Outturn Report	high
E06000064-westmorland-and-furnes-2026-07-30-council-52560-appendix-2-capital-programme-slippage-at.pdf	https://WestmorlandandFurness.moderngov.co.uk/documents/s52560/appendix-2-capital-programme-slippage-at-outturn-2025-26.pdf	Westmorland and Furness	Appendix 2 - Capital Programme Slippage at Outturn 2025-26	high
E06000064-westmorland-and-furnes-2026-07-30-council-52561-appendix-3-capital-programme-accelerated.pdf	https://WestmorlandandFurness.moderngov.co.uk/documents/s52561/appendix-3-capital-programme-accelerated-spend-at-outturn-20.pdf	Westmorland and Furness	Appendix 3 - Capital Programme Accelerated Spend at Outturn 2025-26	high
E06000064-westmorland-and-furnes-2026-07-30-council-52558-appendix-4-treasury-management-outturn-r.pdf	https://WestmorlandandFurness.moderngov.co.uk/documents/s52558/appendix-4-treasury-management-outturn-report-2025-26.pdf	Westmorland and Furness	Appendix 4 - Treasury Management Outturn Report 2025-26	high
E08000036-wakefield-2026-07-29-council-138268-tm-outturn-report-2025-26.pdf	https://mg.wakefield.gov.uk/documents/s138268/tm-outturn-report-2025-26.pdf	Wakefield	TM Outturn Report 2025-26	high
E08000036-wakefield-2026-07-29-council-138269-tm-outturn-report-2025-26-v6-appendix.pdf	https://mg.wakefield.gov.uk/documents/s138269/tm-outturn-report-2025-26-v6-appendix.pdf	Wakefield	TM Outturn Report 2025-26 V6 Appendix	high
E07000038-north-east-derbyshire-2026-07-28-services-scrutiny-committe-26499-report-scrutiny-outturn-report-2025-26.pdf	https://ne-derbyshire.moderngov.co.uk/documents/s26499/report-scrutiny-outturn-report-2025-26.pdf	North East Derbyshire	Report Scrutiny - Outturn Report 2025-26	high
E07000038-north-east-derbyshire-2026-07-28-services-scrutiny-committe-26500-appendix-1-report-cabinet-final-outturn.pdf	https://ne-derbyshire.moderngov.co.uk/documents/s26500/appendix-1-report-cabinet-final-outturn-2025-26-and-apps-1-4.pdf	North East Derbyshire	Appendix 1 - Report Cabinet - Final Outturn 2025-26 and Apps 1 - 4	high
E07000033-bolsover-2026-07-27-executive-34194-outturn-report-202526-executive-new.pdf	https://committees.bolsover.gov.uk/documents/s34194/outturn-report-202526-executive-new.pdf	Bolsover	Outturn report 202526 Executive New	high
E07000033-bolsover-2026-07-27-executive-34147-outturn-app-1-g-f-summary-25-26.pdf	https://committees.bolsover.gov.uk/documents/s34147/outturn-app-1-g-f-summary-25-26.pdf	Bolsover	Outturn App 1 G F Summary 25 26	high
E07000033-bolsover-2026-07-27-executive-34106-outturn-app-2-gf-detail-25-26.pdf	https://committees.bolsover.gov.uk/documents/s34106/outturn-app-2-gf-detail-25-26.pdf	Bolsover	Outturn App 2 GF detail 25 26	high
E07000033-bolsover-2026-07-27-executive-34148-outturn-app-3-hra-25-26.pdf	https://committees.bolsover.gov.uk/documents/s34148/outturn-app-3-hra-25-26.pdf	Bolsover	Outturn App 3 HRA 25-26	high
E07000033-bolsover-2026-07-27-executive-34149-outturn-app-4-hra-detail-25-26.pdf	https://committees.bolsover.gov.uk/documents/s34149/outturn-app-4-hra-detail-25-26.pdf	Bolsover	Outturn App 4 HRA detail 25-26	high
E07000033-bolsover-2026-07-27-executive-34150-outturn-app-5-capital.pdf	https://committees.bolsover.gov.uk/documents/s34150/outturn-app-5-capital.pdf	Bolsover	Outturn App 5 Capital	high
E07000033-bolsover-2026-07-27-executive-34151-outturn-app-6-tm.pdf	https://committees.bolsover.gov.uk/documents/s34151/outturn-app-6-tm.pdf	Bolsover	Outturn App 6 TM	high
E07000033-bolsover-2026-07-27-executive-34152-outturn-appendix-7-reserves.pdf	https://committees.bolsover.gov.uk/documents/s34152/outturn-appendix-7-reserves.pdf	Bolsover	Outturn Appendix 7 reserves	high
E06000049-cheshire-east-2026-07-27-audit-and-governance-commi-134847-final-outturn-and-draft-statement-of-acc.pdf	http://moderngov.cheshireeast.gov.uk/ecminutes/documents/s134847/final-outturn-and-draft-statement-of-accounts-2025-26-audit.pdf	Cheshire East	Final Outturn and Draft Statement of Accounts 2025/26 (Audit & Governance)Cabinet and Committee Report Template	high
E07000038-north-east-derbyshire-2026-07-27-audit-committee-26463-report-audit-committee-outturn-treasury.pdf	https://ne-derbyshire.moderngov.co.uk/documents/s26463/report-audit-committee-outturn-treasury-management-2025-26.pdf	North East Derbyshire	Report - Audit Committee Outturn Treasury Management 2025-26	high
E07000038-north-east-derbyshire-2026-07-27-audit-committee-26478-appendix-1-report-cabinet-outturn-tm-202.pdf	https://ne-derbyshire.moderngov.co.uk/documents/s26478/appendix-1-report-cabinet-outturn-tm-2025-26-apps-1-2.pdf	North East Derbyshire	Appendix 1 - Report - Cabinet Outturn TM 2025-26 & Apps 1-2	high
E07000033-bolsover-2026-07-23-finance-and-corporate-over-34090-outturn-report-202526-fcosc.pdf	https://committees.bolsover.gov.uk/documents/s34090/outturn-report-202526-fcosc.pdf	Bolsover	Outturn report 202526 FCOSC	high
E06000017-rutland-2026-07-23-strategic-overview-and-scr-32883-report-no-57-2026-2025-26-financial-outt.pdf	https://RutlandCounty.moderngov.co.uk/documents/s32883/report-no-57-2026-2025-26-financial-outturn-report-09-06-202.pdf	Rutland	Report No. 57.2026 - 2025-26 Financial Outturn Report, 09/06/2026 Cabinet	high
E06000041-wokingham-2026-07-23-council-86429-treasury-management-202526-outturn-draft.pdf	https://wokingham.moderngov.co.uk/documents/s86429/treasury-management-202526-outturn-draft-for-clt-25-06-2026.pdf	Wokingham	Treasury Management 202526 - Outturn - draft for CLT, 25/06/2026 Executive, 07/07/2026 Executive Briefing	high
E06000014-york-2026-07-22-audit-and-governance-commi-194758-outturn-a-g-covering-report.pdf	https://democracy.york.gov.uk/documents/s194758/outturn-a-g-covering-report.pdf	York	Outturn A&G covering report	high
E06000014-york-2026-07-22-audit-and-governance-commi-194759-treasury-management-2025-26-outturn-v2.pdf	https://democracy.york.gov.uk/documents/s194759/treasury-management-2025-26-outturn-v2.pdf	York	Treasury Management 2025-26 Outturn (v2)	high
E08000036-wakefield-2026-07-21-cabinet-138142-tm-outturn-report-2025-26-cabinet.pdf	https://mg.wakefield.gov.uk/documents/s138142/tm-outturn-report-2025-26-cabinet.pdf	Wakefield	TM Outturn Report 2025-26 Cabinet	high
E08000036-wakefield-2026-07-21-cabinet-138143-tm-outturn-report-2025-26-v6-appendix.pdf	https://mg.wakefield.gov.uk/documents/s138143/tm-outturn-report-2025-26-v6-appendix.pdf	Wakefield	TM Outturn Report 2025-26 V6 Appendix	high
E07000064-rother-2026-07-20-audit-committee-16041-treasury-management-update-outturn-2025.pdf	http://Rother.moderngov.co.uk/documents/s16041/treasury-management-update-outturn-2025-26.pdf	Rother	Treasury Management Update - Outturn 2025/26	high
E06000060-buckinghamshire-2026-07-16-finance-resources-select-c-122303-report-for-budget-management-outturn-202.pdf	https://Buckinghamshire.moderngov.co.uk/documents/s122303/report-for-budget-management-outturn-2025-26-09-06-2026-cabi.pdf	Buckinghamshire	Report for Budget Management - Outturn 2025-26, 09/06/2026 Cabinet	high
E06000060-buckinghamshire-2026-07-16-finance-resources-select-c-122304-appendix-1-for-budget-management-outturn.pdf	https://Buckinghamshire.moderngov.co.uk/documents/s122304/appendix-1-for-budget-management-outturn-2025-26-09-06-2026.pdf	Buckinghamshire	Appendix 1 for Budget Management - Outturn 2025-26, 09/06/2026 Cabinet	high
E06000060-buckinghamshire-2026-07-16-finance-resources-select-c-122305-appendix-2-for-budget-management-outturn.pdf	https://Buckinghamshire.moderngov.co.uk/documents/s122305/appendix-2-for-budget-management-outturn-2025-26-09-06-2026.pdf	Buckinghamshire	Appendix 2 for Budget Management - Outturn 2025-26, 09/06/2026 Cabinet	high
E06000051-shropshire-2026-07-16-council-45064-financial-outturn-2025-26.pdf	https://shropshire.gov.uk/committee-services/documents/s45064/financial-outturn-2025-26.pdf	Shropshire	Financial Outturn 2025.26	high
E06000051-shropshire-2026-07-16-council-45057-20260706-appendix-a-borrowing-strategy-a.pdf	https://shropshire.gov.uk/committee-services/documents/s45057/20260706-appendix-a-borrowing-strategy-and-outturn-2025-26.pdf	Shropshire	20260706 APPENDIX A - Borrowing Strategy and Outturn 2025-26	high
E06000051-shropshire-2026-07-16-council-45058-20260706-appendix-b-investment-strategy.pdf	https://shropshire.gov.uk/committee-services/documents/s45058/20260706-appendix-b-investment-strategy-and-outturn-2025-26.pdf	Shropshire	20260706 APPENDIX B - Investment Strategy and Outturn 2025-26	high
E06000020-telford-and-wrekin-2026-07-16-full-council-31556-2025-26-financial-outturn-report.pdf	https://democracy.telford.gov.uk/documents/s31556/2025-26-financial-outturn-report.pdf	Telford and Wrekin	2025/26 Financial Outturn Report	high
E06000020-telford-and-wrekin-2026-07-16-full-council-31557-appendix-1-for-2025-26-financial-outturn.pdf	https://democracy.telford.gov.uk/documents/s31557/appendix-1-for-2025-26-financial-outturn-report.pdf	Telford and Wrekin	Appendix 1 for 2025/26 Financial Outturn Report	high
E06000020-telford-and-wrekin-2026-07-16-full-council-31764-appendix-2-for-2025-26-financial-outturn.pdf	https://democracy.telford.gov.uk/documents/s31764/appendix-2-for-2025-26-financial-outturn-report.pdf	Telford and Wrekin	Appendix 2 for 2025/26 Financial Outturn Report	high
E06000055-bedford-2026-07-15-executive-81408-item-13-general-fund-budget-and-capital.pdf	https://councillorsupport.bedford.gov.uk/documents/s81408/item-13-general-fund-budget-and-capital-budget-outturn.pdf	Bedford	Item 13 General Fund Budget and Capital Budget Outturn	high
E07000034-chesterfield-2026-07-15-council-56859-outturn-report-2025-26-final.pdf	https://chesterfield.moderngov.co.uk/documents/s56859/outturn-report-2025-26-final.pdf	Chesterfield	Outturn Report 2025-26 FINAL	high
E06000060-buckinghamshire-2026-07-15-bmkfa-executive-committee-122037-item-8-budget-monitoring-report-2025-26.pdf	https://Buckinghamshire.moderngov.co.uk/documents/s122037/item-8-budget-monitoring-report-2025-26-outturn-cover-paper.pdf	Buckinghamshire	ITEM 8_Budget Monitoring Report 2025-26 Outturn (Cover Paper)	high
E06000060-buckinghamshire-2026-07-15-bmkfa-executive-committee-122038-item-8a-appendices-a-b-budget-monitoring.pdf	https://Buckinghamshire.moderngov.co.uk/documents/s122038/item-8a-appendices-a-b-budget-monitoring-report-2025-26-outt.pdf	Buckinghamshire	ITEM 8a_Appendices A&B_Budget Monitoring Report 2025-26 Outturn v3 CRMP	high
E06000051-shropshire-2026-07-15-audit-governance-committee-45065-financial-outturn-2025-26.pdf	https://shropshire.gov.uk/committee-services/documents/s45065/financial-outturn-2025-26.pdf	Shropshire	Financial Outturn 2025.26	high
E06000051-shropshire-2026-07-15-audit-governance-committee-45068-20260706-appendix-a-borrowing-strategy-a.pdf	https://shropshire.gov.uk/committee-services/documents/s45068/20260706-appendix-a-borrowing-strategy-and-outturn-2025-26.pdf	Shropshire	20260706 APPENDIX A - Borrowing Strategy and Outturn 2025-26	high
E06000051-shropshire-2026-07-15-audit-governance-committee-45069-20260706-appendix-b-investment-strategy.pdf	https://shropshire.gov.uk/committee-services/documents/s45069/20260706-appendix-b-investment-strategy-and-outturn-2025-26.pdf	Shropshire	20260706 APPENDIX B - Investment Strategy and Outturn 2025-26	high
E06000066-somerset-2026-07-15-full-council-68359-annual-treasury-management-year-end-repo.pdf	https://Somerset.moderngov.co.uk/documents/s68359/annual-treasury-management-year-end-report-2025-26.pdf	Somerset	Annual Treasury Management Year-End Report 2025-26	high
E06000020-telford-and-wrekin-2026-07-15-audit-committee-31728-appendix-1-for-treasury-management-2025.pdf	https://democracy.telford.gov.uk/documents/s31728/appendix-1-for-treasury-management-2025-26-outturn-report-20.pdf	Telford and Wrekin	Appendix 1 for Treasury Management - 2025/26 Outturn Report & 2026/27 Update Report	high
E06000020-telford-and-wrekin-2026-07-15-audit-committee-31729-appendix-2-for-treasury-management-2025.pdf	https://democracy.telford.gov.uk/documents/s31729/appendix-2-for-treasury-management-2025-26-outturn-report-20.pdf	Telford and Wrekin	Appendix 2 for Treasury Management - 2025/26 Outturn Report & 2026/27 Update Report	high
E06000020-telford-and-wrekin-2026-07-15-audit-committee-31730-appendix-3-for-treasury-management-2025.pdf	https://democracy.telford.gov.uk/documents/s31730/appendix-3-for-treasury-management-2025-26-outturn-report-20.pdf	Telford and Wrekin	Appendix 3 for Treasury Management - 2025/26 Outturn Report & 2026/27 Update Report	high
E06000034-thurrock-2026-07-15-cabinet-53320-q4-financial-outturn-2025-26.pdf	https://democracy.thurrock.gov.uk/documents/s53320/q4-financial-outturn-2025-26.pdf	Thurrock	Q4 Financial Outturn 2025/26	high
E06000036-bracknell-forest-2026-07-14-cabinet-222693-capital-outturn.pdf	https://democratic.Bracknell-forest.gov.uk/documents/s222693/capital-outturn.pdf	Bracknell Forest	Capital Outturn	high
E06000036-bracknell-forest-2026-07-14-cabinet-222694-revenue-outturn.pdf	https://democratic.Bracknell-forest.gov.uk/documents/s222694/revenue-outturn.pdf	Bracknell Forest	Revenue Outturn	high
E06000036-bracknell-forest-2026-07-14-cabinet-222533-capital-monitoring-report-outturn-25-26.pdf	https://democratic.Bracknell-forest.gov.uk/documents/s222533/capital-monitoring-report-outturn-25-26-final-v2-1.pdf	Bracknell Forest	Capital Monitoring Report Outturn 25-26 FINAL v2.1	high
E06000036-bracknell-forest-2026-07-14-cabinet-222535-2025-26-revenue-outturn-report-final.pdf	https://democratic.Bracknell-forest.gov.uk/documents/s222535/2025-26-revenue-outturn-report-final.pdf	Bracknell Forest	2025-26 revenue outturn report FINAL	high
E06000036-bracknell-forest-2026-07-14-cabinet-222536-revenue-outturn-annexes.pdf	https://democratic.Bracknell-forest.gov.uk/documents/s222536/revenue-outturn-annexes.pdf	Bracknell Forest	Revenue outturn annexes	high
E07000034-chesterfield-2026-07-14-cabinet-56846-outturn-report-2025-26-final.pdf	https://chesterfield.moderngov.co.uk/documents/s56846/outturn-report-2025-26-final.pdf	Chesterfield	Outturn Report 2025-26 FINAL	high
E06000003-redcar-and-cleveland-2026-07-14-cabinet-11625-2025-26-outturn-cabinet-report-cabinet-f.pdf	https://RCBC.moderngov.co.uk/documents/s11625/2025-26-outturn-cabinet-report-cabinet-final.pdf	Redcar and Cleveland	2025-26 Outturn Cabinet Report - Cabinet (final)	high
E10000034-worcestershire-2026-07-14-corporate-and-communities-61374-05-item-6-appendix-2-budget-monitoring-p.pdf	http://worcestershire.moderngov.co.uk/documents/s61374/05-item-6-appendix-2-budget-monitoring-presentation-slides-f.pdf	Worcestershire	05 Item 6 Appendix 2 Budget Monitoring Presentation Slides for Year-End Draft Outturn 202526	high
E07000098-hertsmere-2026-07-13-cabinet-72943-20260713cab-cab26127-revenue-and-capital.pdf	https://Hertsmere.moderngov.co.uk/documents/s72943/20260713cab-cab26127-revenue-and-capital-outturn-2025-26.pdf	Hertsmere	20260713CAB-CAB26127- Revenue and Capital Outturn 2025-26	high
E07000098-hertsmere-2026-07-13-cabinet-72944-20260713cab-cab26127-app1-2025-26-genera.pdf	https://Hertsmere.moderngov.co.uk/documents/s72944/20260713cab-cab26127-app1-2025-26-general-fund-revenue-outtu.pdf	Hertsmere	20260713CAB-CAB26127-App1 2025-26 General Fund Revenue Outturn	high
E07000098-hertsmere-2026-07-13-cabinet-72945-20260713cab-cab26127-app2-2025-26-capita.pdf	https://Hertsmere.moderngov.co.uk/documents/s72945/20260713cab-cab26127-app2-2025-26-capital-programme-outturn.pdf	Hertsmere	20260713CAB-CAB26127-App2-2025-26 Capital Programme Outturn	high
E10000034-worcestershire-2026-07-13-adult-care-and-well-being-61356-appx-2-adult-scrutiny-outturn-2025-26.pdf	http://worcestershire.moderngov.co.uk/documents/s61356/appx-2-adult-scrutiny-outturn-2025-26.pdf	Worcestershire	Appx 2 Adult Scrutiny Outturn 2025-26	high
E09000033-westminster-2026-07-13-cabinet-73048-revenue-and-capital-outturn-and-statemen.pdf	https://committees.westminster.gov.uk/documents/s73048/revenue-and-capital-outturn-and-statement-of-accounts-2025-2.pdf	Westminster	Revenue and Capital Outturn and Statement of Accounts 2025/26	high
E07000012-south-cambridgeshire-2026-07-09-audit-and-corporate-govern-143644-tm-outturn-performance-2025-26.pdf	https://scambs.moderngov.co.uk/documents/s143644/tm-outturn-performance-2025-26.pdf	South Cambridgeshire	TM Outturn & Performance 2025-26	high
E06000051-shropshire-2026-07-08-cabinet-44937-20260706-appendix-b-investment-strategy.pdf	https://shropshire.gov.uk/committee-services/documents/s44937/20260706-appendix-b-investment-strategy-and-outturn-2025-26.pdf	Shropshire	20260706 APPENDIX B - Investment Strategy and Outturn 2025-26	high
E09000007-camden-2026-07-07-audit-and-corporate-govern-134010-annual-treasury-management-outturn-repor.pdf	https://Camden.moderngov.co.uk/documents/s134010/annual-treasury-management-outturn-report.pdf	Camden	Annual Treasury Management Outturn Report	high
E06000003-redcar-and-cleveland-2026-07-07-children-families-scrutiny-11640-finance-report-childrens-summary-outturn.pdf	https://RCBC.moderngov.co.uk/documents/s11640/finance-report-childrens-summary-outturn-2025-2026.pdf	Redcar and Cleveland	Finance report childrens summary Outturn 2025 2026	high
E06000014-york-2026-07-07-executive-194426-item-7-2025-26-finance-and-performance-o.pdf	https://democracy.york.gov.uk/documents/s194426/item-7-2025-26-finance-and-performance-outturn.pdf	York	Item 7 - 2025-26 Finance and Performance Outturn	high
E06000014-york-2026-07-07-executive-194427-item-7-2025-26-finance-and-performance-o.pdf	https://democracy.york.gov.uk/documents/s194427/item-7-2025-26-finance-and-performance-outturn-annex-1.pdf	York	Item 7 - 2025-26 Finance and Performance Outturn - Annex 1	high
E06000014-york-2026-07-07-executive-194428-item-7-2025-26-finance-and-performance-o.pdf	https://democracy.york.gov.uk/documents/s194428/item-7-2025-26-finance-and-performance-outturn-annex-2.pdf	York	Item 7 - 2025-26 Finance and Performance Outturn - Annex 2	high
E06000014-york-2026-07-07-executive-194429-item-7-2025-25-finance-and-performance-o.pdf	https://democracy.york.gov.uk/documents/s194429/item-7-2025-25-finance-and-performance-outturn-annex-3.pdf	York	Item 7 - 2025-25 Finance and Performance Outturn - Annex 3	high
E06000014-york-2026-07-07-executive-194466-item-9-capital-programme-outturn-2025-26.pdf	https://democracy.york.gov.uk/documents/s194466/item-9-capital-programme-outturn-2025-26-and-revisions-to-th.pdf	York	Item 9 - Capital Programme Outturn 2025-26 and Revisions to the 2026-27 – 2029-30 Programme	high
E06000014-york-2026-07-07-executive-194468-item-9-capital-programme-outturn-2025-26.pdf	https://democracy.york.gov.uk/documents/s194468/item-9-capital-programme-outturn-2025-26-and-revisions-to-th.pdf	York	Item 9 - Capital Programme Outturn 2025-26 and Revisions to the 2026-27 – 2029-30 Programme - Annex 1	high
E06000019-herefordshire-2026-07-06-scrutiny-management-board-50134523-2025-26-revenue-outturn.pdf	https://councillors.herefordshire.gov.uk/documents/s50134523/2025-26-revenue-outturn.pdf	Herefordshire	2025-26 revenue outturn	high
E06000019-herefordshire-2026-07-06-scrutiny-management-board-50134524-2025-26-savings-outturn.pdf	https://councillors.herefordshire.gov.uk/documents/s50134524/2025-26-savings-outturn.pdf	Herefordshire	2025-26 savings outturn	high
E06000019-herefordshire-2026-07-06-scrutiny-management-board-50134525-2025-2026-capital-outturn.pdf	https://councillors.herefordshire.gov.uk/documents/s50134525/2025-2026-capital-outturn.pdf	Herefordshire	2025-2026 capital outturn	high
E10000034-worcestershire-2026-07-06-economy-overview-and-scrut-61297-06b-app-2-economy-scrutiny-outturn-2025.pdf	http://worcestershire.moderngov.co.uk/documents/s61297/06b-app-2-economy-scrutiny-outturn-2025-26.pdf	Worcestershire	06b App 2 Economy Scrutiny Outturn 2025-26	high
E10000034-worcestershire-2026-07-06-environment-overview-and-s-61283-item-7b-environment-scrutiny-outturn-202.pdf	http://worcestershire.moderngov.co.uk/documents/s61283/item-7b-environment-scrutiny-outturn-2025-26.pdf	Worcestershire	item 7b Environment Scrutiny Outturn 2025-26	high
E06000049-cheshire-east-2026-07-02-cabinet-134153-final-outturn-202526-cabinet-decision-re.pdf	http://moderngov.cheshireeast.gov.uk/ecminutes/documents/s134153/final-outturn-202526-cabinet-decision-report-cb-002.pdf	Cheshire East	Final Outturn 202526 Cabinet Decision Report - CB (002)	high
E06000049-cheshire-east-2026-07-02-cabinet-133812-annex-1-for-final-outturn-2025-26-cabine.pdf	http://moderngov.cheshireeast.gov.uk/ecminutes/documents/s133812/annex-1-for-final-outturn-2025-26-cabinet.pdf	Cheshire East	Annex 1 for Final Outturn 2025/26 (Cabinet)	high
E06000049-cheshire-east-2026-07-02-cabinet-133813-annex-2-for-final-outturn-2025-26-cabine.pdf	http://moderngov.cheshireeast.gov.uk/ecminutes/documents/s133813/annex-2-for-final-outturn-2025-26-cabinet.pdf	Cheshire East	Annex 2 for Final Outturn 2025/26 (Cabinet)	high
E06000049-cheshire-east-2026-07-02-cabinet-133814-annex-3-for-final-outturn-2025-26-cabine.pdf	http://moderngov.cheshireeast.gov.uk/ecminutes/documents/s133814/annex-3-for-final-outturn-2025-26-cabinet.pdf	Cheshire East	Annex 3 for Final Outturn 2025/26 (Cabinet)	high
E10000034-worcestershire-2026-07-02-children-and-families-over-61262-11-item-7-app-2-c-f-scrutiny-outturn-202.pdf	http://worcestershire.moderngov.co.uk/documents/s61262/11-item-7-app-2-c-f-scrutiny-outturn-2025-26.pdf	Worcestershire	11 Item 7 App 2 C&F Scrutiny Outturn 2025-26	high
E06000037-west-berkshire-2026-07-02-executive-145442-7-executive-financial-performance-report.pdf	http://decisionmaking.westberks.gov.uk/documents/s145442/7-executive-financial-performance-report-2025-26-outturn-fin.pdf	West Berkshire	7. Executive - Financial Performance Report 2025_26 Outturn - Final	high
E06000066-somerset-2026-07-01-executive-68068-annual-treasury-year-end-report-2025-26.pdf	https://Somerset.moderngov.co.uk/documents/s68068/annual-treasury-year-end-report-2025-26.pdf	Somerset	Annual Treasury Year-End Report 2025-26	high
E09000033-westminster-2026-06-30-audit-and-performance-comm-72698-outturn-report-25-26.pdf	https://committees.westminster.gov.uk/documents/s72698/outturn-report-25-26.pdf	Westminster	Outturn Report 25-26	high
E06000061-north-northamptonshire-2026-06-29-corporate-scrutiny-committ-38349-agenda-item-04-appendix-a1-finance-and-p.pdf	https://NorthNorthants.moderngov.co.uk/documents/s38349/agenda-item-04-appendix-a1-finance-and-performance-report-20.pdf	North Northamptonshire	Agenda Item 04 - Appendix A1 - Finance and Performance Report 2025-26 Draft Outturn	high
E06000061-north-northamptonshire-2026-06-29-corporate-scrutiny-committ-38350-agenda-item-04-appendix-a2-finance-activ.pdf	https://NorthNorthants.moderngov.co.uk/documents/s38350/agenda-item-04-appendix-a2-finance-activity-draft-outturn.pdf	North Northamptonshire	Agenda Item 04 - Appendix A2 - Finance Activity Draft Outturn	high
E06000061-north-northamptonshire-2026-06-29-corporate-scrutiny-committ-38353-agenda-item-04-appendix-d-capital-outtur.pdf	https://NorthNorthants.moderngov.co.uk/documents/s38353/agenda-item-04-appendix-d-capital-outturn-2025-26.pdf	North Northamptonshire	Agenda Item 04 - Appendix D - Capital Outturn 2025-26	high
E08000036-wakefield-2026-06-29-audit-committee-137829-6a-tm-outturn-report-2025-26-v6-appendix.pdf	https://mg.wakefield.gov.uk/documents/s137829/6a-tm-outturn-report-2025-26-v6-appendix.pdf	Wakefield	6a - TM Outturn Report 2025-26 V6 Appendix	high
E06000037-west-berkshire-2026-06-29-resources-and-place-scruti-145470-7-executive-financial-performance-report.pdf	http://decisionmaking.westberks.gov.uk/documents/s145470/7-executive-financial-performance-report-2025-26-outturn-fin.pdf	West Berkshire	7. Executive - Financial Performance Report 2025_26 Outturn - Final	high
E06000041-wokingham-2026-06-25-executive-85799-revenue-monitoring-outturn-2025-26.pdf	https://wokingham.moderngov.co.uk/documents/s85799/revenue-monitoring-outturn-2025-26.pdf	Wokingham	Revenue Monitoring Outturn 2025/26	high
E06000041-wokingham-2026-06-25-executive-85805-capital-monitoring-2025-26-outturn.pdf	https://wokingham.moderngov.co.uk/documents/s85805/capital-monitoring-2025-26-outturn.pdf	Wokingham	Capital Monitoring 2025/26 - Outturn	high
E06000041-wokingham-2026-06-25-executive-85806-appendix-a-capital-outturn-summary.pdf	https://wokingham.moderngov.co.uk/documents/s85806/appendix-a-capital-outturn-summary.pdf	Wokingham	Appendix A - Capital Outturn Summary	high
E06000041-wokingham-2026-06-25-executive-85808-treasury-management-202526-outturn-draft.pdf	https://wokingham.moderngov.co.uk/documents/s85808/treasury-management-202526-outturn-draft-for-clt.pdf	Wokingham	Treasury Management 202526 - Outturn - draft for CLT	high
E06000058-bournemouth-christchur-2026-06-24-cabinet-66636-financial-outturn-2025-26.pdf	https://bcpcouncil.moderngov.co.uk/documents/s66636/financial-outturn-2025-26.pdf	Bournemouth, Christchurch and Poole	Financial Outturn 2025/26	high
E06000058-bournemouth-christchur-2026-06-24-cabinet-66637-appendix-a1-budget-variances-at-outturn.pdf	https://bcpcouncil.moderngov.co.uk/documents/s66637/appendix-a1-budget-variances-at-outturn-2025-26.pdf	Bournemouth, Christchurch and Poole	Appendix A1 Budget Variances at Outturn 2025/26	high
E06000058-bournemouth-christchur-2026-06-24-cabinet-66638-appendix-a2-summary-financial-outturn-20.pdf	https://bcpcouncil.moderngov.co.uk/documents/s66638/appendix-a2-summary-financial-outturn-2025-26.pdf	Bournemouth, Christchurch and Poole	Appendix A2 Summary Financial Outturn 2025/26	high
E06000058-bournemouth-christchur-2026-06-24-cabinet-66639-appendix-a3-savings-outturn-2025-26.pdf	https://bcpcouncil.moderngov.co.uk/documents/s66639/appendix-a3-savings-outturn-2025-26.pdf	Bournemouth, Christchurch and Poole	Appendix A3 Savings Outturn 2025/26	high
E06000058-bournemouth-christchur-2026-06-24-cabinet-66642-appendix-c1-capital-programme-summary-ou.pdf	https://bcpcouncil.moderngov.co.uk/documents/s66642/appendix-c1-capital-programme-summary-outturn-2025-26.pdf	Bournemouth, Christchurch and Poole	Appendix C1 Capital Programme Summary Outturn 2025/26	high
E06000058-bournemouth-christchur-2026-06-24-cabinet-66644-appendix-d-hra-revenue-and-capital-outtu.pdf	https://bcpcouncil.moderngov.co.uk/documents/s66644/appendix-d-hra-revenue-and-capital-outturn-2025-26.pdf	Bournemouth, Christchurch and Poole	Appendix D HRA Revenue and Capital Outturn 2025/26	high
E06000058-bournemouth-christchur-2026-06-24-cabinet-66861-appendix-e-company-outturns-2025-26.pdf	https://bcpcouncil.moderngov.co.uk/documents/s66861/appendix-e-company-outturns-2025-26.pdf	Bournemouth, Christchurch and Poole	Appendix E Company Outturns 2025/26	high
E06000035-medway-2026-06-24-audit-committee-90189-treasury-management-outturn-annual-repor.pdf	http://democracy.medway.gov.uk/documents/s90189/treasury-management-outturn-annual-report-2025-26.pdf	Medway	Treasury Management Outturn Annual Report 2025/26	high
E07000012-south-cambridgeshire-2026-06-23-cabinet-143497-general-fund-capital-outturn-2025-26.pdf	https://scambs.moderngov.co.uk/documents/s143497/general-fund-capital-outturn-2025-26.pdf	South Cambridgeshire	General Fund & Capital Outturn 2025-26	high
E07000012-south-cambridgeshire-2026-06-23-cabinet-143498-appendix-a-gf-revenue-outturn-summary-20.pdf	https://scambs.moderngov.co.uk/documents/s143498/appendix-a-gf-revenue-outturn-summary-2025-26.pdf	South Cambridgeshire	Appendix A - GF Revenue Outturn Summary 2025-26	high
E07000012-south-cambridgeshire-2026-06-23-cabinet-143500-appendix-c-gf-capital-programme-outturn.pdf	https://scambs.moderngov.co.uk/documents/s143500/appendix-c-gf-capital-programme-outturn-2025-26.pdf	South Cambridgeshire	Appendix C - GF Capital Programme Outturn 2025-26	high
E07000012-south-cambridgeshire-2026-06-23-cabinet-143471-hra-capital-outturn-2025-26.pdf	https://scambs.moderngov.co.uk/documents/s143471/hra-capital-outturn-2025-26.pdf	South Cambridgeshire	HRA & Capital Outturn 2025-26	high
E07000012-south-cambridgeshire-2026-06-23-cabinet-143472-appendix-a-hra-capital-programme-outturn.pdf	https://scambs.moderngov.co.uk/documents/s143472/appendix-a-hra-capital-programme-outturn-2025-26-2030-31.pdf	South Cambridgeshire	Appendix A - HRA Capital Programme Outturn 2025-26 - 2030-31	high
E06000039-slough-2026-06-22-cabinet-88576-2025-26-provisional-outturn-report.pdf	https://democracy.slough.gov.uk/documents/s88576/2025-26-provisional-outturn-report.pdf	Slough	2025-26 Provisional Outturn Report	high
E06000035-medway-2026-06-18-business-support-and-digit-90097-bsdo-s-18-06-2026-revenue-and-capital-ou.pdf	http://democracy.medway.gov.uk/documents/s90097/bsdo-s-18-06-2026-revenue-and-capital-outturn-and-annual-deb.pdf	Medway	BSDO&S 18 06 2026 - Revenue and Capital Outturn and Annual Debt Write Off Report 2025-26	high
E06000058-bournemouth-christchur-2026-06-15-overview-and-scrutiny-boar-66645-financial-outturn-2025-26.pdf	https://bcpcouncil.moderngov.co.uk/documents/s66645/financial-outturn-2025-26.pdf	Bournemouth, Christchurch and Poole	Financial Outturn 2025/26	high
E06000058-bournemouth-christchur-2026-06-15-overview-and-scrutiny-boar-66646-appendix-a1-budget-variances-at-outturn.pdf	https://bcpcouncil.moderngov.co.uk/documents/s66646/appendix-a1-budget-variances-at-outturn-2025-26.pdf	Bournemouth, Christchurch and Poole	Appendix A1 Budget Variances at Outturn 2025/26	high
E06000058-bournemouth-christchur-2026-06-15-overview-and-scrutiny-boar-66647-appendix-a2-summary-financial-outturn-20.pdf	https://bcpcouncil.moderngov.co.uk/documents/s66647/appendix-a2-summary-financial-outturn-2025-26.pdf	Bournemouth, Christchurch and Poole	Appendix A2 Summary Financial Outturn 2025/26	high
E06000058-bournemouth-christchur-2026-06-15-overview-and-scrutiny-boar-66648-appendix-a3-savings-outturn-2025-26.pdf	https://bcpcouncil.moderngov.co.uk/documents/s66648/appendix-a3-savings-outturn-2025-26.pdf	Bournemouth, Christchurch and Poole	Appendix A3 Savings Outturn 2025/26	high
E06000058-bournemouth-christchur-2026-06-15-overview-and-scrutiny-boar-66651-appendix-c1-capital-programme-summary-ou.pdf	https://bcpcouncil.moderngov.co.uk/documents/s66651/appendix-c1-capital-programme-summary-outturn-2025-26.pdf	Bournemouth, Christchurch and Poole	Appendix C1 Capital Programme Summary Outturn 2025/26	high
E06000058-bournemouth-christchur-2026-06-15-overview-and-scrutiny-boar-66653-appendix-d-hra-revenue-and-capital-outtu.pdf	https://bcpcouncil.moderngov.co.uk/documents/s66653/appendix-d-hra-revenue-and-capital-outturn-2025-26.pdf	Bournemouth, Christchurch and Poole	Appendix D HRA Revenue and Capital Outturn 2025/26	high
E06000058-bournemouth-christchur-2026-06-15-overview-and-scrutiny-boar-66756-appendix-e-company-outturns-2025-26.pdf	https://bcpcouncil.moderngov.co.uk/documents/s66756/appendix-e-company-outturns-2025-26.pdf	Bournemouth, Christchurch and Poole	Appendix E Company Outturns 2025/26	high
E07000064-rother-2026-06-15-cabinet-15794-budget-outturn-2025-26-revenue-and-capit.pdf	http://Rother.moderngov.co.uk/documents/s15794/budget-outturn-2025-26-revenue-and-capital-monitoring-and-fl.pdf	Rother	Budget Outturn 2025/26, Revenue and Capital Monitoring and Flexible Capital Receipts Policy	high
E07000064-rother-2026-06-15-cabinet-15795-appendix-a-revenue-outturn-summary-20252.pdf	http://Rother.moderngov.co.uk/documents/s15795/appendix-a-revenue-outturn-summary-202526.pdf	Rother	Appendix A Revenue Outturn Summary 202526	high
E07000064-rother-2026-06-15-cabinet-15796-appendix-b-capital-summary-2025-outturn.pdf	http://Rother.moderngov.co.uk/documents/s15796/appendix-b-capital-summary-2025-outturn.pdf	Rother	Appendix B Capital Summary 2025 Outturn	high
E07000064-rother-2026-06-15-cabinet-15822-performance-report-outturn-2025-26.pdf	http://Rother.moderngov.co.uk/documents/s15822/performance-report-outturn-2025-26.pdf	Rother	Performance Report: Outturn 2025/26	high
E06000033-southend-on-sea-2026-06-15-cabinet-71669-revenue-and-capital-outturn-report-2025.pdf	https://democracy.southend.gov.uk/documents/s71669/revenue-and-capital-outturn-report-2025-26-15-june-cabinet.pdf	Southend-on-Sea	Revenue and capital outturn report - 2025-26 - 15 June Cabinet	high
E06000020-telford-and-wrekin-2026-06-11-cabinet-31333-2025-26-financial-outturn-report.pdf	https://democracy.telford.gov.uk/documents/s31333/2025-26-financial-outturn-report.pdf	Telford and Wrekin	2025/26 Financial Outturn Report	high
E06000020-telford-and-wrekin-2026-06-11-cabinet-31350-appendix-1-for-202526-financial-outturn.pdf	https://democracy.telford.gov.uk/documents/s31350/appendix-1-for-202526-financial-outturn-report.pdf	Telford and Wrekin	Appendix 1 for 202526 Financial Outturn Report	high
E06000033-southend-on-sea-2026-06-11-policy-and-resources-overv-71673-revenue-and-capital-outturn-report-2025.pdf	https://democracy.southend.gov.uk/documents/s71673/revenue-and-capital-outturn-report-2025-26-15-june-cabinet.pdf	Southend-on-Sea	Revenue and capital outturn report - 2025-26 - 15 June Cabinet	high
E10000018-leicestershire-2026-06-10-scrutiny-commission-196550-provisional-outturn-2025-26-scrutiny-com.pdf	https://democracy.leics.gov.uk/documents/s196550/provisional-outturn-2025-26-scrutiny-commission-at-260526.pdf	Leicestershire	Provisional Outturn 2025-26 - Scrutiny Commission - at 260526	high
E10000018-leicestershire-2026-06-10-scrutiny-commission-196551-appendix-a-25-26-revenue-outturn-summary.pdf	https://democracy.leics.gov.uk/documents/s196551/appendix-a-25-26-revenue-outturn-summary.pdf	Leicestershire	Appendix A - 25-26 Revenue Outturn Summary	high
E06000051-shropshire-2026-06-10-cabinet-44687-financial-outturn-2025-26.pdf	https://shropshire.gov.uk/committee-services/documents/s44687/financial-outturn-2025-26.pdf	Shropshire	Financial Outturn 2025.26	high
E06000066-somerset-2026-06-10-scrutiny-committee-corpora-66943-2025-2026-general-fund-revenue-budget-mo.pdf	https://Somerset.moderngov.co.uk/documents/s66943/2025-2026-general-fund-revenue-budget-monitoring-report-outt.pdf	Somerset	2025/2026 General Fund Revenue Budget Monitoring Report Outturn – End of March 2026	high
E06000066-somerset-2026-06-10-scrutiny-committee-corpora-66947-annex-a-detailed-revenue-budget-monitori.pdf	https://Somerset.moderngov.co.uk/documents/s66947/annex-a-detailed-revenue-budget-monitoring-report-as-at-outt.pdf	Somerset	Annex A: Detailed Revenue Budget Monitoring Report as at Outturn	high
E06000066-somerset-2026-06-10-scrutiny-committee-corpora-66961-appendix-m-gf-capital-programme-outturn.pdf	https://Somerset.moderngov.co.uk/documents/s66961/appendix-m-gf-capital-programme-outturn-2025-2026.pdf	Somerset	Appendix M: GF Capital Programme Outturn 2025-2026	high
E06000066-somerset-2026-06-10-scrutiny-committee-corpora-66977-2025-2026-hra-revenue-and-capital-outtur.pdf	https://Somerset.moderngov.co.uk/documents/s66977/2025-2026-hra-revenue-and-capital-outturn-report.pdf	Somerset	2025-2026 HRA Revenue and Capital Outturn Report	high
E06000060-buckinghamshire-2026-06-09-cabinet-120513-report-for-budget-management-outturn-202.pdf	https://Buckinghamshire.moderngov.co.uk/documents/s120513/report-for-budget-management-outturn-2025-26.pdf	Buckinghamshire	Report for Budget Management - Outturn 2025-26	high
E06000060-buckinghamshire-2026-06-09-cabinet-120514-appendix-1-for-budget-management-outturn.pdf	https://Buckinghamshire.moderngov.co.uk/documents/s120514/appendix-1-for-budget-management-outturn-2025-26.pdf	Buckinghamshire	Appendix 1 for Budget Management - Outturn 2025-26	high
E06000060-buckinghamshire-2026-06-09-cabinet-120515-appendix-2-for-budget-management-outturn.pdf	https://Buckinghamshire.moderngov.co.uk/documents/s120515/appendix-2-for-budget-management-outturn-2025-26.pdf	Buckinghamshire	Appendix 2 for Budget Management - Outturn 2025-26	high
E06000061-north-northamptonshire-2026-06-09-executive-38030-finance-and-performance-report-205-26-dr.pdf	https://NorthNorthants.moderngov.co.uk/documents/s38030/finance-and-performance-report-205-26-draft-outturn.pdf	North Northamptonshire	Finance and Performance Report 205-26 Draft Outturn	high
E06000017-rutland-2026-06-09-cabinet-32711-report-no-57-2026-2025-26-financial-outt.pdf	https://RutlandCounty.moderngov.co.uk/documents/s32711/report-no-57-2026-2025-26-financial-outturn-report.pdf	Rutland	Report No. 57.2026 - 2025-26 Financial Outturn Report	high
E07000062-hastings-2026-06-08-cabinet-59243-2b202526-annual-treasury-management-outt.pdf	http://hastings.moderngov.co.uk/documents/s59243/2b202526-annual-treasury-management-outturn-report-draftv3.pdf	Hastings	2b202526 Annual Treasury Management Outturn Report DraftV3	high
E07000138-city-of-lincoln-2026-06-04-housing-scrutiny-sub-commi-80029-25-26-outturn-financial-performance-hssc.pdf	https://democratic.lincoln.gov.uk/documents/s80029/25-26-outturn-financial-performance-hssc.pdf	City of Lincoln	25.26 Outturn - Financial Performance - HSSC	high
E06000066-somerset-2026-06-03-executive-66732-2025-26-general-fund-revenue-budget-moni.pdf	https://Somerset.moderngov.co.uk/documents/s66732/2025-26-general-fund-revenue-budget-monitoring-report-outtur.pdf	Somerset	2025-26 General Fund Revenue Budget Monitoring Report – Outturn – End of March 2026	high
E06000066-somerset-2026-06-03-executive-66746-appendix-m-gf-capital-programme-outturn.pdf	https://Somerset.moderngov.co.uk/documents/s66746/appendix-m-gf-capital-programme-outturn-2025-26.pdf	Somerset	Appendix M - GF Capital Programme Outturn 2025-26	high
E06000066-somerset-2026-06-03-executive-66750-annex-a-detailed-revenue-budget-monitori.pdf	https://Somerset.moderngov.co.uk/documents/s66750/annex-a-detailed-revenue-budget-monitoring-report-as-at-outt.pdf	Somerset	Annex A - Detailed Revenue Budget Monitoring Report as at Outturn	high
E06000066-somerset-2026-06-03-executive-66751-2025-26-housing-revenue-account-hra-reve.pdf	https://Somerset.moderngov.co.uk/documents/s66751/2025-26-housing-revenue-account-hra-revenue-and-capital-budg.pdf	Somerset	2025-26 Housing Revenue Account (HRA) Revenue and Capital Budget Monitoring – Outturn 2025-26	high
E07000138-city-of-lincoln-2026-06-02-executive-79978-25-26-outturn-financial-performance-exec.pdf	https://democratic.lincoln.gov.uk/documents/s79978/25-26-outturn-financial-performance-exec.pdf	City of Lincoln	25/26 Outturn - Financial Performance - EXEC	high
E07000064-rother-2026-06-01-overview-and-scrutiny-comm-15727-performance-report-outturn-2025-26.pdf	http://Rother.moderngov.co.uk/documents/s15727/performance-report-outturn-2025-26.pdf	Rother	Performance Report: Outturn 2025/26	high
E07000064-rother-2026-06-01-overview-and-scrutiny-comm-15789-budget-outturn-2025-26-revenue-and-capit.pdf	http://Rother.moderngov.co.uk/documents/s15789/budget-outturn-2025-26-revenue-and-capital-monitoring-and-fl.pdf	Rother	Budget Outturn 2025/26, Revenue and Capital Monitoring and Flexible Capital Receipts Policy	high
E07000064-rother-2026-06-01-overview-and-scrutiny-comm-15790-appendix-a-revenue-outturn-summary-20252.pdf	http://Rother.moderngov.co.uk/documents/s15790/appendix-a-revenue-outturn-summary-202526.pdf	Rother	Appendix A Revenue Outturn Summary 202526	high
E07000064-rother-2026-06-01-overview-and-scrutiny-comm-15791-appendix-b-capital-summary-2025-outturn.pdf	http://Rother.moderngov.co.uk/documents/s15791/appendix-b-capital-summary-2025-outturn.pdf	Rother	Appendix B Capital Summary 2025 Outturn	high
E07000138-city-of-lincoln-2026-05-28-performance-scrutiny-commi-79886-25-26-outturn-financial-performance-psc.pdf	https://democratic.lincoln.gov.uk/documents/s79886/25-26-outturn-financial-performance-psc.pdf	City of Lincoln	25.26 Outturn - Financial Performance - PSC	high
E06000066-somerset-2026-05-28-audit-committee-66252-annual-treasury-year-end-report-2025-202.pdf	https://Somerset.moderngov.co.uk/documents/s66252/annual-treasury-year-end-report-2025-2026-and-appendix-1.pdf	Somerset	Annual Treasury Year End Report 2025-2026 and Appendix 1	high
E10000018-leicestershire-2026-05-26-cabinet-196296-provisional-outturn-2025-26-cabinet-at14.pdf	https://democracy.leics.gov.uk/documents/s196296/provisional-outturn-2025-26-cabinet-at140526-final-2-30pm.pdf	Leicestershire	Provisional Outturn 2025-26 - Cabinet at140526 - Final 2.30pm	high
E10000018-leicestershire-2026-05-26-cabinet-196273-appendix-a-25-26-revenue-outturn-summary.pdf	https://democracy.leics.gov.uk/documents/s196273/appendix-a-25-26-revenue-outturn-summary.pdf	Leicestershire	Appendix A - 25-26 Revenue Outturn Summary	high
E06000019-herefordshire-2026-05-21-cabinet-50133822-appendix-a-revenue-outturn.pdf	https://councillors.herefordshire.gov.uk/documents/s50133822/appendix-a-revenue-outturn.pdf	Herefordshire	Appendix A - Revenue outturn	high
E06000019-herefordshire-2026-05-21-cabinet-50133826-appendix-b-capital-outturn.pdf	https://councillors.herefordshire.gov.uk/documents/s50133826/appendix-b-capital-outturn.pdf	Herefordshire	Appendix B - Capital outturn	high
E06000019-herefordshire-2026-05-21-cabinet-50133824-appendix-c-treasury-management-outturn.pdf	https://councillors.herefordshire.gov.uk/documents/s50133824/appendix-c-treasury-management-outturn.pdf	Herefordshire	Appendix C - Treasury management outturn	high
E06000019-herefordshire-2026-04-13-scrutiny-management-board-50133064-appendix-a-revenue-outturn-summary-q3-20.pdf	https://councillors.herefordshire.gov.uk/documents/s50133064/appendix-a-revenue-outturn-summary-q3-202526.pdf	Herefordshire	Appendix A - Revenue Outturn Summary Q3 202526	high
E06000019-herefordshire-2026-03-26-cabinet-50132744-appendix-a-revenue-outturn.pdf	https://councillors.herefordshire.gov.uk/documents/s50132744/appendix-a-revenue-outturn.pdf	Herefordshire	Appendix A - Revenue outturn	high
E06000019-herefordshire-2026-03-26-cabinet-50132745-appendix-b-capital-outturn.pdf	https://councillors.herefordshire.gov.uk/documents/s50132745/appendix-b-capital-outturn.pdf	Herefordshire	Appendix B - Capital outturn	high
E06000019-herefordshire-2026-03-26-cabinet-50132746-appendix-c-treasury-management-outturn.pdf	https://councillors.herefordshire.gov.uk/documents/s50132746/appendix-c-treasury-management-outturn.pdf	Herefordshire	Appendix C - Treasury management outturn	high
E06000034-thurrock-2026-03-26-place-overview-and-scrutin-52164-q3-financial-outturn-2025-26-place.pdf	https://democracy.thurrock.gov.uk/documents/s52164/q3-financial-outturn-2025-26-place.pdf	Thurrock	Q3 Financial Outturn 2025/26 - Place	high
E09000005-brent-2026-07-29-resources-and-public-realm-158855-7bii-appendix-2b-prudential-indicators.pdf	http://democracy.brent.gov.uk/documents/s158855/7bii-appendix-2b-prudential-indicators.pdf	Brent	7bii. Appendix 2b - Prudential Indicators	high
E06000002-middlesbrough-2026-07-29-overview-and-scrutiny-boar-44273-appendix-1-prudential-indicators-exec-re.pdf	https://middlesbrough.moderngov.co.uk/documents/s44273/appendix-1-prudential-indicators-exec-report-and-appendix.pdf	Middlesbrough	Appendix 1 - Prudential Indicators Exec Report and Appendix	high
E10000028-staffordshire-2026-07-28-corporate-overview-and-scr-208747-appendix-7-prudential-indicators.pdf	https://Staffordshire.moderngov.co.uk/documents/s208747/appendix-7-prudential-indicators.pdf	Staffordshire	Appendix 7 - Prudential Indicators	high
E10000028-staffordshire-2026-07-28-corporate-overview-and-scr-208751-appendix-3-prudential-indicators.pdf	https://Staffordshire.moderngov.co.uk/documents/s208751/appendix-3-prudential-indicators.pdf	Staffordshire	Appendix 3 - Prudential Indicators	high
E07000107-dartford-2026-07-27-general-assembly-of-the-co-82057-appendix-c-prudential-indicators.pdf	https://Dartford.moderngov.co.uk/documents/s82057/appendix-c-prudential-indicators.pdf	Dartford	Appendix C Prudential Indicators	high
E09000005-brent-2026-07-27-audit-and-standards-adviso-158847-08d-appendix-4-prudential-indicators-202.pdf	http://democracy.brent.gov.uk/documents/s158847/08d-appendix-4-prudential-indicators-2025-26-outturn.pdf	Brent	08d. Appendix 4- Prudential Indicators 2025.26 Outturn	high
E09000005-brent-2026-07-27-cabinet-158748-08a-appendix-a-q1-prudential-indicators.pdf	http://democracy.brent.gov.uk/documents/s158748/08a-appendix-a-q1-prudential-indicators-2026-27.pdf	Brent	08a. Appendix A- Q1 Prudential Indicators 2026-27	high
E08000022-north-tyneside-2026-07-27-cabinet-37328-05c-appendix-3-2026-27-prudential-indica.pdf	http://democracy.northtyneside.gov.uk/documents/s37328/05c-appendix-3-2026-27-prudential-indicators.pdf	North Tyneside	05c - Appendix 3 - 2026-27 Prudential Indicators	high
E07000076-tendring-2026-07-24-cabinet-82608-a2-appendix-b-treasury-prudential-indica.pdf	https://tdcdemocracy.tendringdc.gov.uk/documents/s82608/a2-appendix-b-treasury-prudential-indicators-2025-26.pdf	Tendring	A2 Appendix B - Treasury Prudential Indicators 2025-26	high
E07000107-dartford-2026-07-23-cabinet-82143-appendix-c-prudential-indicators.pdf	https://Dartford.moderngov.co.uk/documents/s82143/appendix-c-prudential-indicators.pdf	Dartford	Appendix C Prudential Indicators	high
E07000107-dartford-2026-07-23-cabinet-82173-capital-appendix-c-prudential-indicators.pdf	https://Dartford.moderngov.co.uk/documents/s82173/capital-appendix-c-prudential-indicators.pdf	Dartford	Capital Appendix C Prudential Indicators	high
E06000002-middlesbrough-2026-07-23-audit-committee-44159-prudential-indicators-and-treasury-manag.pdf	https://middlesbrough.moderngov.co.uk/documents/s44159/prudential-indicators-and-treasury-management-outturn-report.pdf	Middlesbrough	Prudential Indicators and Treasury Management Outturn Report 2025/2026	high
E07000217-woking-2026-07-23-council-46563-exe26-035-appendix-1-tm-prudential-indic.pdf	https://Woking.moderngov.co.uk/documents/s46563/exe26-035-appendix-1-tm-prudential-indicators.pdf	Woking	EXE26-035 Appendix 1 - TM Prudential Indicators	high
E06000066-somerset-2026-08-05-executive-68702-appendix-a-hra-approved-capital-programm.pdf	https://Somerset.moderngov.co.uk/documents/s68702/appendix-a-hra-approved-capital-programme-budget-and-funding.pdf	Somerset	Appendix A - HRA Approved Capital Programme Budget and Funding	high
E06000066-somerset-2026-08-05-executive-68703-appendix-b-hra-capital-programme-quarter.pdf	https://Somerset.moderngov.co.uk/documents/s68703/appendix-b-hra-capital-programme-quarter-1-forecast-2026-27.pdf	Somerset	Appendix B - HRA Capital Programme Quarter 1 Forecast 2026-27	high
E06000066-somerset-2026-08-05-executive-68704-appendix-c-hra-capital-programme-viremen.pdf	https://Somerset.moderngov.co.uk/documents/s68704/appendix-c-hra-capital-programme-virements-2026-27.pdf	Somerset	Appendix C - HRA Capital Programme Virements 2026-27	high
E07000089-hart-2026-08-11-overview-and-scrutiny-comm-14534-26-27-q1-outturn-report-o-s.pdf	https://Hart.moderngov.co.uk/documents/s14534/26-27-q1-outturn-report-o-s.pdf	Hart	26_27 Q1 Outturn Report O&S	high
E07000117-burnley-2026-08-06-full-council-51330-revenue-final-outturn-report-2025-26.pdf	https://burnley.moderngov.co.uk/documents/s51330/revenue-final-outturn-report-2025-26.pdf	Burnley	Revenue Final Outturn Report 2025-26	high
E07000117-burnley-2026-08-06-full-council-51335-capital-final-outturn-report-2025-26.pdf	https://burnley.moderngov.co.uk/documents/s51335/capital-final-outturn-report-2025-26.pdf	Burnley	Capital Final Outturn Report 2025-26	high
E07000117-burnley-2026-08-06-full-council-51336-app-1-capital-final-outturn-position-202.pdf	https://burnley.moderngov.co.uk/documents/s51336/app-1-capital-final-outturn-position-2025-26-and-slippage-in.pdf	Burnley	App 1 - Capital Final Outturn Position 2025-26 and Slippage into 2026-27	high
E07000117-burnley-2026-08-06-full-council-51337-app-2-capital-final-outturn-financing-25.pdf	https://burnley.moderngov.co.uk/documents/s51337/app-2-capital-final-outturn-financing-2526.pdf	Burnley	App 2 - Capital Final Outturn Financing 2526	high
E07000117-burnley-2026-08-06-full-council-51338-app-3-capital-final-outturn-capital-prog.pdf	https://burnley.moderngov.co.uk/documents/s51338/app-3-capital-final-outturn-capital-programme-26-27.pdf	Burnley	App 3 - Capital Final Outturn Capital Programme 26-27	high
E08000006-salford-2026-08-05-overview-and-scrutiny-boar-96063-2025-26-outturn-budget-monitoring-report.pdf	https://sccdemocracy.salford.gov.uk/documents/s96063/2025-26-outturn-budget-monitoring-report-cmt.pdf	Salford	2025-26 Outturn Budget Monitoring Report - CMT	high
E07000092-rushmoor-2026-08-04-cabinet-16542-budget-outturn-2026-27-q1-forecast-and-m.pdf	https://democracy.rushmoor.gov.uk/documents/s16542/budget-outturn-2026-27-q1-forecast-and-mtfs-update-report-no.pdf	Rushmoor	Budget Outturn, 2026-27 Q1 forecast and MTFS update - Report No. FIN2613	high
E08000022-north-tyneside-2026-08-12-audit-committee-37523-agenda-item-6-draft-statement-of-account.pdf	http://democracy.northtyneside.gov.uk/documents/s37523/agenda-item-6-draft-statement-of-accounts-2025-26.pdf	North Tyneside	Agenda Item 6 - Draft Statement of Accounts 2025-26	high
E09000014-haringey-2026-08-12-cabinet-member-signing-158808-background-paper-1-corona-energy-retail.pdf	http://www.minutes.haringey.gov.uk/documents/s158808/background-paper-1-corona-energy-retail-4-limited-annual-rep.pdf	Haringey	Background paper 1 - Corona Energy Retail 4 Limited Annual Report and Financial Statements for the year ended 31 March 2025	high
E07000117-burnley-2026-08-06-full-council-51339-annual-treasury-mgt-report-review-of-202.pdf	https://burnley.moderngov.co.uk/documents/s51339/annual-treasury-mgt-report-review-of-2025-26activity.pdf	Burnley	Annual Treasury Mgt Report Review of 2025-26Activity	high
E07000117-burnley-2026-08-06-full-council-51340-annual-treasury-mgmt-report-appendix-1.pdf	https://burnley.moderngov.co.uk/documents/s51340/annual-treasury-mgmt-report-appendix-1.pdf	Burnley	Annual Treasury Mgmt Report - Appendix 1	high
E07000134-north-west-leicestersh-2026-08-05-audit-and-governance-commi-52109-draft-statement-of-accounts-2025-26-audi.pdf	http://minutes-1.nwleics.gov.uk/documents/s52109/draft-statement-of-accounts-2025-26-audit-and-governance-com.pdf	North West Leicestershire	Draft Statement of Accounts 2025/26 Audit and Governance Committee Report	high
E07000134-north-west-leicestersh-2026-08-05-audit-and-governance-commi-52110-appendix-a-statement-of-accounts-2025-26.pdf	http://minutes-1.nwleics.gov.uk/documents/s52110/appendix-a-statement-of-accounts-2025-26-unaudited.pdf	North West Leicestershire	Appendix A - Statement of Accounts 2025-26 (unaudited)	high
E07000134-north-west-leicestersh-2026-08-05-audit-and-governance-commi-52088-treasury-management-update-report-q1.pdf	http://minutes-1.nwleics.gov.uk/documents/s52088/treasury-management-update-report-q1.pdf	North West Leicestershire	Treasury Management Update Report (Q1)	high
E07000134-north-west-leicestersh-2026-08-05-audit-and-governance-commi-52089-appendix-a-treasury-management-activity.pdf	http://minutes-1.nwleics.gov.uk/documents/s52089/appendix-a-treasury-management-activity-report-q1-updated-wi.pdf	North West Leicestershire	Appendix A - Treasury Management Activity Report Q1 updated with Inv Benchmarking	high
E06000061-north-northamptonshire-2026-08-17-audit-and-governance-commi-39511-item-6-annual-governance-statement-repor.pdf	https://NorthNorthants.moderngov.co.uk/documents/s39511/item-6-annual-governance-statement-report-202526-august.pdf	North Northamptonshire	Item 6. Annual Governance Statement Report 202526 - August	high
E06000061-north-northamptonshire-2026-08-17-audit-and-governance-commi-39512-item-6-appendix-a-annual-governance-stat.pdf	https://NorthNorthants.moderngov.co.uk/documents/s39512/item-6-appendix-a-annual-governance-statement-25-26-draft.pdf	North Northamptonshire	Item 6. Appendix A - Annual Governance Statement 25-26 - Draft	high
mg430-north-yorkshire-2026-08-18-executive-72067-report-schools-capital-programme-2026-27.pdf	http://edemocracy.northyorks.gov.uk/documents/s72067/report-schools-capital-programme-2026-27-260818.pdf	North Yorkshire	Report - Schools Capital Programme 2026-27 260818	high
mg430-north-yorkshire-2026-08-18-executive-72046-appendix-a-schools-capital-programme-202.pdf	http://edemocracy.northyorks.gov.uk/documents/s72046/appendix-a-schools-capital-programme-2026-27-260818.pdf	North Yorkshire	Appendix A - Schools Capital Programme 2026-27 260818	high
mg430-north-yorkshire-2026-08-18-executive-72071-appendix-d-schools-capital-programme-cci.pdf	http://edemocracy.northyorks.gov.uk/documents/s72071/appendix-d-schools-capital-programme-ccia-260818.pdf	North Yorkshire	Appendix D - Schools Capital Programme CCIA 260818	high
E06000035-medway-2026-08-12-children-and-young-people-90835-capital-budget-monitoring-round-1-2026-2.pdf	http://democracy.medway.gov.uk/documents/s90835/capital-budget-monitoring-round-1-2026-27.pdf	Medway	Capital Budget Monitoring – Round 1 2026-27	high
E06000035-medway-2026-08-12-children-and-young-people-90836-revenue-budget-monitoring-round-1-2026-2.pdf	http://democracy.medway.gov.uk/documents/s90836/revenue-budget-monitoring-round-1-2026-27.pdf	Medway	Revenue Budget Monitoring – Round 1 2026-27	high
E06000066-somerset-2026-08-12-scrutiny-committee-corpora-68778-2026-2027-general-fund-revenue-budget-mo.pdf	https://Somerset.moderngov.co.uk/documents/s68778/2026-2027-general-fund-revenue-budget-monitoring-report-quar.pdf	Somerset	2026/2027 General Fund Revenue Budget Monitoring Report - Quarter 1	high
E06000066-somerset-2026-08-12-scrutiny-committee-corpora-68779-annex-a-detailed-budget-monitoring-repor.pdf	https://Somerset.moderngov.co.uk/documents/s68779/annex-a-detailed-budget-monitoring-report-as-at-q1.pdf	Somerset	Annex A: Detailed Budget Monitoring Report as at Q1	high
E06000066-somerset-2026-08-12-scrutiny-committee-corpora-68873-2026-27-housing-revenue-account-hra-reve.pdf	https://Somerset.moderngov.co.uk/documents/s68873/2026-27-housing-revenue-account-hra-revenue-and-capital-budg.pdf	Somerset	2026/27 Housing Revenue Account (HRA) Revenue and Capital Budget Monitoring Report - Quarter 1	high
E07000138-city-of-lincoln-2026-08-13-performance-scrutiny-commi-80915-treasury-management-q1-26-27-psc.pdf	https://democratic.lincoln.gov.uk/documents/s80915/treasury-management-q1-26-27-psc.pdf	City of Lincoln	Treasury Management Q1 26.27 PSC	high
E06000066-somerset-2026-08-05-executive-68678-2026-27-general-fund-revenue-budget-moni.pdf	https://Somerset.moderngov.co.uk/documents/s68678/2026-27-general-fund-revenue-budget-monitoring-report-quarte.pdf	Somerset	2026-27 General Fund Revenue Budget Monitoring Report – Quarter 1 – End of June 2026	high
E06000066-somerset-2026-08-05-executive-68679-annex-a-detailed-budget-monitoring-repor.pdf	https://Somerset.moderngov.co.uk/documents/s68679/annex-a-detailed-budget-monitoring-report-as-at-q1.pdf	Somerset	Annex A - Detailed Budget Monitoring Report as at Q1	high
E06000066-somerset-2026-08-05-executive-68701-2026-27-housing-revenue-account-hra-reve.pdf	https://Somerset.moderngov.co.uk/documents/s68701/2026-27-housing-revenue-account-hra-revenue-and-capital-budg.pdf	Somerset	2026-27 Housing Revenue Account (HRA) Revenue and Capital Budget Monitoring Report – Quarter 1 – End of June 2026	high
E07000138-city-of-lincoln-2026-08-18-executive-80928-treasury-management-q1-26-27-exec.pdf	https://democratic.lincoln.gov.uk/documents/s80928/treasury-management-q1-26-27-exec.pdf	City of Lincoln	Treasury Management Q1 26.27 Exec	high
E06000066-somerset-2026-08-12-scrutiny-committee-corpora-68789-appendix-k-reserves-monitoring.pdf	https://Somerset.moderngov.co.uk/documents/s68789/appendix-k-reserves-monitoring.pdf	Somerset	Appendix K: Reserves Monitoring	high
E06000066-somerset-2026-08-05-executive-68689-appendix-k-reserves-monitoring.pdf	https://Somerset.moderngov.co.uk/documents/s68689/appendix-k-reserves-monitoring.pdf	Somerset	Appendix K - Reserves Monitoring	high
E08000022-north-tyneside-2026-08-12-audit-committee-37524-agenda-item-7-draft-annual-governance-st.pdf	http://democracy.northtyneside.gov.uk/documents/s37524/agenda-item-7-draft-annual-governance-statement.pdf	North Tyneside	Agenda Item 7 - Draft Annual Governance Statement	high
E08000022-north-tyneside-2026-08-12-audit-committee-37525-agenda-item-7-appendix-a-draft-annual-go.pdf	http://democracy.northtyneside.gov.uk/documents/s37525/agenda-item-7-appendix-a-draft-annual-governance-statement-2.pdf	North Tyneside	Agenda Item 7 - Appendix A - Draft Annual Governance Statement 202526	high
E06000066-somerset-2026-08-12-scrutiny-committee-corpora-68793-appendix-o-2026-2027-capital-budget-and.pdf	https://Somerset.moderngov.co.uk/documents/s68793/appendix-o-2026-2027-capital-budget-and-funding-by-service.pdf	Somerset	Appendix O: 2026-2027 Capital Budget and Funding by Service	high
E06000066-somerset-2026-08-05-executive-68693-appendix-o-2026-27-capital-budget-and-fu.pdf	https://Somerset.moderngov.co.uk/documents/s68693/appendix-o-2026-27-capital-budget-and-funding-by-service.pdf	Somerset	Appendix O - 2026-27 Capital budget and funding by Service	high
E06000061-north-northamptonshire-2026-08-18-corporate-scrutiny-committ-39552-agenda-item-05-budget-strategy-report-co.pdf	https://NorthNorthants.moderngov.co.uk/documents/s39552/agenda-item-05-budget-strategy-report-corporate-scrutiny.pdf	North Northamptonshire	Agenda Item 05 - Budget Strategy Report Corporate Scrutiny	high
E06000061-north-northamptonshire-2026-08-18-corporate-scrutiny-committ-39553-agenda-item-05-appendix-b-budget-scrutin.pdf	https://NorthNorthants.moderngov.co.uk/documents/s39553/agenda-item-05-appendix-b-budget-scrutiny-27-28-t-f-tor.pdf	North Northamptonshire	Agenda Item 05 - Appendix B - Budget Scrutiny 27-28 T&F ToR	high
E08000017-doncaster-2026-08-12-cabinet-53074-i7-cabinet-120826-2026-27-month-2-financ.pdf	https://doncaster.moderngov.co.uk/documents/s53074/i7-cabinet-120826-2026-27-month-2-financial-monitoring-repor.pdf	Doncaster	i7 Cabinet 120826 2026-27 Month 2 Financial Monitoring Report	high
E06000008-blackburn-with-darwen-2026-08-13-executive-board-34757-eb-corporate-revenue-budget-monitoring-2.pdf	https://democracy.blackburn.gov.uk/documents/s34757/eb-corporate-revenue-budget-monitoring-2026-27-quarter-1.pdf	Blackburn with Darwen	EB Corporate Revenue Budget Monitoring 2026/27 Quarter 1	high
E06000008-blackburn-with-darwen-2026-08-13-executive-board-34758-eb-corporate-revenue-budget-monitoring-2.pdf	https://democracy.blackburn.gov.uk/documents/s34758/eb-corporate-revenue-budget-monitoring-2026-27-quarter-1-eia.pdf	Blackburn with Darwen	EB Corporate Revenue Budget Monitoring 2026/27 Quarter 1 EIA Checklist	high
E06000008-blackburn-with-darwen-2026-08-13-executive-board-34759-eb-corporate-revenue-budget-monitoring-2.pdf	https://democracy.blackburn.gov.uk/documents/s34759/eb-corporate-revenue-budget-monitoring-2026-27-quarter-1-eia.pdf	Blackburn with Darwen	EB Corporate Revenue Budget Monitoring 2026/27 Quarter 1 EIA_toolkit	high
E06000008-blackburn-with-darwen-2026-08-13-executive-board-34760-appendix-1-for-eb-corporate-revenue-budg.pdf	https://democracy.blackburn.gov.uk/documents/s34760/appendix-1-for-eb-corporate-revenue-budget-monitoring-2026-2.pdf	Blackburn with Darwen	Appendix 1 for EB Corporate Revenue Budget Monitoring 2026/27 Quarter 1	high
E06000008-blackburn-with-darwen-2026-08-13-executive-board-34761-appendix-2-for-eb-corporate-revenue-budg.pdf	https://democracy.blackburn.gov.uk/documents/s34761/appendix-2-for-eb-corporate-revenue-budget-monitoring-2026-2.pdf	Blackburn with Darwen	Appendix 2 for EB Corporate Revenue Budget Monitoring 2026/27 Quarter 1	high
E06000008-blackburn-with-darwen-2026-08-13-executive-board-34762-appendix-3-for-eb-corporate-revenue-budg.pdf	https://democracy.blackburn.gov.uk/documents/s34762/appendix-3-for-eb-corporate-revenue-budget-monitoring-2026-2.pdf	Blackburn with Darwen	Appendix 3 for EB Corporate Revenue Budget Monitoring 2026/27 Quarter 1	high
mg25-central-bedfordshire-2026-08-04-executive-83870-revenue-budget-monitoring-q1-2026-27.pdf	https://centralbeds.moderngov.co.uk/documents/s83870/revenue-budget-monitoring-q1-2026-27.pdf	Central Bedfordshire	Revenue Budget Monitoring Q1 2026-27	high
mg25-central-bedfordshire-2026-08-04-executive-83871-appendix-a-q1-revenue-budget-monitoring.pdf	https://centralbeds.moderngov.co.uk/documents/s83871/appendix-a-q1-revenue-budget-monitoring.pdf	Central Bedfordshire	Appendix A - Q1 Revenue Budget Monitoring	high
mg25-central-bedfordshire-2026-08-04-executive-83872-appendix-b-q1-revenue-budget-monitoring.pdf	https://centralbeds.moderngov.co.uk/documents/s83872/appendix-b-q1-revenue-budget-monitoring.pdf	Central Bedfordshire	Appendix B - Q1 Revenue Budget Monitoring	high
mg25-central-bedfordshire-2026-08-04-executive-83873-appendix-c-q1-revenue-budget-monitoring.pdf	https://centralbeds.moderngov.co.uk/documents/s83873/appendix-c-q1-revenue-budget-monitoring.pdf	Central Bedfordshire	Appendix C - Q1 Revenue Budget Monitoring	high
mg25-central-bedfordshire-2026-08-04-executive-83874-capital-budget-monitoring-q1-2026-27.pdf	https://centralbeds.moderngov.co.uk/documents/s83874/capital-budget-monitoring-q1-2026-27.pdf	Central Bedfordshire	Capital Budget Monitoring Q1 2026-27	high
mg25-central-bedfordshire-2026-08-04-executive-83875-appendix-a-q1-capital-budget-monitoring.pdf	https://centralbeds.moderngov.co.uk/documents/s83875/appendix-a-q1-capital-budget-monitoring.pdf	Central Bedfordshire	Appendix A - Q1 Capital Budget Monitoring	high
mg25-central-bedfordshire-2026-08-04-executive-83878-q1-hra-budget-monitoring.pdf	https://centralbeds.moderngov.co.uk/documents/s83878/q1-hra-budget-monitoring.pdf	Central Bedfordshire	Q1 HRA Budget Monitoring	high
mg25-central-bedfordshire-2026-08-04-executive-83879-appendix-a-q1-hra-budget-monitoring.pdf	https://centralbeds.moderngov.co.uk/documents/s83879/appendix-a-q1-hra-budget-monitoring.pdf	Central Bedfordshire	Appendix A - Q1 HRA Budget Monitoring	high
mg430-north-yorkshire-2026-08-18-executive-72033-report-quarter-1-performance-monitoring.pdf	http://edemocracy.northyorks.gov.uk/documents/s72033/report-quarter-1-performance-monitoring-and-budget-report-ex.pdf	North Yorkshire	Report - Quarter 1 Performance Monitoring and Budget report - Executive summary 260818	high
mg430-north-yorkshire-2026-08-18-executive-72038-2-revenue-monitoring-q1-2026-27-260818.pdf	http://edemocracy.northyorks.gov.uk/documents/s72038/2-revenue-monitoring-q1-2026-27-260818.pdf	North Yorkshire	2 Revenue Monitoring Q1 2026-27 260818	high
mg430-north-yorkshire-2026-08-18-executive-72039-3-treasury-management-q1-2026-27-260818.pdf	http://edemocracy.northyorks.gov.uk/documents/s72039/3-treasury-management-q1-2026-27-260818.pdf	North Yorkshire	3 Treasury Management Q1 2026-27 260818	high
E07000089-hart-2026-08-11-overview-and-scrutiny-comm-14537-community-reserves-spend-proposal-for-26.pdf	https://Hart.moderngov.co.uk/documents/s14537/community-reserves-spend-proposal-for-2627.pdf	Hart	Community Reserves Spend Proposal for 2627	high
E07000130-charnwood-2026-08-13-cabinet-22707-general-fund-and-hra-reserves.pdf	http://charnwood.moderngov.co.uk/documents/s22707/general-fund-and-hra-reserves.pdf	Charnwood	General Fund and HRA Reserves	high
E07000117-burnley-2026-08-06-full-council-51332-app-2-revenue-earmarked-reserves.pdf	https://burnley.moderngov.co.uk/documents/s51332/app-2-revenue-earmarked-reserves.pdf	Burnley	App 2 Revenue - earmarked reserves	high
E06000035-medway-2026-08-12-children-and-young-people-90843-appendix-1-autism-and-adhd-assessments-s.pdf	http://democracy.medway.gov.uk/documents/s90843/appendix-1-autism-and-adhd-assessments-services-demand-manag.pdf	Medway	Appendix 1 - Autism and ADHD assessments services -demand management, clinical categorisation and financial sustainability in Medway	high
E06000066-somerset-2026-08-12-scrutiny-committee-corpora-68791-appendix-m-treasury-management.pdf	https://Somerset.moderngov.co.uk/documents/s68791/appendix-m-treasury-management.pdf	Somerset	Appendix M: Treasury Management	high
E06000066-somerset-2026-08-05-executive-68691-appendix-m-treasury-management.pdf	https://Somerset.moderngov.co.uk/documents/s68691/appendix-m-treasury-management.pdf	Somerset	Appendix M - Treasury Management	high
mg25-central-bedfordshire-2026-08-04-executive-83895-budget-framework-2027-28-v2.pdf	https://centralbeds.moderngov.co.uk/documents/s83895/budget-framework-2027-28-v2.pdf	Central Bedfordshire	Budget Framework 2027/28 v2	high
E06000062-west-northamptonshire-2026-08-13-council-29616-item-06-ceo-and-s151-report-13082026.pdf	https://WestNorthants.moderngov.co.uk/documents/s29616/item-06-ceo-and-s151-report-13082026.pdf	West Northamptonshire	Item 06 - CEO and S151 Report 13082026	high
E07000041-exeter-2026-08-17-executive-105993-8-appendix-1-ebc-financial-statement-and.pdf	https://modgov.exeter.gov.uk/documents/s105993/8-appendix-1-ebc-financial-statement-and-stewardship-year-to.pdf	Exeter	8. Appendix 1 EBC FINANCIAL STATEMENT AND STEWARDSHIP Year to 31 March 2026	high
E09000009-ealing-2026-07-22-audit-committee-26509-appendix-1-prudential-indicators-2025-20.pdf	https://Ealing.moderngov.co.uk/documents/s26509/appendix-1-prudential-indicators-2025-2026-q4-outturn.pdf	Ealing	Appendix 1 - Prudential Indicators 2025-2026 - Q4 Outturn	normal
E08000015-wirral-2026-07-22-policy-and-resources-commi-50144947-appendix-d-prudential-indicators-202627.pdf	https://democracy.wirral.gov.uk/documents/s50144947/appendix-d-prudential-indicators-202627.pdf	Wirral	Appendix D: Prudential Indicators 202627	normal
E07000107-dartford-2026-07-20-cabinet-advisory-panel-a-81990-appendix-c-prudential-indicators.pdf	https://Dartford.moderngov.co.uk/documents/s81990/appendix-c-prudential-indicators.pdf	Dartford	Appendix C Prudential Indicators	normal
E07000107-dartford-2026-07-20-cabinet-advisory-panel-a-82159-capital-appendix-c-prudential-indicators.pdf	https://Dartford.moderngov.co.uk/documents/s82159/capital-appendix-c-prudential-indicators.pdf	Dartford	Capital Appendix C Prudential Indicators	normal
E08000015-wirral-2026-07-20-council-50145054-appendix-i-prudential-indicators-2025-26.pdf	https://democracy.wirral.gov.uk/documents/s50145054/appendix-i-prudential-indicators-2025-26.pdf	Wirral	Appendix I: Prudential Indicators 2025-26	normal
E07000086-eastleigh-2026-07-16-cabinet-50043557-appendix-d-prudential-indicators.pdf	https://Eastleigh.moderngov.co.uk/documents/s50043557/appendix-d-prudential-indicators.pdf	Eastleigh	Appendix D - Prudential Indicators	normal
E08000037-gateshead-2026-07-16-council-49893-rtc-capital-programme-and-prudential-ind.pdf	https://Gateshead.moderngov.co.uk/documents/s49893/rtc-capital-programme-and-prudential-indicators-year-end-out.pdf	Gateshead	RTC - Capital Programme and Prudential Indicators – Year End Outturn 2025-26 - A	normal
E08000037-gateshead-2026-07-16-council-49894-rtc-capital-programme-and-prudential-ind.pdf	https://Gateshead.moderngov.co.uk/documents/s49894/rtc-capital-programme-and-prudential-indicators-year-end-out.pdf	Gateshead	RTC - Capital Programme and Prudential Indicators – Year End Outturn 2025-26 - B	normal
E08000037-gateshead-2026-07-16-council-49896-rtc-capital-programme-and-prudential-ind.pdf	https://Gateshead.moderngov.co.uk/documents/s49896/rtc-capital-programme-and-prudential-indicators-first-quarte.pdf	Gateshead	RTC - Capital Programme and Prudential Indicators – First Quarter Review 2026-27 - A	normal
E08000037-gateshead-2026-07-16-council-49897-rtc-capital-programme-and-prudential-ind.pdf	https://Gateshead.moderngov.co.uk/documents/s49897/rtc-capital-programme-and-prudential-indicators-first-quarte.pdf	Gateshead	RTC - Capital Programme and Prudential Indicators – First Quarter Review 2026-27 - B	normal
E07000082-stroud-2026-07-16-council-20534-appendix-c-actual-prudential-indicators.pdf	https://Stroud.moderngov.co.uk/documents/s20534/appendix-c-actual-prudential-indicators-2025-26.pdf	Stroud	Appendix C – Actual Prudential Indicators 2025-26	normal
E07000082-stroud-2026-07-16-council-20535-appendix-d-explanation-of-the-prudential.pdf	https://Stroud.moderngov.co.uk/documents/s20535/appendix-d-explanation-of-the-prudential-indicators.pdf	Stroud	Appendix D – Explanation of the Prudential indicators	normal
E10000028-staffordshire-2026-07-15-cabinet-208490-appendix-7-prudential-indicators.pdf	https://Staffordshire.moderngov.co.uk/documents/s208490/appendix-7-prudential-indicators.pdf	Staffordshire	Appendix 7 - Prudential Indicators	normal
E07000127-west-lancashire-2026-07-15-council-53906-treasury-management-prudential-indicator.pdf	https://democracy.westlancs.gov.uk/documents/s53906/treasury-management-prudential-indicators-annual-report-2025.pdf	West Lancashire	Treasury Management & Prudential Indicators Annual Report 2025/26	normal
E08000037-gateshead-2026-07-14-cabinet-49818-rtc-capital-programme-and-prudential-ind.pdf	https://Gateshead.moderngov.co.uk/documents/s49818/rtc-capital-programme-and-prudential-indicators-year-end-out.pdf	Gateshead	RTC - Capital Programme and Prudential Indicators – Year End Outturn 2025-26 - A	normal
E08000037-gateshead-2026-07-14-cabinet-49819-rtc-capital-programme-and-prudential-ind.pdf	https://Gateshead.moderngov.co.uk/documents/s49819/rtc-capital-programme-and-prudential-indicators-year-end-out.pdf	Gateshead	RTC - Capital Programme and Prudential Indicators – Year End Outturn 2025-26 - B	normal
E08000037-gateshead-2026-07-14-cabinet-49816-rtc-capital-programme-and-prudential-ind.pdf	https://Gateshead.moderngov.co.uk/documents/s49816/rtc-capital-programme-and-prudential-indicators-first-quarte.pdf	Gateshead	RTC - Capital Programme and Prudential Indicators – First Quarter Review 2026-27 - A	normal
E08000037-gateshead-2026-07-14-cabinet-49817-rtc-capital-programme-and-prudential-ind.pdf	https://Gateshead.moderngov.co.uk/documents/s49817/rtc-capital-programme-and-prudential-indicators-first-quarte.pdf	Gateshead	RTC - Capital Programme and Prudential Indicators – First Quarter Review 2026-27 - B	normal
E06000005-darlington-2026-07-13-audit-committee-28488-treasury-management-annual-report-and-ou.pdf	https://democracy.darlington.gov.uk/documents/s28488/treasury-management-annual-report-and-outturn-prudential-ind.pdf	Darlington	Treasury Management Annual Report and Outturn Prudential Indicators 2025-26	normal
E06000005-darlington-2026-07-13-audit-committee-28487-q1-prudential-indicators-and-treasury-ma.pdf	https://democracy.darlington.gov.uk/documents/s28487/q1-prudential-indicators-and-treasury-management-monitoring.pdf	Darlington	Q1 Prudential Indicators and Treasury Management Monitoring Report 2026-27	normal
E07000086-eastleigh-2026-07-09-policy-and-performance-scr-50043478-appendix-d-prudential-indicators.pdf	https://Eastleigh.moderngov.co.uk/documents/s50043478/appendix-d-prudential-indicators.pdf	Eastleigh	Appendix D - Prudential Indicators	normal
E07000217-woking-2026-07-09-executive-46538-exe26-035-appendix-1-tm-prudential-indic.pdf	https://Woking.moderngov.co.uk/documents/s46538/exe26-035-appendix-1-tm-prudential-indicators.pdf	Woking	EXE26-035 Appendix 1 - TM Prudential Indicators	normal
E07000082-stroud-2026-07-07-audit-and-standards-commit-20212-annual-report-on-treasury-management-act.pdf	https://Stroud.moderngov.co.uk/documents/s20212/annual-report-on-treasury-management-activity-and-actual-pru.pdf	Stroud	Annual Report on Treasury Management Activity and actual Prudential Indicators 2025/2026	normal
E07000082-stroud-2026-07-07-audit-and-standards-commit-20215-appendix-c-actual-prudential-indicators.pdf	https://Stroud.moderngov.co.uk/documents/s20215/appendix-c-actual-prudential-indicators.pdf	Stroud	Appendix C ACTUAL PRUDENTIAL INDICATORS	normal
E07000082-stroud-2026-07-07-audit-and-standards-commit-20216-appendix-d-explanation-of-prudential-ind.pdf	https://Stroud.moderngov.co.uk/documents/s20216/appendix-d-explanation-of-prudential-indicators.pdf	Stroud	Appendix D EXPLANATION OF PRUDENTIAL INDICATORS	normal
E08000018-rotherham-2026-07-06-cabinet-159004-appendix-1-summary-of-prudential-indicat.pdf	https://moderngov.rotherham.gov.uk/documents/s159004/appendix-1-summary-of-prudential-indicators-for-rotherham-mb.pdf	Rotherham	Appendix 1 - Summary of Prudential Indicators for Rotherham MBC	normal
E06000027-torbay-2026-07-02-torbay-council-s-policy-fr-171724-treasury-management-strategy-2026-2027.pdf	http://www.torbay.gov.uk/DemocraticServices/documents/s171724/treasury-management-strategy-2026-2027.pdf	Torbay	Treasury Management Strategy 2026-2027	normal
E07000090-havant-2026-07-01-cabinet-61026-report-revenue-capital-and-prudential-in.pdf	http://havant.moderngov.co.uk/documents/s61026/report-revenue-capital-and-prudential-indicators-outturn-rep.pdf	Havant	Report - Revenue, Capital and Prudential Indicators Outturn Reports 202526	normal
E07000090-havant-2026-07-01-cabinet-61029-appendix-c-prudential-indicators-outturn.pdf	http://havant.moderngov.co.uk/documents/s61029/appendix-c-prudential-indicators-outturn-202526.pdf	Havant	Appendix C - Prudential Indicators Outturn 202526	normal
E07000079-cotswold-2026-07-01-cabinet-16155-annex-b-2025-26-outturn-non-treasury-pru.pdf	https://meetings.cotswold.gov.uk/documents/s16155/annex-b-2025-26-outturn-non-treasury-prudential-indicators.pdf	Cotswold	Annex B 2025-26 Outturn_Non Treasury Prudential Indicators	normal
E08000022-north-tyneside-2026-07-01-overview-scrutiny-co-ordin-36778-appendix-4-2025-26-prudential-indicators.pdf	http://democracy.northtyneside.gov.uk/documents/s36778/appendix-4-2025-26-prudential-indicators.pdf	North Tyneside	Appendix 4 2025-26 Prudential Indicators	normal
E07000172-broxtowe-2026-06-30-cabinet-42594-treasury-management-and-prudential-indic.pdf	http://democracy.broxtowe.gov.uk/documents/s42594/treasury-management-and-prudential-indicators-annual-report.pdf	Broxtowe	Treasury Management and Prudential Indicators Annual Report for the Financial Year Ended 31 March 2026	normal
E07000172-broxtowe-2026-06-30-cabinet-42739-enc-1-for-treasury-management-and-pruden.pdf	http://democracy.broxtowe.gov.uk/documents/s42739/enc-1-for-treasury-management-and-prudential-indicators-annu.pdf	Broxtowe	Enc. 1 for Treasury Management and Prudential Indicators Annual Report for the Financial Year Ended 31 March 2026	normal
E07000079-cotswold-2026-06-29-overview-and-scrutiny-comm-16139-annex-b-2025-26-outturn-non-treasury-pru.pdf	https://meetings.cotswold.gov.uk/documents/s16139/annex-b-2025-26-outturn-non-treasury-prudential-indicators.pdf	Cotswold	Annex B 2025-26 Outturn_Non Treasury Prudential Indicators	normal
E09000008-croydon-2026-06-25-audit-governance-committee-71495-appendix-e-prudential-indicators-for-202.pdf	https://democracy.croydon.gov.uk/documents/s71495/appendix-e-prudential-indicators-for-2025-26.pdf	Croydon	Appendix E – Prudential Indicators for 2025/26	normal
E07000211-reigate-and-banstead-2026-06-25-executive-42648-annex-5-1-2025-26-prudential-indicators.pdf	https://REIGATE-BANSTEAD.moderngov.co.uk/documents/s42648/annex-5-1-2025-26-prudential-indicators-report-25-06-2026-ex.pdf	Reigate and Banstead	Annex 5.1 - 2025-26 Prudential Indicators Report, 25/06/2026 Executive	normal
E07000127-west-lancashire-2026-06-25-policy-resources-committee-53830-treasury-management-prudential-indicator.pdf	https://democracy.westlancs.gov.uk/documents/s53830/treasury-management-prudential-indicators-annual-report-2025.pdf	West Lancashire	Treasury Management & Prudential Indicators Annual Report 2025/26	normal
E08000022-north-tyneside-2026-06-22-cabinet-36471-appendix-4-2025-26-prudential-indicators.pdf	http://democracy.northtyneside.gov.uk/documents/s36471/appendix-4-2025-26-prudential-indicators.pdf	North Tyneside	Appendix 4 2025-26 Prudential Indicators	normal
mg258-gwynedd-cymraeg-2026-06-19-north-wales-corporate-join-50493-covering-report-treasury-management-stra.pdf	https://democracy.gwynedd.llyw.cymru/documents/s50493/covering-report-treasury-management-strategy-statement-cover.pdf	Gwynedd Cymraeg	Covering Report - Treasury Management Strategy Statement Covering Report	normal
E07000177-cherwell-2026-06-17-audit-and-governance-commi-63387-appendix-1-capital-prudential-indicators.pdf	https://modgov.cherwell.gov.uk/documents/s63387/appendix-1-capital-prudential-indicators.pdf	Cherwell	Appendix 1 - Capital Prudential Indicators	normal
E07000227-horsham-2026-06-17-audit-committee-34093-q4-treasury-management-prudential-indica.pdf	https://horsham.moderngov.co.uk/documents/s34093/q4-treasury-management-prudential-indicator-report-2526.pdf	Horsham	Q4 Treasury Management Prudential Indicator report 2526	normal
E08000018-rotherham-2026-06-16-audit-committee-158627-annual-treasury-management-report-and-ac.pdf	https://moderngov.rotherham.gov.uk/documents/s158627/annual-treasury-management-report-and-actual-prudential-indi.pdf	Rotherham	Annual Treasury Management Report and Actual Prudential Indicators 2025-26	normal
E08000018-rotherham-2026-06-16-audit-committee-158628-appendix-1-summary-of-prudential-indicat.pdf	https://moderngov.rotherham.gov.uk/documents/s158628/appendix-1-summary-of-prudential-indicators-for-rotherham-mb.pdf	Rotherham	Appendix 1 - Summary of Prudential Indicators for Rotherham MBC	normal
E07000170-ashfield-2026-06-15-cabinet-37581-annual-investment-strategy-approval.pdf	https://democracy.ashfield.gov.uk/documents/s37581/annual-investment-strategy-approval.pdf	Ashfield	Annual Investment Strategy Approval	normal
E07000170-ashfield-2026-06-15-cabinet-37582-enc-1-for-annual-investment-strategy-app.pdf	https://democracy.ashfield.gov.uk/documents/s37582/enc-1-for-annual-investment-strategy-approval.pdf	Ashfield	Enc. 1 for Annual Investment Strategy Approval	normal
E07000211-reigate-and-banstead-2026-06-11-overview-and-scrutiny-comm-42285-annex-5-1-2025-26-prudential-indicators.pdf	https://REIGATE-BANSTEAD.moderngov.co.uk/documents/s42285/annex-5-1-2025-26-prudential-indicators-report.pdf	Reigate and Banstead	Annex 5.1 - 2025-26 Prudential Indicators Report	normal
E08000015-wirral-2026-06-10-policy-and-resources-commi-50142722-appendix-i-prudential-indicators-2025-26.pdf	https://democracy.wirral.gov.uk/documents/s50142722/appendix-i-prudential-indicators-2025-26.pdf	Wirral	Appendix I: Prudential Indicators 2025-26	normal
mg258-gwynedd-cymraeg-2026-06-04-north-wales-cjc-governance-49255-treasury-management-strategy-statement-0.pdf	https://democracy.gwynedd.llyw.cymru/documents/s49255/treasury-management-strategy-statement-04-06-26.pdf	Gwynedd Cymraeg	Treasury Management Strategy Statement 04-06-26	normal
mg293-opdc-2026-06-02-opdc-audit-and-risk-commit-63208-06-0-annex-1-opdc-treasury-management-st.pdf	https://GLAOPDC.moderngov.co.uk/documents/s63208/06-0-annex-1-opdc-treasury-management-strategy-2026-27-draft.pdf	OPDC	06.0 - Annex 1 - OPDC Treasury Management Strategy 2026-27 (Draft v2)	normal
mg501-lancashire-police-and-2026-06-01-joint-independent-audit-co-1410-treasury-management-strategy-covering-re.pdf	https://lancashire-pcc.moderngov.co.uk/documents/s1410/treasury-management-strategy-covering-report.pdf	Lancashire Police and Crime Commissioner	Treasury Management Strategy (Covering Report)	normal
E06000005-darlington-2026-04-27-audit-committee-27844-q3-prudential-indicators-and-treasury-ma.pdf	https://democracy.darlington.gov.uk/documents/s27844/q3-prudential-indicators-and-treasury-management-monitoring.pdf	Darlington	Q3 Prudential Indicators and Treasury Management Monitoring Report 2025-26	normal
mg473-avon-fire-and-rescue-2026-04-23-policy-and-resources-commi-5416-treasury-management-practices.pdf	https://AvonFire.moderngov.co.uk/documents/s5416/treasury-management-practices.pdf	Avon Fire and Rescue	Treasury Management Practices	normal
mg473-avon-fire-and-rescue-2026-04-23-policy-and-resources-commi-5417-appendix-1-treasury-management-practices.pdf	https://AvonFire.moderngov.co.uk/documents/s5417/appendix-1-treasury-management-practices.pdf	Avon Fire and Rescue	Appendix 1 Treasury Management Practices	normal
E07000079-cotswold-2026-04-16-cabinet-15539-annex-b-q3-2025-26-non-treasury-prudenti.pdf	https://meetings.cotswold.gov.uk/documents/s15539/annex-b-q3-2025-26-non-treasury-prudential-indicators.pdf	Cotswold	Annex B Q3 2025-26-Non Treasury Prudential Indicators	normal
E07000199-tamworth-2026-04-15-audit-and-governance-commi-44207-review-of-the-treasury-management-strate.pdf	https://Tamworth.moderngov.co.uk/documents/s44207/review-of-the-treasury-management-strategy-statement-minimum.pdf	Tamworth	REVIEW OF THE TREASURY MANAGEMENT STRATEGY STATEMENT, MINIMUM REVENUE PROVISION POLICY STATEMENT AND ANNUAL INVESTMENT STATEMENT 2026/27 and the TREASURY MANAGEMENT STRATEGY STATEMENT AND ANNUAL INVESTMENT STRATEGY MID-YEAR REVIEW REPORT 2025/26	normal
E07000199-tamworth-2026-04-15-audit-and-governance-commi-44208-review-of-the-treasury-management-strate.pdf	https://Tamworth.moderngov.co.uk/documents/s44208/review-of-the-treasury-management-strategy-statement-minimum.pdf	Tamworth	REVIEW OF THE TREASURY MANAGEMENT STRATEGY STATEMENT, MINIMUM REVENUE PROVISION POLICY STATEMENT AND ANNUAL INVESTMENT STATEMENT 2026/27 and the TREASURY MANAGEMENT STRATEGY STATEMENT AND ANNUAL INVESTMENT STRATEGY MID-YEAR REVIEW REPORT 2025/26 enc.	normal
E47000012-york-and-north-yorkshi-2026-04-15-audit-and-governance-commi-1622-15042026-a-g-treasury-management-strateg.pdf	https://YorkNorthYorks-CA.moderngov.co.uk/documents/s1622/15042026-a-g-treasury-management-strategy-report.pdf	York and North Yorkshire	15042026_A&G_Treasury Management Strategy Report	normal
E47000012-york-and-north-yorkshi-2026-04-15-audit-and-governance-commi-1581-15042026-a-g-tms-report-appendix-two-pru.pdf	https://YorkNorthYorks-CA.moderngov.co.uk/documents/s1581/15042026-a-g-tms-report-appendix-two-prudential-indicators-2.pdf	York and North Yorkshire	15042026_A&G_TMS Report - Appendix Two - Prudential Indicators 2026-27	normal
E47000012-york-and-north-yorkshi-2026-04-15-audit-and-governance-commi-1582-15042026-a-g-treasury-management-strateg.pdf	https://YorkNorthYorks-CA.moderngov.co.uk/documents/s1582/15042026-a-g-treasury-management-strategy-report-appendicies.pdf	York and North Yorkshire	15042026_A&G_Treasury Management Strategy Report - Appendicies Three - Six	normal
E07000079-cotswold-2026-04-13-overview-and-scrutiny-comm-15599-annex-b-q3-2025-26-non-treasury-prudenti.pdf	https://meetings.cotswold.gov.uk/documents/s15599/annex-b-q3-2025-26-non-treasury-prudential-indicators.pdf	Cotswold	Annex B Q3 2025-26-Non Treasury Prudential Indicators	normal
mg456-chippenham-2026-04-08-strategy-resources-committ-8554-treasury-management-strategy-renewal-26.pdf	https://Chippenham.moderngov.co.uk/documents/s8554/treasury-management-strategy-renewal-26-27.pdf	Chippenham	Treasury Management Strategy Renewal 26-27	normal
mg456-chippenham-2026-04-08-strategy-resources-committ-8590-appendix-a-chippenham-town-council-treas.pdf	https://Chippenham.moderngov.co.uk/documents/s8590/appendix-a-chippenham-town-council-treasury-management-strat.pdf	Chippenham	Appendix A - Chippenham Town Council Treasury Management Strategy 2026-2027	normal
S12000036-city-of-edinburgh-2026-03-26-governance-risk-and-best-v-96579-9-2-annual-treasury-management-strategy.pdf	https://democracy.edinburgh.gov.uk/documents/s96579/9-2-annual-treasury-management-strategy-2026-27-referral-fro.pdf	City of Edinburgh	9.2 - Annual Treasury Management Strategy 2026-27 – referral from the City of Edinburgh Council	normal
S12000036-city-of-edinburgh-2026-03-26-governance-risk-and-best-v-96580-9-2-appendix-annual-treasury-management.pdf	https://democracy.edinburgh.gov.uk/documents/s96580/9-2-appendix-annual-treasury-management-strategy-2026-27-ref.pdf	City of Edinburgh	9.2 - Appendix - Annual Treasury Management Strategy 2026- 27 – referral from the City of Edinburgh Council	normal
S12000006-dumfries-and-galloway-2026-03-26-dumfries-and-galloway-coun-75253-treasury-management-strategy-report-fina.pdf	http://DumfriesGalloway.moderngov.co.uk/documents/s75253/treasury-management-strategy-report-final.pdf	Dumfries and Galloway	Treasury Management Strategy Report FINAL	normal
S12000006-dumfries-and-galloway-2026-03-26-dumfries-and-galloway-coun-75254-treasury-management-strategy-appendix-fi.pdf	http://DumfriesGalloway.moderngov.co.uk/documents/s75254/treasury-management-strategy-appendix-final-docx.pdf	Dumfries and Galloway	Treasury Management Strategy Appendix FINAL.docx	normal
W06000019-blaenau-gwent-2026-03-25-special-meeting-of-the-cou-18894-sco2603d7-appendix-b-treasury-management.pdf	https://Blaenau-Gwent.moderngov.co.uk/documents/s18894/sco2603d7-appendix-b-treasury-management-policy-statement.pdf	Blaenau Gwent	SCO2603D7 Appendix B - Treasury Management Policy Statement	normal
E10000016-kent-2026-03-25-governance-and-audit-commi-136083-treasury-management-strategy-report.pdf	https://democracy.kent.gov.uk/documents/s136083/treasury-management-strategy-report.pdf	Kent	Treasury Management Strategy Report	normal
E10000016-kent-2026-03-25-governance-and-audit-commi-136084-appendix-treasury-management-strategy-20.pdf	https://democracy.kent.gov.uk/documents/s136084/appendix-treasury-management-strategy-2026-27.pdf	Kent	Appendix - Treasury Management Strategy 2026-27	normal
E07000082-stroud-2026-03-24-audit-and-standards-commit-18204-appendix-a-prudential-indicators.pdf	https://Stroud.moderngov.co.uk/documents/s18204/appendix-a-prudential-indicators.pdf	Stroud	Appendix A- Prudential Indicators	normal
E07000082-stroud-2026-03-24-audit-and-standards-commit-18205-appendix-b-explanation-of-prudential-ind.pdf	https://Stroud.moderngov.co.uk/documents/s18205/appendix-b-explanation-of-prudential-indicators.pdf	Stroud	Appendix B - Explanation of Prudential Indicators	normal
E07000078-cheltenham-2026-03-23-council-53842-capital-investment-and-treasury-manageme.pdf	https://democracy.cheltenham.gov.uk/documents/s53842/capital-investment-and-treasury-management-strategies-2026-2.pdf	Cheltenham	Capital Investment and Treasury Management Strategies 2026-27	normal
E07000078-cheltenham-2026-03-23-council-53845-appendix-4-treasury-management-strategy.pdf	https://democracy.cheltenham.gov.uk/documents/s53845/appendix-4-treasury-management-strategy-2026-27.pdf	Cheltenham	Appendix 4 - Treasury Management Strategy 2026-27	normal
mg258-gwynedd-cymraeg-2026-03-20-north-wales-corporate-join-48685-joint-committee-treasury-management-stra.pdf	https://democracy.gwynedd.llyw.cymru/documents/s48685/joint-committee-treasury-management-strategy-statement-2026.pdf	Gwynedd Cymraeg	Joint Committee - Treasury Management Strategy Statement 2026-27	normal
E06000035-medway-2026-07-30-audit-committee-90646-treasury-management-report-2026-27-quart.pdf	http://democracy.medway.gov.uk/documents/s90646/treasury-management-report-2026-27-quarter-1.pdf	Medway	Treasury Management Report 2026/27: Quarter 1	normal
E06000037-west-berkshire-2026-07-28-audit-and-risk-committee-146152-4-financial-statements-2025-26-highlight.pdf	http://decisionmaking.westberks.gov.uk/documents/s146152/4-financial-statements-2025-26-highlights-and-going-concern.pdf	West Berkshire	4. Financial Statements 2025-26 Highlights and Going Concern Assessment (Friday 17 July 2026)	normal
E06000049-cheshire-east-2026-07-27-audit-and-governance-commi-134919-companies-draft-financial-statements-25.pdf	http://moderngov.cheshireeast.gov.uk/ecminutes/documents/s134919/companies-draft-financial-statements-25-26.pdf	Cheshire East	Companies Draft Financial Statements 25/26	normal
E06000049-cheshire-east-2026-07-27-audit-and-governance-commi-134920-appendix-1-for-companies-draft-financial.pdf	http://moderngov.cheshireeast.gov.uk/ecminutes/documents/s134920/appendix-1-for-companies-draft-financial-statements-25-26.pdf	Cheshire East	Appendix 1 for Companies Draft Financial Statements 25/26	normal
E07000038-north-east-derbyshire-2026-07-27-audit-committee-26414-report-audit-committee-draft-statement-o.pdf	https://ne-derbyshire.moderngov.co.uk/documents/s26414/report-audit-committee-draft-statement-of-accounts-2025-26.pdf	North East Derbyshire	Report - Audit Committee Draft Statement of Accounts 2025-26	normal
E08000036-wakefield-2026-07-27-audit-committee-138229-1-pre-audit-2025-26-statement-of-account.pdf	https://mg.wakefield.gov.uk/documents/s138229/1-pre-audit-2025-26-statement-of-accounts.pdf	Wakefield	1 - Pre-Audit 2025-26 Statement of Accounts	normal
E08000036-wakefield-2026-07-27-audit-committee-138230-1a-appendix-1-2025-26-draft-statement-of.pdf	https://mg.wakefield.gov.uk/documents/s138230/1a-appendix-1-2025-26-draft-statement-of-accounts.pdf	Wakefield	1a - Appendix 1 - 2025-26 Draft Statement of Accounts	normal
E10000034-worcestershire-2026-07-23-cabinet-61459-7-treasury-management-annual-report-2025.pdf	http://worcestershire.moderngov.co.uk/documents/s61459/7-treasury-management-annual-report-2025-26-cabinet-final.pdf	Worcestershire	7 Treasury Management Annual Report 2025-26- Cabinet final	normal
E06000039-slough-2026-07-22-audit-and-corporate-govern-88853-draft-statement-of-accounts-2025-26-cove.pdf	https://democracy.slough.gov.uk/documents/s88853/draft-statement-of-accounts-2025-26-cover-report.pdf	Slough	Draft Statement of Accounts 2025-26 Cover Report	normal
E06000039-slough-2026-07-22-audit-and-corporate-govern-88854-2025-26-draft-statement-of-accounts-appe.pdf	https://democracy.slough.gov.uk/documents/s88854/2025-26-draft-statement-of-accounts-appendix.pdf	Slough	2025-26 Draft Statement of Accounts Appendix	normal
E06000014-york-2026-07-22-audit-and-governance-commi-194707-draft-statement-of-accounts-25-26.pdf	https://democracy.york.gov.uk/documents/s194707/draft-statement-of-accounts-25-26.pdf	York	Draft Statement of Accounts 25-26	normal
E06000055-bedford-2026-07-21-audit-committee-81458-item-8-draft-statement-of-accounts-2025.pdf	https://councillorsupport.bedford.gov.uk/documents/s81458/item-8-draft-statement-of-accounts-2025-26.pdf	Bedford	Item 8 - Draft Statement of Accounts 2025-26	normal
E06000055-bedford-2026-07-21-audit-committee-81459-item-8-statement-of-accounts-draft-2025.pdf	https://councillorsupport.bedford.gov.uk/documents/s81459/item-8-statement-of-accounts-draft-2025-26.pdf	Bedford	item 8 - Statement of Accounts Draft 2025-26	normal
E06000055-bedford-2026-07-21-audit-committee-81531-item-08-statement-of-accounts-presentati.pdf	https://councillorsupport.bedford.gov.uk/documents/s81531/item-08-statement-of-accounts-presentation.pdf	Bedford	Item 08 Statement of Accounts Presentation	normal
E06000060-buckinghamshire-2026-07-21-audit-and-governance-commi-122651-report-for-treasury-management-annual-re.pdf	https://Buckinghamshire.moderngov.co.uk/documents/s122651/report-for-treasury-management-annual-report-2025-26.pdf	Buckinghamshire	Report for Treasury Management Annual Report 2025/26	normal
E10000034-worcestershire-2026-07-21-audit-and-governance-commi-61423-au-2026-07-21-draft-accounts-app-a-wcc-d.pdf	http://worcestershire.moderngov.co.uk/documents/s61423/au-2026-07-21-draft-accounts-app-a-wcc-draft-statement-of-ac.pdf	Worcestershire	au 2026 07 21 Draft Accounts - App A - WCC Draft Statement of Accounts 2025-26	normal
E10000034-worcestershire-2026-07-21-audit-and-governance-commi-61432-au-2026-07-21-2025-26-treasury-managemen.pdf	http://worcestershire.moderngov.co.uk/documents/s61432/au-2026-07-21-2025-26-treasury-management-annual-report.pdf	Worcestershire	au 2026 07 21 2025-26 Treasury Management Annual Report	normal
E10000034-worcestershire-2026-07-21-audit-and-governance-commi-61433-au-2026-07-21-2025-26-treasury-managemen.pdf	http://worcestershire.moderngov.co.uk/documents/s61433/au-2026-07-21-2025-26-treasury-management-annual-report-app.pdf	Worcestershire	au 2026 07 21 2025-26 Treasury Management Annual Report - App - Worcestershire County Council BSR 2025-26	normal
E06000003-redcar-and-cleveland-2026-07-20-governance-committee-11778-8-2-appendix-2-draft-final-statement-of.pdf	https://RCBC.moderngov.co.uk/documents/s11778/8-2-appendix-2-draft-final-statement-of-accounts-2025-2026.pdf	Redcar and Cleveland	8.2 Appendix 2 - Draft Final Statement of Accounts 2025-2026	normal
E07000064-rother-2026-07-20-audit-committee-16039-draft-statement-of-accounts-2025-26.pdf	http://Rother.moderngov.co.uk/documents/s16039/draft-statement-of-accounts-2025-26.pdf	Rother	Draft Statement of Accounts 2025/26	normal
E06000043-brighton-and-hove-2026-07-16-cabinet-216427-appendix-4-treasury-management-update.pdf	https://democracy.brighton-hove.gov.uk/documents/s216427/appendix-4-treasury-management-update.pdf	Brighton and Hove	Appendix 4 - Treasury Management Update	normal
E06000051-shropshire-2026-07-16-council-45084-annual-treasury-report.pdf	https://shropshire.gov.uk/committee-services/documents/s45084/annual-treasury-report.pdf	Shropshire	Annual Treasury Report	normal
E06000051-shropshire-2026-07-15-audit-governance-committee-45067-annual-treasury-report.pdf	https://shropshire.gov.uk/committee-services/documents/s45067/annual-treasury-report.pdf	Shropshire	Annual Treasury Report	normal
E06000051-shropshire-2026-07-15-audit-governance-committee-45072-approval-of-the-council-s-draft-statemen.pdf	https://shropshire.gov.uk/committee-services/documents/s45072/approval-of-the-council-s-draft-statement-of-accounts-2025-2.pdf	Shropshire	Approval of the Council's Draft Statement of Accounts 2025.26-02062026 1127	normal
E06000051-shropshire-2026-07-15-audit-governance-committee-45073-20260715-appendix-a-statement-of-account.pdf	https://shropshire.gov.uk/committee-services/documents/s45073/20260715-appendix-a-statement-of-accounts-2025-26.pdf	Shropshire	20260715 Appendix A - Statement of Accounts 2025-26	normal
E06000020-telford-and-wrekin-2026-07-15-audit-committee-31733-treasurymanagement202526annualreportand2.pdf	https://democracy.telford.gov.uk/documents/s31733/treasurymanagement202526annualreportand202627update.pdf	Telford and Wrekin	TreasuryManagement202526AnnualReportand202627Update	normal
E06000034-thurrock-2026-07-15-cabinet-53302-annual-treasury-management-report-2025-2.pdf	https://democracy.thurrock.gov.uk/documents/s53302/annual-treasury-management-report-2025-26.pdf	Thurrock	Annual Treasury Management Report 2025/26	normal
E07000138-city-of-lincoln-2026-07-13-audit-committee-80619-appendix-a-unaudited-statement-of-accoun.pdf	https://democratic.lincoln.gov.uk/documents/s80619/appendix-a-unaudited-statement-of-accounts-2025-2026.pdf	City of Lincoln	Appendix A - Unaudited Statement of Accounts 2025-2026	normal
E09000033-westminster-2026-07-09-audit-and-performance-comm-73033-2025-26-draft-statement-of-accounts-cove.pdf	https://committees.westminster.gov.uk/documents/s73033/2025-26-draft-statement-of-accounts-cover-report.pdf	Westminster	2025-26 Draft Statement of Accounts Cover Report	normal
E10000034-worcestershire-2026-07-02-cabinet-61179-4-appendix-1-wcc-draft-statement-of-acco.pdf	http://worcestershire.moderngov.co.uk/documents/s61179/4-appendix-1-wcc-draft-statement-of-accounts-2025-26.pdf	Worcestershire	4 Appendix 1 - WCC Draft Statement of Accounts 2025-26	normal
E07000098-hertsmere-2026-06-30-audit-committee-72950-20260630a-draft-statement-of-accounts-20.pdf	https://Hertsmere.moderngov.co.uk/documents/s72950/20260630a-draft-statement-of-accounts-2025-26-report.pdf	Hertsmere	20260630A Draft Statement of Accounts 2025-26 report	normal
E06000034-thurrock-2026-06-30-audit-committee-53073-statement-of-accounts-report-2025-26.pdf	https://democracy.thurrock.gov.uk/documents/s53073/statement-of-accounts-report-2025-26.pdf	Thurrock	Statement of Accounts Report 2025-26	normal
E08000036-wakefield-2026-06-29-audit-committee-137803-2-planning-for-the-statement-of-accounts.pdf	https://mg.wakefield.gov.uk/documents/s137803/2-planning-for-the-statement-of-accounts-2025-26.pdf	Wakefield	2 - Planning for the Statement of Accounts 2025-26	normal
E10000018-leicestershire-2026-06-26-corporate-governance-commi-196983-annual-treasury-management-report-2025-2.pdf	https://democracy.leics.gov.uk/documents/s196983/annual-treasury-management-report-2025-2026.pdf	Leicestershire	Annual Treasury Management Report 2025-2026	normal
E06000033-southend-on-sea-2026-06-15-cabinet-71663-2025-26-annual-treasury-management-repor.pdf	https://democracy.southend.gov.uk/documents/s71663/2025-26-annual-treasury-management-report-cabinet-15-june-20.pdf	Southend-on-Sea	2025-26 Annual Treasury Management report - Cabinet - 15 June 2026	normal
E06000033-southend-on-sea-2026-06-11-policy-and-resources-overv-71647-2025-26-annual-treasury-management-repor.pdf	https://democracy.southend.gov.uk/documents/s71647/2025-26-annual-treasury-management-report-cabinet-15-june-20.pdf	Southend-on-Sea	2025-26 Annual Treasury Management report - Cabinet - 15 June 2026	normal
E06000019-herefordshire-2026-06-09-audit-and-governance-commi-50134089-2025-26-draft-statement-of-accounts-main.pdf	https://councillors.herefordshire.gov.uk/documents/s50134089/2025-26-draft-statement-of-accounts-main-report.pdf	Herefordshire	2025/26 Draft Statement of Accounts, main report	normal
E06000019-herefordshire-2026-06-09-audit-and-governance-commi-50134090-appendix-1-draft-statement-of-accounts-2.pdf	https://councillors.herefordshire.gov.uk/documents/s50134090/appendix-1-draft-statement-of-accounts-2025-26.pdf	Herefordshire	Appendix 1 - Draft Statement of Accounts 2025/26	normal
E06000019-herefordshire-2026-06-09-audit-and-governance-commi-50134091-appendix-2-summary-financial-statements.pdf	https://councillors.herefordshire.gov.uk/documents/s50134091/appendix-2-summary-financial-statements-2025-26.pdf	Herefordshire	Appendix 2 - Summary Financial Statements 2025/26	normal
E07000062-hastings-2026-06-08-cabinet-59241-treasury-management-covering-report-2026.pdf	http://hastings.moderngov.co.uk/documents/s59241/treasury-management-covering-report-202627.pdf	Hastings	Treasury Management Covering Report 202627	normal
E06000020-telford-and-wrekin-2026-05-27-audit-committee-31252-2025-26-unaudited-statement-of-accounts.pdf	https://democracy.telford.gov.uk/documents/s31252/2025-26-unaudited-statement-of-accounts.pdf	Telford and Wrekin	2025.26 Unaudited Statement of Accounts	normal
E06000024-north-somerset-2026-04-23-audit-committee-8691-11-treasury-management-q3-2025-26-update.pdf	https://N-Somerset.moderngov.co.uk/documents/s8691/11-treasury-management-q3-2025-26-update-report-audit-commit.pdf	North Somerset	11. Treasury Management Q3 2025-26 update report - Audit Committee	normal
E09000007-camden-2026-03-26-audit-and-corporate-govern-131979-9-camden-living-financial-statements-202.pdf	https://Camden.moderngov.co.uk/documents/s131979/9-camden-living-financial-statements-2024-25-feb-25.pdf	Camden	9 Camden Living Financial Statements 2024-25 Feb-25	normal
E06000017-rutland-2026-03-24-audit-and-risk-committee-32365-report-no-29-2026-2025-26-statement-of-a.pdf	https://RutlandCounty.moderngov.co.uk/documents/s32365/report-no-29-2026-2025-26-statement-of-accounts-update.pdf	Rutland	Report No.29.2026 - 2025.26 Statement of Accounts Update	normal
E06000064-westmorland-and-furnes-2026-08-03-cumbria-local-pension-boar-51518-clpb-030826-provisional-budget-outturn-d.pdf	https://WestmorlandandFurness.moderngov.co.uk/documents/s51518/clpb-030826-provisional-budget-outturn-delivery-against-2025.pdf	Westmorland and Furness	CLPB 030826 - Provisional Budget Outturn & Delivery against 2025/26 Business Plan	normal
E06000064-westmorland-and-furnes-2026-08-03-cumbria-local-pension-boar-51520-appendix-2-provisional-budget-outturn-ad.pdf	https://WestmorlandandFurness.moderngov.co.uk/documents/s51520/appendix-2-provisional-budget-outturn-admin-budget.pdf	Westmorland and Furness	Appendix 2 Provisional Budget Outturn Admin Budget	normal
E06000041-wokingham-2026-07-30-shareholder-committee-86387-appendix-1-sc-consolidated-whg-fy25-26-p.pdf	https://wokingham.moderngov.co.uk/documents/s86387/appendix-1-sc-consolidated-whg-fy25-26-provisonal-outturn.pdf	Wokingham	Appendix 1 - SC Consolidated WHG FY25-26 Provisonal Outturn	normal
E06000064-westmorland-and-furnes-2026-07-23-police-fire-and-crime-pane-51556-cumbria-opfcc-cumbria-constabulary-finan.pdf	https://WestmorlandandFurness.moderngov.co.uk/documents/s51556/cumbria-opfcc-cumbria-constabulary-financial-summary-2025-26.pdf	Westmorland and Furness	Cumbria OPFCC & Cumbria Constabulary Financial Summary 2025-26 Provisional Outturn	normal
E06000064-westmorland-and-furnes-2026-07-23-police-fire-and-crime-pane-51567-cumbria-commissioner-fire-rescue-authori.pdf	https://WestmorlandandFurness.moderngov.co.uk/documents/s51567/cumbria-commissioner-fire-rescue-authority-financial-summary.pdf	Westmorland and Furness	Cumbria Commissioner Fire & Rescue Authority Financial Summary 2025-26 Provisional Revenue Outturn	normal
E06000046-isle-of-wight-2026-07-16-schools-forum-23308-item-5-appendix-a-2025-26-schools-budget.pdf	https://IOW.moderngov.co.uk/documents/s23308/item-5-appendix-a-2025-26-schools-budget-final-outturn.pdf	Isle of Wight	Item 5 Appendix A – 2025-26 Schools Budget Final Outturn	normal
E06000019-herefordshire-2026-07-10-herefordshire-schools-foru-50134613-schools-forum-report-dsg-2025-26-q4-outt.pdf	https://councillors.herefordshire.gov.uk/documents/s50134613/schools-forum-report-dsg-2025-26-q4-outturn.pdf	Herefordshire	Schools Forum Report - DSG 2025-26 Q4 Outturn	normal
E06000061-north-northamptonshire-2026-07-09-schools-forum-38814-6-2025-2026-dsg-outturn-update.pdf	https://NorthNorthants.moderngov.co.uk/documents/s38814/6-2025-2026-dsg-outturn-update.pdf	North Northamptonshire	6. 2025 - 2026 DSG Outturn Update	normal
E06000061-north-northamptonshire-2026-07-09-schools-forum-38815-7-2025-2026-schools-outturn-update.pdf	https://NorthNorthants.moderngov.co.uk/documents/s38815/7-2025-2026-schools-outturn-update.pdf	North Northamptonshire	7. 2025 - 2026 Schools Outturn Update	normal
E06000064-westmorland-and-furnes-2026-07-09-cumbria-local-pension-boar-51219-clpb-090726-provisional-budget-outturn-d.pdf	https://WestmorlandandFurness.moderngov.co.uk/documents/s51219/clpb-090726-provisional-budget-outturn-delivery-against-2025.pdf	Westmorland and Furness	CLPB 090726 - • Provisional Budget Outturn & Delivery against 2025/26 Business Plan	normal
E06000064-westmorland-and-furnes-2026-07-09-cumbria-local-pension-boar-51221-appendix-2-provisional-budget-outturn-ad.pdf	https://WestmorlandandFurness.moderngov.co.uk/documents/s51221/appendix-2-provisional-budget-outturn-admin-budget.pdf	Westmorland and Furness	Appendix 2 Provisional Budget Outturn Admin Budget	normal
E06000052-cornwall-2026-07-09-cornwall-harbours-board-198693-20260709-harbours-board-budget-outturn-a.pdf	https://democracy.cornwall.gov.uk/documents/s198693/20260709-harbours-board-budget-outturn-april-2025-march-2026.pdf	Cornwall	20260709 - Harbours Board - Budget Outturn April 2025 – March 2026 - Report - PUBLIC	normal
E06000052-cornwall-2026-07-09-cornwall-harbours-board-198736-20260709-harbours-board-budget-outturn-a.pdf	https://democracy.cornwall.gov.uk/documents/s198736/20260709-harbours-board-budget-outturn-april-2025-march-2026.pdf	Cornwall	20260709 - Harbours Board - Budget Outturn April 2025 – March 2026 - Appendix 1 - PUBLIC.docx (2)	normal
E06000041-wokingham-2026-07-08-schools-forum-86123-2025-26-revenue-outturn-report.pdf	https://wokingham.moderngov.co.uk/documents/s86123/2025-26-revenue-outturn-report.pdf	Wokingham	2025/26 Revenue Outturn Report	normal
E06000055-bedford-2026-07-07-bedfordshire-police-and-cr-81396-item-09-pcp-outturn-to-31-march-2026.pdf	https://councillorsupport.bedford.gov.uk/documents/s81396/item-09-pcp-outturn-to-31-march-2026.pdf	Bedford	Item 09 PCP Outturn to 31 March 2026	normal
E06000055-bedford-2026-07-06-bedford-schools-forum-81288-agenda-item-8-dsg-outturn-2025-2026.pdf	https://councillorsupport.bedford.gov.uk/documents/s81288/agenda-item-8-dsg-outturn-2025-2026.pdf	Bedford	AGENDA ITEM 8 - DSG outturn 2025-2026	normal
E06000055-bedford-2026-07-06-bedford-schools-forum-81289-agenda-item-8-appendix-a-dsg-outturn-202.pdf	https://councillorsupport.bedford.gov.uk/documents/s81289/agenda-item-8-appendix-a-dsg-outturn-2025-2026.pdf	Bedford	AGENDA ITEM 8 Appendix A - DSG Outturn 2025-2026	normal
E06000060-buckinghamshire-2026-06-30-schools-forum-121507-dsg-revenue-monitoring-2025-26-outturn.pdf	https://Buckinghamshire.moderngov.co.uk/documents/s121507/dsg-revenue-monitoring-2025-26-outturn.pdf	Buckinghamshire	DSG Revenue Monitoring 2025-26 Outturn	normal
E06000064-westmorland-and-furnes-2026-06-26-cumbria-pensions-committee-47519-cpc-260626-provisional-budget-outturn-de.pdf	https://WestmorlandandFurness.moderngov.co.uk/documents/s47519/cpc-260626-provisional-budget-outturn-delivery-against-2025.pdf	Westmorland and Furness	CPC - 260626 Provisional Budget Outturn & Delivery against 2025/26 Business Plan	normal
E06000064-westmorland-and-furnes-2026-06-26-cumbria-pensions-committee-47522-appendix-2-provisional-budget-outturn-ad.pdf	https://WestmorlandandFurness.moderngov.co.uk/documents/s47522/appendix-2-provisional-budget-outturn-admin-budget.pdf	Westmorland and Furness	Appendix 2 - Provisional Budget Outturn Admin Budget	normal
E06000055-bedford-2026-06-25-pension-fund-committee-81193-20260625-agenda-item-12-statement-of-acc.pdf	https://councillorsupport.bedford.gov.uk/documents/s81193/20260625-agenda-item-12-statement-of-accounts-and-budget-out.pdf	Bedford	20260625 Agenda Item 12 - Statement of Accounts and Budget Outturn Position Final	normal
E06000060-buckinghamshire-2026-06-23-high-wycombe-town-committe-120996-report-for-high-wycombe-town-committee-s.pdf	https://Buckinghamshire.moderngov.co.uk/documents/s120996/report-for-high-wycombe-town-committee-special-expenses-outt.pdf	Buckinghamshire	Report for High Wycombe Town Committee Special Expenses Outturn 2025/26	normal
E06000060-buckinghamshire-2026-06-23-high-wycombe-town-committe-120997-appendix-a-for-high-wycombe-town-committ.pdf	https://Buckinghamshire.moderngov.co.uk/documents/s120997/appendix-a-for-high-wycombe-town-committee-special-expenses.pdf	Buckinghamshire	Appendix A for High Wycombe Town Committee Special Expenses Outturn 2025/26	normal
E06000033-southend-on-sea-2026-06-23-southend-schools-forum-71860-dedicated-schools-grant-dsg-2025-26-fina.pdf	https://democracy.southend.gov.uk/documents/s71860/dedicated-schools-grant-dsg-2025-26-final-outturn-report.pdf	Southend-on-Sea	Dedicated Schools Grant (DSG) 2025-26 Final Outturn Report	normal
E06000033-southend-on-sea-2026-06-23-southend-schools-forum-71861-appendices-1-and-2-dsg-final-outturn-202.pdf	https://democracy.southend.gov.uk/documents/s71861/appendices-1-and-2-dsg-final-outturn-2025-26.pdf	Southend-on-Sea	Appendices 1 and 2 - DSG Final Outturn 2025-26	normal
E06000058-bournemouth-christchur-2026-06-22-schools-forum-67044-dedicated-schools-grant-dsg-financial-ou.pdf	https://bcpcouncil.moderngov.co.uk/documents/s67044/dedicated-schools-grant-dsg-financial-outturn-2025-26.pdf	Bournemouth, Christchurch and Poole	Dedicated Schools Grant (DSG) Financial Outturn 2025/26	normal
E07000138-city-of-lincoln-2026-06-19-shared-revenues-and-benefi-80388-19-6-26-rb-jc-financial-monitoring-outtu.pdf	https://democratic.lincoln.gov.uk/documents/s80388/19-6-26-rb-jc-financial-monitoring-outturn-2025-26-jr-mw-dra.pdf	City of Lincoln	19.6.26 RB JC Financial Monitoring Outturn 2025-26 - JR MW draft working copy LI	normal
E06000036-bracknell-forest-2026-06-15-berkshire-prosperity-board-221362-prosperity-board-operating-budget-20256.pdf	https://democratic.Bracknell-forest.gov.uk/documents/s221362/prosperity-board-operating-budget-20256-outturn-and-2627-dra.pdf	Bracknell Forest	Prosperity board operating budget 20256 outturn and 2627 draft budget may 2026 (004)	normal
E06000037-west-berkshire-2026-06-15-schools-forum-145038-11-draft-5-sf-15-06-2026-dsg-outturn-pap.pdf	http://decisionmaking.westberks.gov.uk/documents/s145038/11-draft-5-sf-15-06-2026-dsg-outturn-paper-2025-26-004.pdf	West Berkshire	11. DRAFT 5 - SF 15-06-2026 DSG Outturn Paper 2025-26 (004)	normal
E06000052-cornwall-2026-06-12-cornwall-inshore-fisheries-197623-budget-outturn-report-april-25-to-march.pdf	https://democracy.cornwall.gov.uk/documents/s197623/budget-outturn-report-april-25-to-march-26-report.pdf	Cornwall	Budget Outturn Report April 25 to March 26 - Report	normal
E06000052-cornwall-2026-06-12-cornwall-inshore-fisheries-197624-budget-outturn-report-april-2025-to-marc.pdf	https://democracy.cornwall.gov.uk/documents/s197624/budget-outturn-report-april-2025-to-march-2026-appendix-1-an.pdf	Cornwall	Budget Outturn Report April 2025 to March 2026 - Appendix 1 and 2	normal
E06000052-cornwall-2026-06-12-cornwall-inshore-fisheries-197625-budget-outturn-report-april-25-to-march.pdf	https://democracy.cornwall.gov.uk/documents/s197625/budget-outturn-report-april-25-to-march-26-appendix-3.pdf	Cornwall	Budget Outturn Report April 25 to March 26 - Appendix 3	normal
E09000007-camden-2026-06-02-schools-forum-133108-report-dsg-2025-26-outturn-and-2026-27-f.pdf	https://Camden.moderngov.co.uk/documents/s133108/report-dsg-2025-26-outturn-and-2026-27-funding-update-x.pdf	Camden	Report - DSG 2025-26 Outturn and 2026-27 Funding Update x	normal
E06000051-shropshire-2026-05-21-schools-forum-44669-paper-b-dedicated-schools-grant-monitori.pdf	https://shropshire.gov.uk/committee-services/documents/s44669/paper-b-dedicated-schools-grant-monitoring-2025-26-outturn.pdf	Shropshire	Paper B - Dedicated Schools Grant Monitoring - 2025-26 Outturn	normal
E06000051-shropshire-2026-05-21-schools-forum-44670-paper-b-dedicated-schools-grant-monitori.pdf	https://shropshire.gov.uk/committee-services/documents/s44670/paper-b-dedicated-schools-grant-monitoring-2025-26-outturn-a.pdf	Shropshire	Paper B - Dedicated Schools Grant Monitoring - 2025-26 Outturn - Appendix	normal
E08000036-wakefield-2026-05-07-wakefield-schools-forum-137737-7-dsg-outturn-202526-report.pdf	https://mg.wakefield.gov.uk/documents/s137737/7-dsg-outturn-202526-report.pdf	Wakefield	7. DSG Outturn 202526 report	normal
E06000019-herefordshire-2026-03-20-herefordshire-schools-foru-50132376-dedicated-schools-grant-202526-quarter-3.pdf	https://councillors.herefordshire.gov.uk/documents/s50132376/dedicated-schools-grant-202526-quarter-3-outturn.pdf	Herefordshire	Dedicated Schools Grant 202526 Quarter 3 Outturn	normal
E06000064-westmorland-and-furnes-2026-07-30-council-52559-appendix-1-capital-programme-changes-202.pdf	https://WestmorlandandFurness.moderngov.co.uk/documents/s52559/appendix-1-capital-programme-changes-2025-2031.pdf	Westmorland and Furness	Appendix 1 - Capital Programme Changes 2025-2031	normal
E47000004-liverpool-city-region-2026-07-17-liverpool-city-region-comb-85380-appendix-5-treasury-management-outturn-r.pdf	https://liverpoolcityregion-ca.moderngov.co.uk/documents/s85380/appendix-5-treasury-management-outturn-report-and-prudential.pdf	Liverpool City Region	Appendix 5 - Treasury Management Outturn Report and Prudential Indicators	normal
E06000043-brighton-and-hove-2026-07-16-cabinet-216430-appendix-7-capital-programme-performance.pdf	https://democracy.brighton-hove.gov.uk/documents/s216430/appendix-7-capital-programme-performance.pdf	Brighton and Hove	Appendix 7 - Capital programme performance	normal
E06000035-medway-2026-07-16-council-90470-amendments-to-the-revenue-budget-and-cap.pdf	http://democracy.medway.gov.uk/documents/s90470/amendments-to-the-revenue-budget-and-capital-programme.pdf	Medway	Amendments to the Revenue Budget and Capital Programme	normal
E06000034-thurrock-2026-07-15-cabinet-53325-appendix-5-capital-programme-summary-gf.pdf	https://democracy.thurrock.gov.uk/documents/s53325/appendix-5-capital-programme-summary-gf.pdf	Thurrock	Appendix 5 - Capital programme summary - GF	normal
E06000034-thurrock-2026-07-15-cabinet-53326-appendix-6-capital-programme-summary-hra.pdf	https://democracy.thurrock.gov.uk/documents/s53326/appendix-6-capital-programme-summary-hra.pdf	Thurrock	Appendix 6 - Capital programme summary - HRA	normal
E06000061-north-northamptonshire-2026-07-14-executive-38898-capital-programme-update-2026-27.pdf	https://NorthNorthants.moderngov.co.uk/documents/s38898/capital-programme-update-2026-27.pdf	North Northamptonshire	Capital Programme Update 2026/27	normal
E09000007-camden-2026-07-06-cabinet-133934-appendix-b-camden-s-capital-programme.pdf	https://Camden.moderngov.co.uk/documents/s133934/appendix-b-camden-s-capital-programme.pdf	Camden	Appendix B - Camden's Capital Programme	normal
E09000007-camden-2026-07-02-resources-and-corporate-pe-134003-appendix-b-camden-s-capital-programme.pdf	https://Camden.moderngov.co.uk/documents/s134003/appendix-b-camden-s-capital-programme.pdf	Camden	Appendix B - Camden's Capital Programme	normal
E10000034-worcestershire-2026-07-02-cabinet-61187-4-appendix-9-capital-programme-2-july-20.pdf	http://worcestershire.moderngov.co.uk/documents/s61187/4-appendix-9-capital-programme-2-july-2026.pdf	Worcestershire	4 Appendix 9 - Capital Programme 2 July 2026	normal
mg473-avon-fire-and-rescue-2026-07-01-avon-fire-authority-5622-treasury-management-strategy-review-for.pdf	https://AvonFire.moderngov.co.uk/documents/s5622/treasury-management-strategy-review-for-the-year-ending-marc.pdf	Avon Fire and Rescue	Treasury Management Strategy review for the year ending March 2026	normal
mg473-avon-fire-and-rescue-2026-07-01-avon-fire-authority-5623-appendix-1-prudential-indicators.pdf	https://AvonFire.moderngov.co.uk/documents/s5623/appendix-1-prudential-indicators.pdf	Avon Fire and Rescue	Appendix 1 Prudential Indicators	normal
E06000037-west-berkshire-2026-07-02-executive-145443-7-appendix-a-slippage-capital-programme.pdf	http://decisionmaking.westberks.gov.uk/documents/s145443/7-appendix-a-slippage-capital-programme-25-26.pdf	West Berkshire	7. Appendix A - Slippage Capital Programme 25-26	normal
E06000037-west-berkshire-2026-07-02-executive-145444-7-appendix-b-slippage-capital-programme.pdf	http://decisionmaking.westberks.gov.uk/documents/s145444/7-appendix-b-slippage-capital-programme-from-26-27-to-25-26.pdf	West Berkshire	7. Appendix B - Slippage Capital Programme from 26 27 to 25 26	normal
E09000033-westminster-2026-06-29-value-for-money-and-innova-72663-capital-programme-scrutiny-report.pdf	https://committees.westminster.gov.uk/documents/s72663/capital-programme-scrutiny-report.pdf	Westminster	Capital Programme -Scrutiny Report	normal
E09000033-westminster-2026-06-29-value-for-money-and-innova-72661-appendix-a-capital-programme-schedule.pdf	https://committees.westminster.gov.uk/documents/s72661/appendix-a-capital-programme-schedule.pdf	Westminster	Appendix A Capital Programme schedule	normal
E06000037-west-berkshire-2026-06-29-resources-and-place-scruti-145471-7a-appendix-a-slippage-capital-programme.pdf	http://decisionmaking.westberks.gov.uk/documents/s145471/7a-appendix-a-slippage-capital-programme-25-26.pdf	West Berkshire	7a. Appendix A - Slippage Capital Programme 25-26	normal
E06000037-west-berkshire-2026-06-29-resources-and-place-scruti-145472-7b-appendix-b-slippage-capital-programme.pdf	http://decisionmaking.westberks.gov.uk/documents/s145472/7b-appendix-b-slippage-capital-programme-from-26-27-to-25-26.pdf	West Berkshire	7b. Appendix B - Slippage Capital Programme from 26 27 to 25 26	normal
E06000058-bournemouth-christchur-2026-06-24-cabinet-66643-appendix-c2-capital-programme-detail-202.pdf	https://bcpcouncil.moderngov.co.uk/documents/s66643/appendix-c2-capital-programme-detail-2025-26.pdf	Bournemouth, Christchurch and Poole	Appendix C2 Capital Programme Detail 2025/26	normal
E06000058-bournemouth-christchur-2026-06-15-overview-and-scrutiny-boar-66652-appendix-c2-capital-programme-detail-202.pdf	https://bcpcouncil.moderngov.co.uk/documents/s66652/appendix-c2-capital-programme-detail-2025-26.pdf	Bournemouth, Christchurch and Poole	Appendix C2 Capital Programme Detail 2025/26	normal
E06000066-somerset-2026-06-10-scrutiny-committee-corpora-66962-appendix-n-gf-capital-programme-budget-a.pdf	https://Somerset.moderngov.co.uk/documents/s66962/appendix-n-gf-capital-programme-budget-and-funding.pdf	Somerset	Appendix N: GF Capital Programme Budget and Funding	normal
E06000066-somerset-2026-06-10-scrutiny-committee-corpora-66964-appendix-p-gf-2026-2027-capital-programm.pdf	https://Somerset.moderngov.co.uk/documents/s66964/appendix-p-gf-2026-2027-capital-programme-updated-with-actua.pdf	Somerset	Appendix P: GF 2026-2027 Capital Programme updated with Actual Slippage for 2025-2026	normal
E07000062-hastings-2026-06-08-cabinet-59244-draft-capital-strategy-2026-2725-02-2026.pdf	http://hastings.moderngov.co.uk/documents/s59244/draft-capital-strategy-2026-2725-02-2026.pdf	Hastings	Draft Capital Strategy 2026-2725-02-2026	normal
E06000066-somerset-2026-06-03-executive-66747-appendix-n-gf-capital-programme-budget-f.pdf	https://Somerset.moderngov.co.uk/documents/s66747/appendix-n-gf-capital-programme-budget-funding.pdf	Somerset	Appendix N - GF Capital Programme Budget & Funding	normal
E06000066-somerset-2026-06-03-executive-66749-appendix-p-gf-2026-27-capital-programme.pdf	https://Somerset.moderngov.co.uk/documents/s66749/appendix-p-gf-2026-27-capital-programme-updated-with-actual.pdf	Somerset	Appendix P - GF 2026-27 Capital Programme updated with Actual Slippage for 2025-26	normal
E06000061-north-northamptonshire-2026-05-12-executive-37573-capital-programme-update-2025-26.pdf	https://NorthNorthants.moderngov.co.uk/documents/s37573/capital-programme-update-2025-26.pdf	North Northamptonshire	Capital Programme Update 2025/26	normal
E07000064-rother-2026-05-11-cabinet-15472-appendix-1-capital-strategy-pdf.pdf	http://Rother.moderngov.co.uk/documents/s15472/appendix-1-capital-strategy-pdf.pdf	Rother	Appendix 1 - Capital Strategy PDF	normal
E06000064-westmorland-and-furnes-2026-05-07-council-39991-cl-capital-programme-changes-at-q3-and-f.pdf	https://WestmorlandandFurness.moderngov.co.uk/documents/s39991/cl-capital-programme-changes-at-q3-and-flexible-use-of-capit.pdf	Westmorland and Furness	CL -'Capital Programme Changes at Q3 and Flexible Use of Capital Receipts'	normal
E06000064-westmorland-and-furnes-2026-05-07-council-39992-appendix-1-capital-programme-changes-q3.pdf	https://WestmorlandandFurness.moderngov.co.uk/documents/s39992/appendix-1-capital-programme-changes-q3.pdf	Westmorland and Furness	Appendix 1 - Capital Programme Changes Q3	normal
E06000064-westmorland-and-furnes-2026-05-07-council-39994-appendix-2-capital-programme-2025-26-to.pdf	https://WestmorlandandFurness.moderngov.co.uk/documents/s39994/appendix-2-capital-programme-2025-26-to-2030-31-q3.pdf	Westmorland and Furness	Appendix 2 - Capital Programme 2025-26 to 2030-31 Q3	normal
E07000064-rother-2026-04-13-cabinet-15242-appendix-b-capital-programme-summary-p10.pdf	http://Rother.moderngov.co.uk/documents/s15242/appendix-b-capital-programme-summary-p10-2025-26.pdf	Rother	Appendix B - Capital Programme Summary P10 2025/26	normal
E09000012-hackney-2026-03-30-pensions-committee-97651-pc-30-march-2026-pension-fund-treasury-m.pdf	https://Hackney.moderngov.co.uk/documents/s97651/pc-30-march-2026-pension-fund-treasury-management-strategy-c.pdf	Hackney	PC 30 March 2026 - Pension Fund Treasury Management Strategy - Cover Report (1)	normal
E09000012-hackney-2026-03-30-pensions-committee-97652-30-march-2026-appendix-1-pension-fund-tr.pdf	https://Hackney.moderngov.co.uk/documents/s97652/30-march-2026-appendix-1-pension-fund-treasury-management-st.pdf	Hackney	30 March 2026 - Appendix 1 Pension Fund Treasury Management Strategy - Appendix 1.docx (1)	normal
E06000058-bournemouth-christchur-2026-03-24-council-65401-children-s-services-capital-strategy-rep.pdf	https://bcpcouncil.moderngov.co.uk/documents/s65401/children-s-services-capital-strategy-report-2026-2028.pdf	Bournemouth, Christchurch and Poole	Children's Services Capital Strategy Report 2026-2028	normal
E10000018-leicestershire-2026-03-24-cabinet-195394-final-capital-programme-2026-27-cabinet.pdf	https://democracy.leics.gov.uk/documents/s195394/final-capital-programme-2026-27-cabinet-240326.pdf	Leicestershire	FINAL Capital Programme 2026-27 Cabinet 240326	normal
E10000018-leicestershire-2026-03-24-cabinet-195395-appendix-a-etd-capital-programme.pdf	https://democracy.leics.gov.uk/documents/s195395/appendix-a-etd-capital-programme.pdf	Leicestershire	Appendix A - ETD Capital Programme	normal
E47000002-south-yorkshire-mayora-2026-03-24-mayoral-combined-authority-20942-20-annual-group-budget-treasury-manageme.pdf	https://southyorkshire-ca.moderngov.co.uk/documents/s20942/20-annual-group-budget-treasury-management-strategy-2026-27.pdf	South Yorkshire Mayoral Combined Authority	20. Annual Group Budget & Treasury Management Strategy 2026-27	normal
S12000036-city-of-edinburgh-2026-03-20-lothian-valuation-joint-bo-96148-4-2-annual-treasury-management-strategy.pdf	https://democracy.edinburgh.gov.uk/documents/s96148/4-2-annual-treasury-management-strategy.pdf	City of Edinburgh	4.2 - Annual Treasury Management Strategy	normal
E06000043-brighton-and-hove-2026-03-19-cabinet-213644-planned-maintenance-budget-and-asset-man.pdf	https://democracy.brighton-hove.gov.uk/documents/s213644/planned-maintenance-budget-and-asset-management-fund-allocat.pdf	Brighton and Hove	Planned Maintenance Budget and Asset Management Fund Allocations and Education Capital Resources and Capital Investment Programme 2026-2027	normal
E10000016-kent-2026-08-03-scrutiny-committee-138324-2600030-revenue-and-capital-budget-monit.pdf	https://democracy.kent.gov.uk/documents/s138324/2600030-revenue-and-capital-budget-monitoring-report-outturn.pdf	Kent	2600030 - Revenue and Capital Budget Monitoring Report - Outturn 2025-2026	normal
E06000023-city-of-bristol-2026-07-30-environment-and-sustainabi-129156-appendix-a1a-bcc-2025-26-provisional-out.pdf	https://Democracy.Bristol.gov.uk/documents/s129156/appendix-a1a-bcc-2025-26-provisional-outturn-revenue.pdf	City of Bristol	Appendix A1a - BCC 2025-26 Provisional Outturn - Revenue	normal
E06000023-city-of-bristol-2026-07-30-environment-and-sustainabi-129157-appendix-a1b-bcc-2025-26-provisional-out.pdf	https://Democracy.Bristol.gov.uk/documents/s129157/appendix-a1b-bcc-2025-26-provisional-outturn-capital-investm.pdf	City of Bristol	Appendix A1b - BCC 2025-26 Provisional Outturn - Capital & Investments	normal
E10000007-derbyshire-2026-07-30-cabinet-35445-treasury-management-outturn-report-2025.pdf	https://democracy.derbyshire.gov.uk/documents/s35445/treasury-management-outturn-report-2025-26.pdf	Derbyshire	Treasury Management Outturn Report 2025-26	normal
E10000007-derbyshire-2026-07-30-cabinet-35446-capital-outturn-for-2025-26.pdf	https://democracy.derbyshire.gov.uk/documents/s35446/capital-outturn-for-2025-26.pdf	Derbyshire	Capital Outturn for 2025-26	normal
E07000141-south-kesteven-2026-07-30-culture-and-leisure-overvi-51983-leisuresk-finance-outturn-2025-26.pdf	https://southkesteven.moderngov.co.uk/documents/s51983/leisuresk-finance-outturn-2025-26.pdf	South Kesteven	LeisureSK Finance Outturn 2025-26	normal
E09000004-bexley-2026-07-29-general-purposes-and-audit-125892-item-8-lbb-treasury-outturn-report-2025.pdf	https://democracy.bexley.gov.uk/documents/s125892/item-8-lbb-treasury-outturn-report-2025-26-final-for-gpac.pdf	Bexley	Item 8 LBB Treasury Outturn Report 2025-26 Final for GPAC	normal
E07000108-dover-2026-07-29-governance-committee-67826-draft-annex-1a-tm-outturn-report-fy-2025.pdf	https://moderngov.dover.gov.uk/documents/s67826/draft-annex-1a-tm-outturn-report-fy-2025-26.pdf	Dover	Draft Annex 1A-TM-Outturn-Report-FY 2025-26	normal
E07000108-dover-2026-07-29-governance-committee-67819-2025-26-outturn-report-governance.pdf	https://moderngov.dover.gov.uk/documents/s67819/2025-26-outturn-report-governance.pdf	Dover	2025-26 Outturn Report - Governance	normal
E09000008-croydon-2026-07-29-cabinet-72215-2025-26-provisional-outturn-financial-pe.pdf	https://democracy.croydon.gov.uk/documents/s72215/2025-26-provisional-outturn-financial-performance-report.pdf	Croydon	2025-26 Provisional Outturn Financial Performance Report	normal
E09000005-brent-2026-07-29-resources-and-public-realm-158852-7a-appendix-1-financial-outturn-25-26.pdf	http://democracy.brent.gov.uk/documents/s158852/7a-appendix-1-financial-outturn-25-26.pdf	Brent	7a. Appendix 1 - Financial Outturn 25-26	normal
E08000005-rochdale-2026-07-29-corporate-overview-and-scr-123627-revenue-finance-outturn-2025-26.pdf	https://Rochdale.moderngov.co.uk/documents/s123627/revenue-finance-outturn-2025-26.pdf	Rochdale	Revenue Finance Outturn 2025/26	normal
E08000008-tameside-2026-07-29-executive-cabinet-209395-2026-27-revenue-budget-quarter-1-forecas.pdf	https://tameside.moderngov.co.uk/documents/s209395/2026-27-revenue-budget-quarter-1-forecast-outturn.pdf	Tameside	2026/27 REVENUE BUDGET - QUARTER 1 FORECAST OUTTURN	normal
E08000008-tameside-2026-07-29-executive-cabinet-209402-2026-27-capital-budget-quarter-1-forecas.pdf	https://tameside.moderngov.co.uk/documents/s209402/2026-27-capital-budget-quarter-1-forecast-outturn.pdf	Tameside	2026/27 CAPITAL BUDGET - QUARTER 1 FORECAST OUTTURN	normal
E09000030-tower-hamlets-2026-07-29-cabinet-274199-budget-monitoring-2025-26-provisional-ou.pdf	https://TowerHamlets.moderngov.co.uk/documents/s274199/budget-monitoring-2025-26-provisional-outturn.pdf	Tower Hamlets	Budget Monitoring 2025-26 - Provisional Outturn	normal
E09000030-tower-hamlets-2026-07-29-cabinet-274200-appendix-1-2025-26-provisional-outturn-g.pdf	https://TowerHamlets.moderngov.co.uk/documents/s274200/appendix-1-2025-26-provisional-outturn-general-fund-revenue.pdf	Tower Hamlets	Appendix 1 - 2025-26 Provisional Outturn General Fund Revenue by Service Area	normal
E09000030-tower-hamlets-2026-07-29-cabinet-274201-appendix-2-2025-26-provisional-outturn-g.pdf	https://TowerHamlets.moderngov.co.uk/documents/s274201/appendix-2-2025-26-provisional-outturn-general-fund-variance.pdf	Tower Hamlets	Appendix 2 - 2025-26 Provisional Outturn General Fund Variances	normal
E09000030-tower-hamlets-2026-07-29-cabinet-274205-appendix-1-2026-27-period-2-forecast-out.pdf	https://TowerHamlets.moderngov.co.uk/documents/s274205/appendix-1-2026-27-period-2-forecast-outturn-general-fund-re.pdf	Tower Hamlets	Appendix 1 - 2026-27 Period 2 Forecast Outturn General Fund Revenue by Service Area	normal
E09000030-tower-hamlets-2026-07-29-cabinet-274206-appendix-2-2026-27-period-2-forecast-out.pdf	https://TowerHamlets.moderngov.co.uk/documents/s274206/appendix-2-2026-27-period-2-forecast-outturn-general-fund-va.pdf	Tower Hamlets	Appendix 2 - 2026-27 Period 2 Forecast Outturn General Fund Variances	normal
E07000134-north-west-leicestersh-2026-07-28-cabinet-52017-general-fund-finance-update-2025-26-prov.pdf	http://minutes-1.nwleics.gov.uk/documents/s52017/general-fund-finance-update-2025-26-provisional-outturn-cabi.pdf	North West Leicestershire	General Fund Finance Update - 2025/26 Provisional Outturn Cabinet Report	normal
E07000134-north-west-leicestersh-2026-07-28-cabinet-52018-25-26-outturn-report-appendix-1.pdf	http://minutes-1.nwleics.gov.uk/documents/s52018/25-26-outturn-report-appendix-1.pdf	North West Leicestershire	25-26 Outturn Report - Appendix 1	normal
E07000134-north-west-leicestersh-2026-07-28-cabinet-52019-25-26-outturn-report-appendix-2.pdf	http://minutes-1.nwleics.gov.uk/documents/s52019/25-26-outturn-report-appendix-2.pdf	North West Leicestershire	25-26 Outturn Report - Appendix 2	normal
E07000134-north-west-leicestersh-2026-07-28-cabinet-52020-25-26-outturn-report-appendix-3.pdf	http://minutes-1.nwleics.gov.uk/documents/s52020/25-26-outturn-report-appendix-3.pdf	North West Leicestershire	25-26 Outturn Report - Appendix 3	normal
E07000134-north-west-leicestersh-2026-07-28-cabinet-52021-appendix-4-capital-outturn.pdf	http://minutes-1.nwleics.gov.uk/documents/s52021/appendix-4-capital-outturn.pdf	North West Leicestershire	Appendix 4 - Capital Outturn	normal
E07000134-north-west-leicestersh-2026-07-28-cabinet-52032-housing-revenue-account-hra-finance-upda.pdf	http://minutes-1.nwleics.gov.uk/documents/s52032/housing-revenue-account-hra-finance-update-202526-provisiona.pdf	North West Leicestershire	Housing Revenue Account HRA Finance Update - 202526 Provisional Outturn Cabinet Report_v2	normal
E07000134-north-west-leicestersh-2026-07-28-cabinet-52009-appendix-a-hra-outturn.pdf	http://minutes-1.nwleics.gov.uk/documents/s52009/appendix-a-hra-outturn.pdf	North West Leicestershire	Appendix A - HRA Outturn	normal
E07000134-north-west-leicestersh-2026-07-28-cabinet-52008-appendix-b-capital-outturn-hra.pdf	http://minutes-1.nwleics.gov.uk/documents/s52008/appendix-b-capital-outturn-hra.pdf	North West Leicestershire	Appendix B - Capital Outturn HRA	normal
W06000023-powys-2026-07-28-cabinet-105716-revenue-cabinet-report-outturn-2025-26-c.pdf	https://powys.moderngov.co.uk/documents/s105716/revenue-cabinet-report-outturn-2025-26-cabinet-executive.pdf	Powys	Revenue Cabinet Report Outturn 2025-26 Cabinet Executive	normal
mg102-redditch-2026-07-28-executive-59113-treasury-management-outturn-report-2025.pdf	http://moderngovwebpublic.redditchbc.gov.uk/documents/s59113/treasury-management-outturn-report-2025-26.pdf	Redditch	Treasury Management Outturn Report 2025/26	normal
mg102-redditch-2026-07-28-executive-59195-quarter-4-financial-monitoring-and-outtu.pdf	http://moderngovwebpublic.redditchbc.gov.uk/documents/s59195/quarter-4-financial-monitoring-and-outturn-report-2025-26.pdf	Redditch	Quarter 4 Financial Monitoring and Outturn Report 2025-26	normal
E10000028-staffordshire-2026-07-28-corporate-overview-and-scr-208738-final-financial-outturn-2025-26.pdf	https://Staffordshire.moderngov.co.uk/documents/s208738/final-financial-outturn-2025-26.pdf	Staffordshire	Final Financial Outturn 2025/26	normal
E10000028-staffordshire-2026-07-28-corporate-overview-and-scr-208739-appendix-1-final-financial-outturn-2025.pdf	https://Staffordshire.moderngov.co.uk/documents/s208739/appendix-1-final-financial-outturn-2025-26-cabinet-report-17.pdf	Staffordshire	Appendix 1 - Final Financial Outturn 2025/26 – Cabinet Report – 17th June 2026	normal
E10000028-staffordshire-2026-07-28-corporate-overview-and-scr-208745-appendix-5-revenue-forecast-outturn-2026.pdf	https://Staffordshire.moderngov.co.uk/documents/s208745/appendix-5-revenue-forecast-outturn-2026-27.pdf	Staffordshire	Appendix 5 - Revenue Forecast Outturn 2026/27	normal
E07000200-babergh-2026-07-27-joint-audit-and-standards-43185-joint-tm-outturn-report-reviewed-1.pdf	http://baberghmidsuffolk.moderngov.co.uk/documents/s43185/joint-tm-outturn-report-reviewed-1.pdf	Babergh	Joint TM Outturn Report Reviewed (1)	normal
E09000030-tower-hamlets-2026-07-28-overview-scrutiny-committe-274444-appendix-1-2026-27-period-2-forecast-out.pdf	https://TowerHamlets.moderngov.co.uk/documents/s274444/appendix-1-2026-27-period-2-forecast-outturn-general-fund-re.pdf	Tower Hamlets	Appendix 1 - 2026-27 Period 2 Forecast Outturn General Fund Revenue by Service Area	normal
E09000030-tower-hamlets-2026-07-28-overview-scrutiny-committe-274445-appendix-2-2026-27-period-2-forecast-out.pdf	https://TowerHamlets.moderngov.co.uk/documents/s274445/appendix-2-2026-27-period-2-forecast-outturn-general-fund-va.pdf	Tower Hamlets	Appendix 2 - 2026-27 Period 2 Forecast Outturn General Fund Variances	normal
E09000030-tower-hamlets-2026-07-28-overview-scrutiny-committe-274449-budget-monitoring-2025-26-provisional-ou.pdf	https://TowerHamlets.moderngov.co.uk/documents/s274449/budget-monitoring-2025-26-provisional-outturn.pdf	Tower Hamlets	Budget Monitoring 2025-26 - Provisional Outturn	normal
E09000030-tower-hamlets-2026-07-28-overview-scrutiny-committe-274450-appendix-1-2025-26-provisional-outturn-g.pdf	https://TowerHamlets.moderngov.co.uk/documents/s274450/appendix-1-2025-26-provisional-outturn-general-fund-revenue.pdf	Tower Hamlets	Appendix 1 - 2025-26 Provisional Outturn General Fund Revenue by Service Area	normal
E09000030-tower-hamlets-2026-07-28-overview-scrutiny-committe-274451-appendix-2-2025-26-provisional-outturn-g.pdf	https://TowerHamlets.moderngov.co.uk/documents/s274451/appendix-2-2025-26-provisional-outturn-general-fund-variance.pdf	Tower Hamlets	Appendix 2 - 2025-26 Provisional Outturn General Fund Variances	normal
E07000170-ashfield-2026-07-27-cabinet-38048-2025-26-forecast-outturn-for-general-fun.pdf	https://democracy.ashfield.gov.uk/documents/s38048/2025-26-forecast-outturn-for-general-fund-housing-revenue-ac.pdf	Ashfield	2025/26 Forecast Outturn for General Fund, Housing Revenue Account (HRA) and Capital Programme	normal
E06000023-city-of-bristol-2026-07-27-economy-and-skills-policy-129090-appendix-a2-further-essential-background.pdf	https://Democracy.Bristol.gov.uk/documents/s129090/appendix-a2-further-essential-background-information-and-det.pdf	City of Bristol	Appendix A2 - Further essential background information and detail- BCC 2025-26 Provisional Outturn – Revenue	normal
E06000023-city-of-bristol-2026-07-27-economy-and-skills-policy-129091-appendix-a3-further-essential-background.pdf	https://Democracy.Bristol.gov.uk/documents/s129091/appendix-a3-further-essential-background-information-and-det.pdf	City of Bristol	Appendix A3 - Further essential background information and detail- BCC 2025-26 Provision Outturn – Capital & Investments	normal
E07000079-cotswold-2026-07-27-audit-governance-committee-16368-annex-a-to-treasury-outturn-report-2025.pdf	https://meetings.cotswold.gov.uk/documents/s16368/annex-a-to-treasury-outturn-report-2025-26.pdf	Cotswold	ANNEX A to Treasury Outturn Report 2025_26	normal
E07000107-dartford-2026-07-27-general-assembly-of-the-co-82055-capital-outturn-report-25-26.pdf	https://Dartford.moderngov.co.uk/documents/s82055/capital-outturn-report-25-26.pdf	Dartford	Capital outturn report 25-26	normal
E07000107-dartford-2026-07-27-general-assembly-of-the-co-82056-capital-outturn-2025-26-appendices-a-and.pdf	https://Dartford.moderngov.co.uk/documents/s82056/capital-outturn-2025-26-appendices-a-and-b.pdf	Dartford	Capital Outturn 2025-26 Appendices A and B	normal
E09000005-brent-2026-07-27-audit-and-standards-adviso-158843-08-treasury-management-outturn-2025-26-a.pdf	http://democracy.brent.gov.uk/documents/s158843/08-treasury-management-outturn-2025-26-asac-final.pdf	Brent	08. Treasury Management Outturn 2025.26 ASAC Final	normal
E09000005-brent-2026-07-27-cabinet-158746-07-financial-outturn-25-26.pdf	http://democracy.brent.gov.uk/documents/s158746/07-financial-outturn-25-26.pdf	Brent	07. Financial Outturn 25-26	normal
mg152-coventry-2026-07-27-audit-and-procurement-comm-67881-05-revenue-and-capital-outturn-2025-26.pdf	https://edemocracy.coventry.gov.uk/documents/s67881/05-revenue-and-capital-outturn-2025-26.pdf	Coventry	05 - Revenue and Capital Outturn 2025-26	normal
E09000030-tower-hamlets-2026-07-27-overview-scrutiny-committe-274211-appendix-1-2026-27-period-2-forecast-out.pdf	https://TowerHamlets.moderngov.co.uk/documents/s274211/appendix-1-2026-27-period-2-forecast-outturn-general-fund-re.pdf	Tower Hamlets	Appendix 1 - 2026-27 Period 2 Forecast Outturn General Fund Revenue by Service Area	normal
E09000030-tower-hamlets-2026-07-27-overview-scrutiny-committe-274212-appendix-2-2026-27-period-2-forecast-out.pdf	https://TowerHamlets.moderngov.co.uk/documents/s274212/appendix-2-2026-27-period-2-forecast-outturn-general-fund-va.pdf	Tower Hamlets	Appendix 2 - 2026-27 Period 2 Forecast Outturn General Fund Variances	normal
E09000030-tower-hamlets-2026-07-27-overview-scrutiny-committe-274191-budget-monitoring-2025-26-provisional-ou.pdf	https://TowerHamlets.moderngov.co.uk/documents/s274191/budget-monitoring-2025-26-provisional-outturn.pdf	Tower Hamlets	Budget Monitoring 2025-26 - Provisional Outturn	normal
E09000030-tower-hamlets-2026-07-27-overview-scrutiny-committe-274192-appendix-1-2025-26-provisional-outturn-g.pdf	https://TowerHamlets.moderngov.co.uk/documents/s274192/appendix-1-2025-26-provisional-outturn-general-fund-revenue.pdf	Tower Hamlets	Appendix 1 - 2025-26 Provisional Outturn General Fund Revenue by Service Area	normal
E09000030-tower-hamlets-2026-07-27-overview-scrutiny-committe-274193-appendix-2-2025-26-provisional-outturn-g.pdf	https://TowerHamlets.moderngov.co.uk/documents/s274193/appendix-2-2025-26-provisional-outturn-general-fund-variance.pdf	Tower Hamlets	Appendix 2 - 2025-26 Provisional Outturn General Fund Variances	normal
E10000015-hertfordshire-2026-07-24-audit-committee-77367-02-treasury-management-year-end-report-2.pdf	https://democracy.hertfordshire.gov.uk/documents/s77367/02-treasury-management-year-end-report-2025-26.pdf	Hertfordshire	02. Treasury management year end report 2025-26	normal
E07000076-tendring-2026-07-24-cabinet-82609-a1-report-financial-outturn-2025-26.pdf	https://tdcdemocracy.tendringdc.gov.uk/documents/s82609/a1-report-financial-outturn-2025-26.pdf	Tendring	A1 Report - Financial Outturn 2025-26	normal
E07000076-tendring-2026-07-24-cabinet-82610-a1-appendix-outturn-variances-etc.pdf	https://tdcdemocracy.tendringdc.gov.uk/documents/s82610/a1-appendix-outturn-variances-etc.pdf	Tendring	A1 Appendix - Outturn Variances etc	normal
E07000076-tendring-2026-07-24-cabinet-82606-a2-report-treasury-outturn-2025-26.pdf	https://tdcdemocracy.tendringdc.gov.uk/documents/s82606/a2-report-treasury-outturn-2025-26.pdf	Tendring	A2 Report - Treasury Outturn 2025-26	normal
E06000055-bedford-2026-07-23-trustees-of-the-mayor-of-b-81511-item-07-2025-2026-financial-statements.pdf	https://councillorsupport.bedford.gov.uk/documents/s81511/item-07-2025-2026-financial-statements.pdf	Bedford	Item 07 2025-2026 Financial Statements	normal
E07000107-dartford-2026-07-23-cabinet-82141-capital-outturn-report-25-26.pdf	https://Dartford.moderngov.co.uk/documents/s82141/capital-outturn-report-25-26.pdf	Dartford	Capital outturn report 25-26	normal
E07000107-dartford-2026-07-23-cabinet-82142-capital-outturn-2025-26-appendices-a-and.pdf	https://Dartford.moderngov.co.uk/documents/s82142/capital-outturn-2025-26-appendices-a-and-b.pdf	Dartford	Capital Outturn 2025-26 Appendices A and B	normal
E07000107-dartford-2026-07-23-cabinet-82144-revenue-outturn-report-25-26-final.pdf	https://Dartford.moderngov.co.uk/documents/s82144/revenue-outturn-report-25-26-final.pdf	Dartford	Revenue outturn report 25- 26 - Final	normal
E07000107-dartford-2026-07-23-cabinet-82146-revenue-outturn-appendix-b-final.pdf	https://Dartford.moderngov.co.uk/documents/s82146/revenue-outturn-appendix-b-final.pdf	Dartford	Revenue Outturn Appendix B - Final	normal
E07000107-dartford-2026-07-23-cabinet-82147-rev-outturn-appendix-c-hra-summary-2526.pdf	https://Dartford.moderngov.co.uk/documents/s82147/rev-outturn-appendix-c-hra-summary-2526.pdf	Dartford	Rev Outturn Appendix C HRA Summary 2526	normal
E07000107-dartford-2026-07-23-cabinet-82148-hra-outturn-25-26-appendix-d.pdf	https://Dartford.moderngov.co.uk/documents/s82148/hra-outturn-25-26-appendix-d.pdf	Dartford	HRA Outturn 25-26 Appendix D	normal
E09000014-haringey-2026-07-23-audit-committee-158540-02-cover-report-treasury-management-outt.pdf	http://www.minutes.haringey.gov.uk/documents/s158540/02-cover-report-treasury-management-outturn-2025-26.pdf	Haringey	02. Cover Report Treasury Management Outturn 2025.26	normal
E09000014-haringey-2026-07-23-audit-committee-158541-appendix1-treasurymanagementoutturnrepor.pdf	http://www.minutes.haringey.gov.uk/documents/s158541/appendix1-treasurymanagementoutturnreport-2025-26-v1.pdf	Haringey	Appendix1_TreasuryManagementOutturnReport-2025-26 V1	normal
E07000074-maldon-2026-07-23-strategy-and-resources-com-42401-treasury-management-outturn-2025-2026.pdf	https://democracy.maldon.gov.uk/documents/s42401/treasury-management-outturn-2025-2026.pdf	Maldon	Treasury Management Outturn 2025-2026	normal
E10000016-kent-2026-07-23-governance-and-audit-commi-138206-treasury-management-full-year-outturn-re.pdf	https://democracy.kent.gov.uk/documents/s138206/treasury-management-full-year-outturn-report-2025-26.pdf	Kent	Treasury Management Full Year Outturn Report 2025-26	normal
E07000146-kings-lynn-and-west-no-2026-07-23-cabinet-85851-revenue-outturn-report-2025-26-eia-cabin.pdf	https://democracy.west-norfolk.gov.uk/documents/s85851/revenue-outturn-report-2025-26-eia-cabinet-report.pdf	Kings Lynn and West Norfolk	Revenue Outturn Report 2025-26 EIA CABINET REPORT	normal
E07000146-kings-lynn-and-west-no-2026-07-23-cabinet-85850-capital-outturn-report-25-26.pdf	https://democracy.west-norfolk.gov.uk/documents/s85850/capital-outturn-report-25-26.pdf	Kings Lynn and West Norfolk	capital outturn report 25-26	normal
E07000146-kings-lynn-and-west-no-2026-07-23-cabinet-85838-for-publishing-appendix-a-capital-outtur.pdf	https://democracy.west-norfolk.gov.uk/documents/s85838/for-publishing-appendix-a-capital-outturn-2025-2026.pdf	Kings Lynn and West Norfolk	For publishing Appendix A Capital Outturn 2025-2026	normal
mg178-merseyside-fire-and-re-2026-07-23-policy-and-resources-commi-35963-revenue-capital-outturn-2025-26.pdf	http://mfra.merseyfire.gov.uk/documents/s35963/revenue-capital-outturn-2025-26.pdf	Merseyside Fire and Rescue Authority	Revenue & Capital Outturn 2025/26	normal
E06000031-peterborough-2026-07-23-sustainable-future-city-co-59683-final-outturn-report-2025-26-sfcc-30-06.pdf	https://Peterborough.moderngov.co.uk/documents/s59683/final-outturn-report-2025-26-sfcc-30-06-26.pdf	Peterborough	Final Outturn Report 2025-26 - SFCC 30-06-26	normal
E06000042-milton-keynes-2026-07-23-budget-resources-scrutiny-30166-2025-26-outturn-report.pdf	https://milton-keynes.moderngov.co.uk/documents/s30166/2025-26-outturn-report.pdf	Milton Keynes	2025-26 Outturn Report	normal
E06000042-milton-keynes-2026-07-23-budget-resources-scrutiny-30167-annex-a-budget-monitoring-summary-outtur.pdf	https://milton-keynes.moderngov.co.uk/documents/s30167/annex-a-budget-monitoring-summary-outturn.pdf	Milton Keynes	Annex A - Budget Monitoring Summary Outturn	normal
E06000042-milton-keynes-2026-07-23-budget-resources-scrutiny-30171-annex-d-capital-outturn-2025-26.pdf	https://milton-keynes.moderngov.co.uk/documents/s30171/annex-d-capital-outturn-2025-26.pdf	Milton Keynes	Annex D - Capital Outturn 2025-26	normal
E06000042-milton-keynes-2026-07-23-budget-resources-scrutiny-30174-annex-f-tariff-outturn-2025-26.pdf	https://milton-keynes.moderngov.co.uk/documents/s30174/annex-f-tariff-outturn-2025-26.pdf	Milton Keynes	Annex F - Tariff Outturn 2025-26	normal
E06000042-milton-keynes-2026-07-23-budget-resources-scrutiny-30175-annex-g-treasury-outturn-2025-26.pdf	https://milton-keynes.moderngov.co.uk/documents/s30175/annex-g-treasury-outturn-2025-26.pdf	Milton Keynes	Annex G - Treasury Outturn 2025-26	normal
mg102-redditch-2026-07-23-audit-governance-standards-59084-20260723-rbc-financial-outturn-report-20.pdf	http://moderngovwebpublic.redditchbc.gov.uk/documents/s59084/20260723-rbc-financial-outturn-report-202526.pdf	Redditch	20260723_RBC_Financial_Outturn_Report_202526	normal
mg102-redditch-2026-07-23-audit-governance-standards-59093-20260723-rbc-treasury-management-outturn.pdf	http://moderngovwebpublic.redditchbc.gov.uk/documents/s59093/20260723-rbc-treasury-management-outturn-202526.pdf	Redditch	20260723_RBC_Treasury_Management_Outturn_202526	normal
mg102-redditch-2026-07-23-audit-governance-standards-59095-appendix-1-treasury-management-outturn-r.pdf	http://moderngovwebpublic.redditchbc.gov.uk/documents/s59095/appendix-1-treasury-management-outturn-report-202526-v2.pdf	Redditch	Appendix 1 - Treasury Management Outturn Report 202526_v2	normal
E07000199-tamworth-2026-07-23-cabinet-44926-quarter-4-2025-26-provisional-outturn-an.pdf	https://Tamworth.moderngov.co.uk/documents/s44926/quarter-4-2025-26-provisional-outturn-and-financial-healthch.pdf	Tamworth	Quarter 4 2025/26 Provisional Outturn and Financial Healthcheck	normal
E07000199-tamworth-2026-07-23-cabinet-44927-quarter-4-2025-26-provisional-outturn-an.pdf	https://Tamworth.moderngov.co.uk/documents/s44927/quarter-4-2025-26-provisional-outturn-and-financial-healthch.pdf	Tamworth	Quarter 4 2025/26 Provisional Outturn and Financial Healthcheck enc. 1	normal
E06000027-torbay-2026-07-23-council-172142-council-notice-of-motion-budget-outturn.pdf	http://www.torbay.gov.uk/DemocraticServices/documents/s172142/council-notice-of-motion-budget-outturn.pdf	Torbay	Council Notice of Motion Budget Outturn	normal
E06000027-torbay-2026-07-23-council-172326-amendment-to-nom-budget-revenue-outturn.pdf	http://www.torbay.gov.uk/DemocraticServices/documents/s172326/amendment-to-nom-budget-revenue-outturn-2025-26-230726.pdf	Torbay	Amendment to NoM Budget Revenue Outturn 2025-26 230726	normal
E06000027-torbay-2026-07-23-council-172214-cabinet-record-of-decision-budget-monito.pdf	http://www.torbay.gov.uk/DemocraticServices/documents/s172214/cabinet-record-of-decision-budget-monitoring-revenue-and-cap.pdf	Torbay	Cabinet Record of Decision Budget Monitoring - Revenue and Capital Outturn 2025/26 Quarter 4	normal
E06000027-torbay-2026-07-23-council-172150-cabinet-response-to-overview-and-scrutin.pdf	http://www.torbay.gov.uk/DemocraticServices/documents/s172150/cabinet-response-to-overview-and-scrutiny-recommendation-bud.pdf	Torbay	Cabinet Response to Overview and Scrutiny Recommendation Budget Monitoring – Revenue and Capital Outturn 2025 26 Quarter 4	normal
E06000027-torbay-2026-07-23-council-172188-treasury-management-outturn-2025-26-repo.pdf	http://www.torbay.gov.uk/DemocraticServices/documents/s172188/treasury-management-outturn-2025-26-report.pdf	Torbay	Treasury Management Outturn 2025/26 Report	normal
E06000027-torbay-2026-07-23-council-172189-treasury-managment-outturn-2025-26-repor.pdf	http://www.torbay.gov.uk/DemocraticServices/documents/s172189/treasury-managment-outturn-2025-26-report-appendix-1.pdf	Torbay	Treasury Managment Outturn 2025/26 Report Appendix 1	normal
E06000027-torbay-2026-07-23-council-172190-treasury-managment-outturn-2025-26-repor.pdf	http://www.torbay.gov.uk/DemocraticServices/documents/s172190/treasury-managment-outturn-2025-26-report-appendix-2.pdf	Torbay	Treasury Managment Outturn 2025/26 Report Appendix 2	normal
E07000141-south-kesteven-2026-07-23-governance-and-audit-commi-51927-general-fund-provisional-outturn-report.pdf	https://southkesteven.moderngov.co.uk/documents/s51927/general-fund-provisional-outturn-report-2025-26.pdf	South Kesteven	General Fund Provisional Outturn Report 2025/26	normal
E07000141-south-kesteven-2026-07-23-governance-and-audit-commi-51928-appendix-a-for-general-fund-provisional.pdf	https://southkesteven.moderngov.co.uk/documents/s51928/appendix-a-for-general-fund-provisional-outturn-report-2025.pdf	South Kesteven	Appendix A for General Fund Provisional Outturn Report 2025/26	normal
E07000141-south-kesteven-2026-07-23-governance-and-audit-commi-51929-appendix-b-for-general-fund-provisional.pdf	https://southkesteven.moderngov.co.uk/documents/s51929/appendix-b-for-general-fund-provisional-outturn-report-2025.pdf	South Kesteven	Appendix B for General Fund Provisional Outturn Report 2025/26	normal
E07000141-south-kesteven-2026-07-23-governance-and-audit-commi-51930-appendix-c-for-general-fund-provisional.pdf	https://southkesteven.moderngov.co.uk/documents/s51930/appendix-c-for-general-fund-provisional-outturn-report-2025.pdf	South Kesteven	Appendix C for General Fund Provisional Outturn Report 2025/26	normal
E07000141-south-kesteven-2026-07-23-governance-and-audit-commi-51941-housing-revenue-account-provisional-outt.pdf	https://southkesteven.moderngov.co.uk/documents/s51941/housing-revenue-account-provisional-outturn-report-2025-26.pdf	South Kesteven	Housing Revenue Account Provisional Outturn Report 2025/26	normal
E07000141-south-kesteven-2026-07-23-governance-and-audit-commi-51932-appendix-a-for-housing-revenue-account-p.pdf	https://southkesteven.moderngov.co.uk/documents/s51932/appendix-a-for-housing-revenue-account-provisional-outturn-r.pdf	South Kesteven	Appendix A for Housing Revenue Account Provisional Outturn Report 2025/26	normal
E08000038-barnsley-2026-07-22-audit-and-governance-commi-136552-6b-appendix-a-plans-vs-outturn-25-26.pdf	https://barnsleymbc.moderngov.co.uk/documents/s136552/6b-appendix-a-plans-vs-outturn-25-26.pdf	Barnsley	6b. Appendix A - PLANS VS OUTTURN 25-26	normal
mg361-bridgend-cymraeg-2026-07-22-council-38277-council-capital-report-outturn-25-26-q1.pdf	https://democratic.bridgend.gov.uk/documents/s38277/council-capital-report-outturn-25-26-q1-26-27.pdf	Bridgend Cymraeg	Council Capital Report Outturn 25-26 Q1 26-27	normal
mg361-bridgend-cymraeg-2026-07-22-council-38285-treasury-management-outturn-2025-26.pdf	https://democratic.bridgend.gov.uk/documents/s38285/treasury-management-outturn-2025-26.pdf	Bridgend Cymraeg	Treasury Management Outturn 2025-26	normal
mg361-bridgend-cymraeg-2026-07-22-council-38286-appendix-a-treasury-management-outturn-r.pdf	https://democratic.bridgend.gov.uk/documents/s38286/appendix-a-treasury-management-outturn-report-25-26.pdf	Bridgend Cymraeg	Appendix A - Treasury Management Outturn Report 25-26	normal
mg19-bromsgrove-2026-07-22-cabinet-68016-treasury-management-outturn-report-2025.pdf	https://moderngovwebpublic.bromsgrove.gov.uk/documents/s68016/treasury-management-outturn-report-2025-26.pdf	Bromsgrove	Treasury Management Outturn Report 2025/26	normal
mg19-bromsgrove-2026-07-22-cabinet-68082-quarter-4-financial-monitoring-and-outtu.pdf	https://moderngovwebpublic.bromsgrove.gov.uk/documents/s68082/quarter-4-financial-monitoring-and-outturn-report-2025-26.pdf	Bromsgrove	Quarter 4 Financial Monitoring and Outturn report 2025-26	normal
E09000009-ealing-2026-07-22-audit-committee-26508-audit-committee-treasury-management-outt.pdf	https://Ealing.moderngov.co.uk/documents/s26508/audit-committee-treasury-management-outturn-2025-2026.pdf	Ealing	Audit Committee - Treasury Management Outturn 2025-2026	normal
E09000009-ealing-2026-07-22-audit-committee-26510-appendix-2-local-authorities-investment.pdf	https://Ealing.moderngov.co.uk/documents/s26510/appendix-2-local-authorities-investment-2025-2026-q4-outturn.pdf	Ealing	Appendix 2 - Local Authorities Investment 2025-2026 - Q4 Outturn	normal
E07000118-chorley-2026-07-22-audit-and-governance-commi-199142-treasury-management-outturn-report-2025.pdf	https://democracy.chorley.gov.uk/documents/s199142/treasury-management-outturn-report-2025-26-committee-report.pdf	Chorley	Treasury Management Outturn Report 2025/26 Committee Report Template	normal
E07000036-erewash-2026-07-22-council-executive-42783-annual-treasury-management-outturn-2526v.pdf	https://moderngov.erewash.gov.uk/documents/s42783/annual-treasury-management-outturn-2526v2.pdf	Erewash	Annual Treasury Management Outturn_2526v2	normal
mg57-greenwich-2026-07-22-council-20193-treasury-management-and-capital-outturn.pdf	https://committees.royalgreenwich.gov.uk/documents/s20193/treasury-management-and-capital-outturn-2025-26.pdf	Greenwich	Treasury Management and Capital Outturn 2025-26	normal
E07000112-folkestone-and-hythe-2026-07-22-cabinet-55838-hra-cabinet-report-revenue-and-capital-p.pdf	https://Folkestone-Hythe.moderngov.co.uk/documents/s55838/hra-cabinet-report-revenue-and-capital-provisional-final-out.pdf	Folkestone and Hythe	HRA Cabinet report - Revenue and Capital Provisional Final Outturn 25-26	normal
E07000112-folkestone-and-hythe-2026-07-22-cabinet-55835-appendix-1-hra-revenue-outturn-30-06-202.pdf	https://Folkestone-Hythe.moderngov.co.uk/documents/s55835/appendix-1-hra-revenue-outturn-30-06-2026-finance-and-perfor.pdf	Folkestone and Hythe	Appendix 1 - HRA Revenue Outturn, 30/06/2026 Finance and Performance Scrutiny Sub-Committee	normal
E07000112-folkestone-and-hythe-2026-07-22-cabinet-55836-appendix-2-hra-capital-outturn-30-06-202.pdf	https://Folkestone-Hythe.moderngov.co.uk/documents/s55836/appendix-2-hra-capital-outturn-30-06-2026-finance-and-perfor.pdf	Folkestone and Hythe	Appendix 2 - HRA Capital Outturn, 30/06/2026 Finance and Performance Scrutiny Sub-Committee	normal
E07000112-folkestone-and-hythe-2026-07-22-cabinet-55839-2025-26-general-fund-revenue-provisional.pdf	https://Folkestone-Hythe.moderngov.co.uk/documents/s55839/2025-26-general-fund-revenue-provisional-outturn-report.pdf	Folkestone and Hythe	2025.26 General Fund Revenue Provisional Outturn Report	normal
E07000112-folkestone-and-hythe-2026-07-22-cabinet-55840-appendix-a-2025-26-general-fund-provisio.pdf	https://Folkestone-Hythe.moderngov.co.uk/documents/s55840/appendix-a-2025-26-general-fund-provisional-outturn-summary.pdf	Folkestone and Hythe	Appendix A - 2025.26 General Fund Provisional Outturn Summary Table, 30/06/2026 Finance and Performance Scrutiny Sub-Committee	normal
E07000112-folkestone-and-hythe-2026-07-22-cabinet-55841-appendix-b-list-of-revenue-outturn-varia.pdf	https://Folkestone-Hythe.moderngov.co.uk/documents/s55841/appendix-b-list-of-revenue-outturn-variations-40k-and-above.pdf	Folkestone and Hythe	Appendix B - List of Revenue Outturn Variations £40k and above, 30/06/2026 Finance and Performance Scrutiny Sub-Committee	normal
E07000112-folkestone-and-hythe-2026-07-22-cabinet-55842-appendix-c-2025-26-general-fund-outturn.pdf	https://Folkestone-Hythe.moderngov.co.uk/documents/s55842/appendix-c-2025-26-general-fund-outturn-reserves-analysis-30.pdf	Folkestone and Hythe	Appendix C - 2025.26 General Fund Outturn Reserves Analysis, 30/06/2026 Finance and Performance Scrutiny Sub-Committee	normal
E07000112-folkestone-and-hythe-2026-07-22-cabinet-55868-capital-provisional-outturn-report-25-26.pdf	https://Folkestone-Hythe.moderngov.co.uk/documents/s55868/capital-provisional-outturn-report-25-26-js.pdf	Folkestone and Hythe	Capital Provisional Outturn Report 25_26 JS	normal
E07000112-folkestone-and-hythe-2026-07-22-cabinet-55869-appendix-1-general-fund-capital-programm.pdf	https://Folkestone-Hythe.moderngov.co.uk/documents/s55869/appendix-1-general-fund-capital-programme-25-26-provisional.pdf	Folkestone and Hythe	Appendix 1 - General Fund Capital Programme 25_26 Provisional Outturn	normal
E07000147-north-norfolk-2026-07-22-council-23238-outturn-report-2025-26-final.pdf	https://modgov.north-norfolk.gov.uk/documents/s23238/outturn-report-2025-26-final.pdf	North Norfolk	Outturn Report 2025-26 Final	normal
E07000147-north-norfolk-2026-07-22-council-23239-appx-a-general-fund-summary-outturn-25-2.pdf	https://modgov.north-norfolk.gov.uk/documents/s23239/appx-a-general-fund-summary-outturn-25-26.pdf	North Norfolk	Appx A General Fund Summary Outturn 25-26	normal
E07000147-north-norfolk-2026-07-22-council-23240-appx-b-corporate-outturn-2025-26-lsx.pdf	https://modgov.north-norfolk.gov.uk/documents/s23240/appx-b-corporate-outturn-2025-26-lsx.pdf	North Norfolk	Appx B Corporate Outturn 2025-26.lsx	normal
E07000147-north-norfolk-2026-07-22-council-23241-appx-b-resources-outturn-2025-26-lsx.pdf	https://modgov.north-norfolk.gov.uk/documents/s23241/appx-b-resources-outturn-2025-26-lsx.pdf	North Norfolk	Appx B Resources Outturn 2025-26.lsx	normal
E07000147-north-norfolk-2026-07-22-council-23242-appx-b-service-delivery-outturn-2025-26.pdf	https://modgov.north-norfolk.gov.uk/documents/s23242/appx-b-service-delivery-outturn-2025-26-lsx.pdf	North Norfolk	Appx B Service Delivery Outturn 2025-26.lsx	normal
E07000147-north-norfolk-2026-07-22-council-23243-appx-c-reserve-statement-outturn-2025-26.pdf	https://modgov.north-norfolk.gov.uk/documents/s23243/appx-c-reserve-statement-outturn-2025-26.pdf	North Norfolk	Appx C Reserve Statement Outturn 2025-26	normal
E07000147-north-norfolk-2026-07-22-council-23244-appx-d-capital-programme-outturn-2025-26.pdf	https://modgov.north-norfolk.gov.uk/documents/s23244/appx-d-capital-programme-outturn-2025-26.pdf	North Norfolk	Appx D Capital Programme Outturn 2025-26	normal
mg482-rbkc-royal-borough-of-2026-07-22-full-council-35161-260722-treasury-outturn-appendix-1.pdf	https://www.rbkc.gov.uk/Committees/documents/s35161/260722-treasury-outturn-appendix-1.pdf	RBKC - Royal Borough of Kensington and Chelsea	260722 Treasury Outturn Appendix 1	normal
E08000004-oldham-2026-07-22-audit-committee-160736-treasury-management-outturn-report-2025.pdf	http://committees.oldham.gov.uk/documents/s160736/treasury-management-outturn-report-2025-26.pdf	Oldham	Treasury Management Outturn Report 2025-26	normal
E07000114-thanet-2026-07-22-cabinet-96922-provisional-outturn-report-2025-26-v2.pdf	https://Thanet.moderngov.co.uk/documents/s96922/provisional-outturn-report-2025-26-v2.pdf	Thanet	Provisional Outturn Report, 2025-26 V2	normal
E07000114-thanet-2026-07-22-cabinet-96905-annex-3-hra-revenue-outturn-25-26-google.pdf	https://Thanet.moderngov.co.uk/documents/s96905/annex-3-hra-revenue-outturn-25-26-google-docs.pdf	Thanet	Annex 3 - HRA Revenue Outturn 25_26 - Google Docs	normal
E07000181-west-oxfordshire-2026-07-22-council-17449-outturn-report-2025-26-final-29-05-26.pdf	https://meetings.westoxon.gov.uk/documents/s17449/outturn-report-2025-26-final-29-05-26.pdf	West Oxfordshire	Outturn Report 2025-26 FINAL 29.05.26	normal
W06000001-isle-of-anglesey-2026-07-21-the-executive-23637-capital-outturn-2025-26.pdf	https://democracy.anglesey.gov.uk/documents/s23637/capital-outturn-2025-26.pdf	Isle of Anglesey	Capital Outturn 2025/26	normal
W06000013-bridgend-2026-07-21-cabinet-38268-treasury-management-outturn-2025-26.pdf	https://democratic.bridgend.gov.uk/documents/s38268/treasury-management-outturn-2025-26.pdf	Bridgend	Treasury Management Outturn 2025-26	normal
W06000013-bridgend-2026-07-21-cabinet-38269-appendix-a-treasury-management-outturn-r.pdf	https://democratic.bridgend.gov.uk/documents/s38269/appendix-a-treasury-management-outturn-report-25-26.pdf	Bridgend	Appendix A - Treasury Management Outturn Report 25-26	normal
W06000013-bridgend-2026-07-21-cabinet-38270-cabinet-capital-report-outturn-25-26-q1.pdf	https://democratic.bridgend.gov.uk/documents/s38270/cabinet-capital-report-outturn-25-26-q1-26-27.pdf	Bridgend	Cabinet Capital Report Outturn 25-26 Q1 26-27	normal
mg57-greenwich-2026-07-21-audit-and-risk-management-20257-treasury-management-and-capital-outturn.pdf	https://committees.royalgreenwich.gov.uk/documents/s20257/treasury-management-and-capital-outturn-202526.pdf	Greenwich	Treasury Management and Capital Outturn 202526	normal
E09000012-hackney-2026-07-21-scrutiny-panel-99234-item-7e-scrutiny-panel-final-capital-out.pdf	https://Hackney.moderngov.co.uk/documents/s99234/item-7e-scrutiny-panel-final-capital-outturn-2025-2026.pdf	Hackney	Item 7e SCRUTINY PANEL_ Final Capital Outturn 2025-2026	normal
E09000014-haringey-2026-07-21-overview-and-scrutiny-comm-158499-202526-provisional-budget-outturn.pdf	http://www.minutes.haringey.gov.uk/documents/s158499/202526-provisional-budget-outturn.pdf	Haringey	202526 Provisional Budget Outturn	normal
E09000014-haringey-2026-07-21-overview-and-scrutiny-comm-158511-appendix-7-hra-housing-revenue-account-e.pdf	http://www.minutes.haringey.gov.uk/documents/s158511/appendix-7-hra-housing-revenue-account-eoy-outturn-2025-26.pdf	Haringey	Appendix 7 HRA - Housing Revenue Account EOY Outturn 2025-26	normal
E07000175-newark-and-sherwood-2026-07-21-cabinet-26828-21-07-26-financial-outturn-report-to-31.pdf	https://democracy.newark-sherwooddc.gov.uk/documents/s26828/21-07-26-financial-outturn-report-to-31-march-2026.pdf	Newark and Sherwood	21.07.26 - Financial Outturn Report to 31 March 2026	normal
E07000175-newark-and-sherwood-2026-07-21-cabinet-26829-21-07-26-financial-outturn-report-append.pdf	https://democracy.newark-sherwooddc.gov.uk/documents/s26829/21-07-26-financial-outturn-report-appendix-a.pdf	Newark and Sherwood	21.07.26 - Financial Outturn Report - Appendix A	normal
E07000175-newark-and-sherwood-2026-07-21-cabinet-26830-21-07-26-financial-outturn-report-append.pdf	https://democracy.newark-sherwooddc.gov.uk/documents/s26830/21-07-26-financial-outturn-report-appendix-b.pdf	Newark and Sherwood	21.07.26 - Financial Outturn Report - Appendix B	normal
E07000175-newark-and-sherwood-2026-07-21-cabinet-26831-21-07-26-financial-outturn-report-append.pdf	https://democracy.newark-sherwooddc.gov.uk/documents/s26831/21-07-26-financial-outturn-report-appendix-c.pdf	Newark and Sherwood	21.07.26 - Financial Outturn Report - Appendix C	normal
E07000175-newark-and-sherwood-2026-07-21-cabinet-26832-21-07-26-financial-outturn-report-append.pdf	https://democracy.newark-sherwooddc.gov.uk/documents/s26832/21-07-26-financial-outturn-report-appendix-d.pdf	Newark and Sherwood	21.07.26 - Financial Outturn Report - Appendix D	normal
E07000175-newark-and-sherwood-2026-07-21-cabinet-26833-21-07-26-financial-outturn-report-append.pdf	https://democracy.newark-sherwooddc.gov.uk/documents/s26833/21-07-26-financial-outturn-report-appendix-e.pdf	Newark and Sherwood	21.07.26 - Financial Outturn Report - Appendix E	normal
E07000175-newark-and-sherwood-2026-07-21-cabinet-26834-21-07-26-financial-outturn-report-append.pdf	https://democracy.newark-sherwooddc.gov.uk/documents/s26834/21-07-26-financial-outturn-report-appendix-f.pdf	Newark and Sherwood	21.07.26 - Financial Outturn Report - Appendix F	normal
E07000175-newark-and-sherwood-2026-07-21-cabinet-26835-21-07-26-financial-outturn-report-append.pdf	https://democracy.newark-sherwooddc.gov.uk/documents/s26835/21-07-26-financial-outturn-report-appendix-g-reserves-gf.pdf	Newark and Sherwood	21.07.26 - Financial Outturn Report - Appendix G - Reserves GF	normal
E07000175-newark-and-sherwood-2026-07-21-cabinet-26836-21-07-26-financial-outturn-report-append.pdf	https://democracy.newark-sherwooddc.gov.uk/documents/s26836/21-07-26-financial-outturn-report-appendix-h-reserves-hra.pdf	Newark and Sherwood	21.07.26 - Financial Outturn Report - Appendix H - Reserves HRA	normal
E07000175-newark-and-sherwood-2026-07-21-cabinet-26837-21-07-26-financial-outturn-report-append.pdf	https://democracy.newark-sherwooddc.gov.uk/documents/s26837/21-07-26-financial-outturn-report-appendix-i.pdf	Newark and Sherwood	21.07.26 - Financial Outturn Report - Appendix I	normal
E47000010-north-east-2026-07-21-cabinet-1689-2025-26-outturn-and-2026-27-budget-repor.pdf	https://NorthEast-CA.moderngov.co.uk/documents/s1689/2025-26-outturn-and-2026-27-budget-reporting-update-report.pdf	North East	2025 26 Outturn and 2026 27 Budget Reporting Update report	normal
W06000022-newport-2026-07-21-council-36321-07-2025-26-tm-outturn-monitoring-report.pdf	https://democracy.newport.gov.uk/documents/s36321/07-2025-26-tm-outturn-monitoring-report-council.pdf	Newport	07 2025-26 TM Outturn Monitoring Report Council	normal
E07000175-newark-and-sherwood-2026-07-21-executive-shareholder-comm-26792-appendix-3-sports-development-outturn.pdf	https://democracy.newark-sherwooddc.gov.uk/documents/s26792/appendix-3-sports-development-outturn.pdf	Newark and Sherwood	Appendix 3 - Sports Development Outturn	normal
E06000044-portsmouth-2026-07-21-cabinet-63406-treasury-management-outturn-report-2026.pdf	https://democracy.portsmouth.gov.uk/documents/s63406/treasury-management-outturn-report-2026-2026.pdf	Portsmouth	Treasury Management Outturn Report 2026/2026	normal
E06000044-portsmouth-2026-07-21-cabinet-member-for-childre-63508-dedicated-schools-grant-outturn-2025-26.pdf	https://democracy.portsmouth.gov.uk/documents/s63508/dedicated-schools-grant-outturn-2025-26-and-revised-budget-2.pdf	Portsmouth	Dedicated Schools Grant Outturn 2025-26 and Revised Budget 2026-27	normal
E07000075-rochford-2026-07-21-strategy-finance-policy-ec-5877-2025-26-budget-outturn-report.pdf	https://rochford.moderngov.co.uk/documents/s5877/2025-26-budget-outturn-report.pdf	Rochford	2025/26 Budget Outturn Report	normal
E07000126-south-ribble-2026-07-21-audit-and-governance-commi-57901-treasury-management-outturn-report-2025.pdf	http://southribble.moderngov.co.uk/documents/s57901/treasury-management-outturn-report-2025-26-committee-report.pdf	South Ribble	Treasury Management Outturn Report 2025/26 Committee report template	normal
E07000141-south-kesteven-2026-07-21-finance-and-economic-overv-51872-housing-revenue-account-provisional-outt.pdf	https://southkesteven.moderngov.co.uk/documents/s51872/housing-revenue-account-provisional-outturn-report-2025-26.pdf	South Kesteven	Housing Revenue Account Provisional Outturn Report 2025/26	normal
E07000141-south-kesteven-2026-07-21-finance-and-economic-overv-51873-appendix-a-for-housing-revenue-account-p.pdf	https://southkesteven.moderngov.co.uk/documents/s51873/appendix-a-for-housing-revenue-account-provisional-outturn-r.pdf	South Kesteven	Appendix A for Housing Revenue Account Provisional Outturn Report 2025/26	normal
E07000141-south-kesteven-2026-07-21-finance-and-economic-overv-51874-appendix-b-for-housing-revenue-account-p.pdf	https://southkesteven.moderngov.co.uk/documents/s51874/appendix-b-for-housing-revenue-account-provisional-outturn-r.pdf	South Kesteven	Appendix B for Housing Revenue Account Provisional Outturn Report 2025/26	normal
E07000141-south-kesteven-2026-07-21-finance-and-economic-overv-51841-general-fund-provisional-outturn-report.pdf	https://southkesteven.moderngov.co.uk/documents/s51841/general-fund-provisional-outturn-report-2025-26.pdf	South Kesteven	General Fund Provisional Outturn Report 2025/26	normal
E07000141-south-kesteven-2026-07-21-finance-and-economic-overv-51842-appendix-a-for-general-fund-provisional.pdf	https://southkesteven.moderngov.co.uk/documents/s51842/appendix-a-for-general-fund-provisional-outturn-report-2025.pdf	South Kesteven	Appendix A for General Fund Provisional Outturn Report 2025/26	normal
E07000141-south-kesteven-2026-07-21-finance-and-economic-overv-51843-appendix-b-for-general-fund-provisional.pdf	https://southkesteven.moderngov.co.uk/documents/s51843/appendix-b-for-general-fund-provisional-outturn-report-2025.pdf	South Kesteven	Appendix B for General Fund Provisional Outturn Report 2025/26	normal
E07000141-south-kesteven-2026-07-21-finance-and-economic-overv-51844-appendix-c-for-general-fund-provisional.pdf	https://southkesteven.moderngov.co.uk/documents/s51844/appendix-c-for-general-fund-provisional-outturn-report-2025.pdf	South Kesteven	Appendix C for General Fund Provisional Outturn Report 2025/26	normal
E07000214-surrey-heath-2026-07-21-executive-42707-202526-gf-outturn-report-executive.pdf	http://SurreyHeath.moderngov.co.uk/documents/s42707/202526-gf-outturn-report-executive.pdf	Surrey Heath	202526 GF Outturn report Executive	normal
E07000214-surrey-heath-2026-07-21-executive-42708-general-fund-outturn-position-appendix.pdf	http://SurreyHeath.moderngov.co.uk/documents/s42708/general-fund-outturn-position-appendix.pdf	Surrey Heath	General Fund outturn position Appendix	normal
W06000020-torfaen-2026-07-21-council-78502-treasury-management-outturn-report-2025.pdf	https://Torfaen.moderngov.co.uk/documents/s78502/treasury-management-outturn-report-2025-26-for-council.pdf	Torfaen	Treasury Management Outturn Report 2025-26 for Council	normal
E07000141-south-kesteven-2026-07-21-cabinet-51899-housing-revenue-account-provisional-outt.pdf	https://southkesteven.moderngov.co.uk/documents/s51899/housing-revenue-account-provisional-outturn-report-2025-26.pdf	South Kesteven	Housing Revenue Account Provisional Outturn Report 2025/26	normal
E07000141-south-kesteven-2026-07-21-cabinet-51868-appendix-a-for-housing-revenue-account-p.pdf	https://southkesteven.moderngov.co.uk/documents/s51868/appendix-a-for-housing-revenue-account-provisional-outturn-r.pdf	South Kesteven	Appendix A for Housing Revenue Account Provisional Outturn Report 2025/26	normal
E07000141-south-kesteven-2026-07-21-cabinet-51858-general-fund-provisional-outturn-report.pdf	https://southkesteven.moderngov.co.uk/documents/s51858/general-fund-provisional-outturn-report-2025-26.pdf	South Kesteven	General Fund Provisional Outturn Report 2025/26	normal
E07000141-south-kesteven-2026-07-21-cabinet-51859-appendix-a-for-general-fund-provisional.pdf	https://southkesteven.moderngov.co.uk/documents/s51859/appendix-a-for-general-fund-provisional-outturn-report-2025.pdf	South Kesteven	Appendix A for General Fund Provisional Outturn Report 2025/26	normal
E07000141-south-kesteven-2026-07-21-cabinet-51860-appendix-b-for-general-fund-provisional.pdf	https://southkesteven.moderngov.co.uk/documents/s51860/appendix-b-for-general-fund-provisional-outturn-report-2025.pdf	South Kesteven	Appendix B for General Fund Provisional Outturn Report 2025/26	normal
E07000141-south-kesteven-2026-07-21-cabinet-51861-appendix-c-for-general-fund-provisional.pdf	https://southkesteven.moderngov.co.uk/documents/s51861/appendix-c-for-general-fund-provisional-outturn-report-2025.pdf	South Kesteven	Appendix C for General Fund Provisional Outturn Report 2025/26	normal
E07000243-stevenage-2026-07-21-overview-and-scrutiny-comm-43575-5-q4-outturn-report-2025-26-final-15-07.pdf	https://democracy.stevenage.gov.uk/documents/s43575/5-q4-outturn-report-2025-26-final-15-07-2026-cabinet.pdf	Stevenage	5 Q4 Outturn Report 2025-26 Final, 15/07/2026 Cabinet	normal
E09000003-barnet-2026-07-20-finance-and-growth-overvie-96103-chief-finance-officer-report-outturn-f-g.pdf	http://barnet.moderngov.co.uk/documents/s96103/chief-finance-officer-report-outturn-f-g-ossc-with-clearance.pdf	Barnet	Chief Finance Officer Report - Outturn - F&G OSSC - with Clearances	normal
E09000003-barnet-2026-07-20-finance-and-growth-overvie-96101-appendix-b-treasury-management-final-out.pdf	http://barnet.moderngov.co.uk/documents/s96101/appendix-b-treasury-management-final-outturn-report-25-26.pdf	Barnet	Appendix B - Treasury Management Final Outturn Report 25-26	normal
E09000003-barnet-2026-07-20-finance-and-growth-overvie-96125-chief-finance-officer-report-outturn-202.pdf	http://barnet.moderngov.co.uk/documents/s96125/chief-finance-officer-report-outturn-2025-26-and-q2-2026-27.pdf	Barnet	Chief Finance Officer Report - Outturn 2025-26 and Q2 2026-27 - F&G OSSC - with Clearances	normal
E09000003-barnet-2026-07-20-finance-and-growth-overvie-96130-appendix-a-capital-programme-at-outturn.pdf	http://barnet.moderngov.co.uk/documents/s96130/appendix-a-capital-programme-at-outturn.pdf	Barnet	Appendix A – Capital Programme at Outturn	normal
E09000003-barnet-2026-07-20-finance-and-growth-overvie-96131-appendix-b-treasury-management-outturn.pdf	http://barnet.moderngov.co.uk/documents/s96131/appendix-b-treasury-management-outturn.pdf	Barnet	Appendix B - Treasury Management Outturn	normal
E07000177-cherwell-2026-07-20-council-63825-treasury-management-outturn-report-25-26.pdf	https://modgov.cherwell.gov.uk/documents/s63825/treasury-management-outturn-report-25-26.pdf	Cherwell	Treasury Management Outturn Report 25 26	normal
E07000078-cheltenham-2026-07-20-council-54678-general-fund-housing-revenue-account-out.pdf	https://democracy.cheltenham.gov.uk/documents/s54678/general-fund-housing-revenue-account-outturn-report-2025-26.pdf	Cheltenham	General Fund Housing Revenue Account - Outturn Report 2025-26 - report	normal
E07000078-cheltenham-2026-07-20-council-54679-appendix-2-summary-general-fund-outturn.pdf	https://democracy.cheltenham.gov.uk/documents/s54679/appendix-2-summary-general-fund-outturn-2025-26.pdf	Cheltenham	Appendix 2 - Summary General Fund Outturn 2025-26	normal
E07000078-cheltenham-2026-07-20-council-54680-appendix-3-service-level-general-fund-ou.pdf	https://democracy.cheltenham.gov.uk/documents/s54680/appendix-3-service-level-general-fund-outturn-2025-26.pdf	Cheltenham	Appendix 3 - Service Level General Fund Outturn 2025-26	normal
E07000078-cheltenham-2026-07-20-council-54684-appendix-7-treasury-management-outturn-r.pdf	https://democracy.cheltenham.gov.uk/documents/s54684/appendix-7-treasury-management-outturn-report-2025-26.pdf	Cheltenham	Appendix 7 -Treasury Management Outturn Report 2025-26	normal
E07000078-cheltenham-2026-07-20-council-54685-appendix-8-general-fund-capital-programm.pdf	https://democracy.cheltenham.gov.uk/documents/s54685/appendix-8-general-fund-capital-programme-outturn-2025-26-re.pdf	Cheltenham	Appendix 8 - General Fund Capital Programme Outturn 2025-26 & Revised Programme 2026-27	normal
E09000008-croydon-2026-07-20-council-71991-treasury-management-outturn-25-26-final.pdf	https://democracy.croydon.gov.uk/documents/s71991/treasury-management-outturn-25-26-final.pdf	Croydon	Treasury Management Outturn 25-26 final	normal
E07000108-dover-2026-07-20-overview-and-scrutiny-comm-67692-financial-outturn-2025-26-report-06-07-2.pdf	https://moderngov.dover.gov.uk/documents/s67692/financial-outturn-2025-26-report-06-07-2026-cabinet.pdf	Dover	Financial Outturn 2025-26 Report, 06/07/2026 Cabinet	normal
E07000107-dartford-2026-07-20-cabinet-advisory-panel-a-81988-capital-outturn-report-25-26.pdf	https://Dartford.moderngov.co.uk/documents/s81988/capital-outturn-report-25-26.pdf	Dartford	Capital outturn report 25-26	normal
E07000107-dartford-2026-07-20-cabinet-advisory-panel-a-81989-capital-outturn-2025-26-appendices-a-and.pdf	https://Dartford.moderngov.co.uk/documents/s81989/capital-outturn-2025-26-appendices-a-and-b.pdf	Dartford	Capital Outturn 2025-26 Appendices A and B	normal
E07000107-dartford-2026-07-20-cabinet-advisory-panel-a-81991-revenue-outturn-report-25-26-final.pdf	https://Dartford.moderngov.co.uk/documents/s81991/revenue-outturn-report-25-26-final.pdf	Dartford	Revenue outturn report 25- 26 - Final	normal
E07000107-dartford-2026-07-20-cabinet-advisory-panel-a-81993-revenue-outturn-appendix-b-final.pdf	https://Dartford.moderngov.co.uk/documents/s81993/revenue-outturn-appendix-b-final.pdf	Dartford	Revenue Outturn Appendix B - Final	normal
E07000107-dartford-2026-07-20-cabinet-advisory-panel-a-81994-rev-outturn-appendix-c-hra-summary-2526.pdf	https://Dartford.moderngov.co.uk/documents/s81994/rev-outturn-appendix-c-hra-summary-2526.pdf	Dartford	Rev Outturn Appendix C HRA Summary 2526	normal
E07000107-dartford-2026-07-20-cabinet-advisory-panel-a-81995-hra-outturn-25-26-appendix-d.pdf	https://Dartford.moderngov.co.uk/documents/s81995/hra-outturn-25-26-appendix-d.pdf	Dartford	HRA Outturn 25-26 Appendix D	normal
E07000146-kings-lynn-and-west-no-2026-07-20-corporate-performance-pane-85638-covering-report-to-panels-for-cabinet-re.pdf	https://democracy.west-norfolk.gov.uk/documents/s85638/covering-report-to-panels-for-cabinet-report-revenue-outturn.pdf	Kings Lynn and West Norfolk	Covering Report to Panels for Cabinet Report Revenue Outturn	normal
E07000146-kings-lynn-and-west-no-2026-07-20-corporate-performance-pane-85852-draft-revenue-outturn-report-2025-26-eia.pdf	https://democracy.west-norfolk.gov.uk/documents/s85852/draft-revenue-outturn-report-2025-26-eia-cabinet-report.pdf	Kings Lynn and West Norfolk	Draft Revenue Outturn Report 2025-26 EIA CABINET REPORT	normal
E07000146-kings-lynn-and-west-no-2026-07-20-corporate-performance-pane-85639-covering-report-to-panels-for-cabinet-re.pdf	https://democracy.west-norfolk.gov.uk/documents/s85639/covering-report-to-panels-for-cabinet-report-capital-outturn.pdf	Kings Lynn and West Norfolk	Covering Report to Panels for Cabinet Report Capital Outturn	normal
E07000146-kings-lynn-and-west-no-2026-07-20-corporate-performance-pane-85853-new-format-for-publishing-draft-capital.pdf	https://democracy.west-norfolk.gov.uk/documents/s85853/new-format-for-publishing-draft-capital-outturn-report-25-26.pdf	Kings Lynn and West Norfolk	New format For publishing DRAFT capital outturn report 25-26	normal
E07000146-kings-lynn-and-west-no-2026-07-20-corporate-performance-pane-85821-for-publishing-appendix-a-capital-outtur.pdf	https://democracy.west-norfolk.gov.uk/documents/s85821/for-publishing-appendix-a-capital-outturn-2025-2026.pdf	Kings Lynn and West Norfolk	For publishing Appendix A Capital Outturn 2025-2026	normal
E06000063-cumberland-2026-07-20-joint-executive-committee-56935-jec-finance-outturn-report-2025-26.pdf	https://Cumberland.moderngov.co.uk/documents/s56935/jec-finance-outturn-report-2025-26.pdf	Cumberland	JEC – Finance Outturn Report 2025/26	normal
E09000015-harrow-2026-07-20-governance-audit-risk-mana-201049-12-treasury-management-annual-outturn-re.pdf	https://moderngov.harrow.gov.uk/documents/s201049/12-treasury-management-annual-outturn-report-2025-26-garms.pdf	Harrow	12) Treasury Management Annual Outturn Report 2025-26 GARMS	normal
E06000031-peterborough-2026-07-20-audit-committee-59553-09-final-outturn-report-2025-26-30-06-26.pdf	https://Peterborough.moderngov.co.uk/documents/s59553/09-final-outturn-report-2025-26-30-06-26-audit-committee.pdf	Peterborough	09 Final Outturn Report 2025-26 - 30-06-26 - Audit Committee	normal
E08000015-wirral-2026-07-20-council-50145132-minute-extract-capital-outturn.pdf	https://democracy.wirral.gov.uk/documents/s50145132/minute-extract-capital-outturn.pdf	Wirral	Minute Extract - Capital Outturn	normal
E08000015-wirral-2026-07-20-council-50145045-2025-26-capital-outturn-report.pdf	https://democracy.wirral.gov.uk/documents/s50145045/2025-26-capital-outturn-report.pdf	Wirral	2025-26 Capital Outturn Report	normal
E08000015-wirral-2026-07-20-council-50145046-appendix-a-movement-between-quarter-3-re.pdf	https://democracy.wirral.gov.uk/documents/s50145046/appendix-a-movement-between-quarter-3-revised-budget-and-out.pdf	Wirral	Appendix A: Movement Between Quarter 3 Revised Budget and Outturn Position	normal
E07000084-basingstoke-and-deane-2026-07-16-council-500004331-capital-programme-outturn-report-2025-26.pdf	https://democracy.basingstoke.gov.uk/documents/s500004331/capital-programme-outturn-report-2025-26.pdf	Basingstoke and Deane	Capital Programme Outturn Report 2025-26	normal
E07000084-basingstoke-and-deane-2026-07-16-council-500004332-revenue-outturn-report-2025-26.pdf	https://democracy.basingstoke.gov.uk/documents/s500004332/revenue-outturn-report-2025-26.pdf	Basingstoke and Deane	Revenue Outturn Report 2025-26	normal
mg361-bridgend-cymraeg-2026-07-16-governance-and-audit-commi-38192-treasury-management-outturn-2025-26-cove.pdf	https://democratic.bridgend.gov.uk/documents/s38192/treasury-management-outturn-2025-26-cover-report.pdf	Bridgend Cymraeg	Treasury Management Outturn 2025-26 Cover Report	normal
mg361-bridgend-cymraeg-2026-07-16-governance-and-audit-commi-38193-appendix-a-treasury-management-4-outturn.pdf	https://democratic.bridgend.gov.uk/documents/s38193/appendix-a-treasury-management-4-outturn-report-25-26.pdf	Bridgend Cymraeg	Appendix A - Treasury Management 4 Outturn Report 25-26	normal
E08000002-bury-2026-07-16-overview-and-scrutiny-comm-50854-finance-update-report-202526-outturn-pos.pdf	https://councildecisions.bury.gov.uk/documents/s50854/finance-update-report-202526-outturn-position.pdf	Bury	Finance Update Report – 202526 Outturn Position	normal
mg395-east-sussex-fire-and-r-2026-07-16-policy-resources-panel-3629-260716-p-r-revenue-and-capital-budget-20.pdf	http://ESFRS.moderngov.co.uk/documents/s3629/260716-p-r-revenue-and-capital-budget-2025-26-and-capital-pr.pdf	East Sussex Fire and Rescue	260716 P&R Revenue and Capital Budget 2025-26 and Capital Programme 2025-26 to 2029-30 Monitoring – Provisional Outturn REPORT	normal
E07000086-eastleigh-2026-07-16-cabinet-50043556-appendix-c-treasury-management-outturn-p.pdf	https://Eastleigh.moderngov.co.uk/documents/s50043556/appendix-c-treasury-management-outturn-position.pdf	Eastleigh	Appendix C - Treasury Management Outturn Position	normal
E07000099-north-hertfordshire-2026-07-16-council-31595-6a-cabinet-revenue-budget-outturn-2025-2.pdf	https://democracy.north-herts.gov.uk/documents/s31595/6a-cabinet-revenue-budget-outturn-2025-26.pdf	North Hertfordshire	6A - Cabinet - Revenue Budget Outturn 2025-26	normal
E07000082-stroud-2026-07-16-council-20531-item-7b-annualtreasurymanagementoutturn2.pdf	https://Stroud.moderngov.co.uk/documents/s20531/item-7b-annualtreasurymanagementoutturn202627newtemplatev01m.pdf	Stroud	Item 7b - AnnualTreasuryManagementOutturn202627NewTemplatev01MB	normal
E06000004-stockton-on-tees-2026-07-16-cabinet-22838-mtfp-2526-outturn-report.pdf	https://moderngov.stockton.gov.uk/documents/s22838/mtfp-2526-outturn-report.pdf	Stockton-on-Tees	MTFP 2526 Outturn Report	normal
E07000094-winchester-2026-07-16-audit-and-governance-commi-35422-ag192-treasury-management-outturn-25-26.pdf	https://winchester.moderngov.co.uk/documents/s35422/ag192-treasury-management-outturn-25-26.pdf	Winchester	AG192 Treasury management outturn 25-26	normal
W06000011-swansea-2026-07-16-cabinet-128903-10-rev-outturn-25-26-hra.pdf	https://democracy.swansea.gov.uk/documents/s128903/10-rev-outturn-25-26-hra.pdf	Swansea	10 - Rev Outturn 25-26 HRA	normal
W06000011-swansea-2026-07-16-cabinet-128942-11-capital-outturn-and-financing-25-26.pdf	https://democracy.swansea.gov.uk/documents/s128942/11-capital-outturn-and-financing-25-26.pdf	Swansea	11 - Capital Outturn and Financing 25-26	normal
W06000011-swansea-2026-07-16-cabinet-128904-12-revenue-financial-outturn-25-26.pdf	https://democracy.swansea.gov.uk/documents/s128904/12-revenue-financial-outturn-25-26.pdf	Swansea	12 - Revenue Financial Outturn 25-26	normal
E07000117-burnley-2026-07-15-full-council-51042-revenue-final-outturn-report-2025-26.pdf	https://burnley.moderngov.co.uk/documents/s51042/revenue-final-outturn-report-2025-26.pdf	Burnley	Revenue Final Outturn Report 2025-26	normal
E07000117-burnley-2026-07-15-full-council-51047-capital-final-outturn-report-2025-26.pdf	https://burnley.moderngov.co.uk/documents/s51047/capital-final-outturn-report-2025-26.pdf	Burnley	Capital Final Outturn Report 2025-26	normal
E07000117-burnley-2026-07-15-full-council-51048-app-1-capital-final-outturn-position-202.pdf	https://burnley.moderngov.co.uk/documents/s51048/app-1-capital-final-outturn-position-2025-26-and-slippage-in.pdf	Burnley	App 1 - Capital Final Outturn Position 2025-26 and Slippage into 2026-27	normal
E07000117-burnley-2026-07-15-full-council-51049-app-2-capital-final-outturn-financing-25.pdf	https://burnley.moderngov.co.uk/documents/s51049/app-2-capital-final-outturn-financing-2526.pdf	Burnley	App 2 - Capital Final Outturn Financing 2526	normal
E07000117-burnley-2026-07-15-full-council-51050-app-3-capital-final-outturn-capital-prog.pdf	https://burnley.moderngov.co.uk/documents/s51050/app-3-capital-final-outturn-capital-programme-26-27.pdf	Burnley	App 3 - Capital Final Outturn Capital Programme 26-27	normal
W06000019-blaenau-gwent-2026-07-15-ordinary-meeting-of-the-co-19482-co2607d6-appendix-2-consultation-outturn.pdf	https://Blaenau-Gwent.moderngov.co.uk/documents/s19482/co2607d6-appendix-2-consultation-outturn-report.pdf	Blaenau Gwent	CO2607D6 - Appendix 2 - Consultation Outturn Report	normal
E10000007-derbyshire-2026-07-15-council-35400-performancemonitoringandbudgetmonitoring.pdf	https://democracy.derbyshire.gov.uk/documents/s35400/performancemonitoringandbudgetmonitoringoutturn202526asatqua.pdf	Derbyshire	PerformanceMonitoringandBudgetMonitoringOutturn202526asatQuarter43	normal
mg57-greenwich-2026-07-15-cabinet-20175-treasury-management-and-capital-outturn.pdf	https://committees.royalgreenwich.gov.uk/documents/s20175/treasury-management-and-capital-outturn-202526.pdf	Greenwich	Treasury Management and Capital Outturn 202526	normal
E06000057-northumberland-2026-07-15-corporate-services-and-eco-32179-07-financialperformance202526provisional.pdf	https://Northumberland.moderngov.co.uk/documents/s32179/07-financialperformance202526provisionaloutturn.pdf	Northumberland	07 FinancialPerformance202526Provisionaloutturn	normal
E06000057-northumberland-2026-07-15-corporate-services-and-eco-32180-07-1-financialperformanceprovoutturnappe.pdf	https://Northumberland.moderngov.co.uk/documents/s32180/07-1-financialperformanceprovoutturnappendixo.pdf	Northumberland	07.1 FinancialPerformanceProvoutturnAppendixO	normal
mg424-north-lincolnshire-2026-07-15-audit-committee-28278-treasury-management-outturn-2025-26.pdf	https://northlincolnshire.moderngov.co.uk/documents/s28278/treasury-management-outturn-2025-26.pdf	North Lincolnshire	Treasury Management Outturn 2025-26	normal
mg424-north-lincolnshire-2026-07-15-audit-committee-28279-treasury-management-outturn-appendix-1-r.pdf	https://northlincolnshire.moderngov.co.uk/documents/s28279/treasury-management-outturn-appendix-1-review-report-2025-26.pdf	North Lincolnshire	Treasury Management Outturn - Appendix 1 Review Report 2025-26	normal
E07000147-north-norfolk-2026-07-15-overview-scrutiny-committe-23097-outturn-report-2025-26-final.pdf	https://modgov.north-norfolk.gov.uk/documents/s23097/outturn-report-2025-26-final.pdf	North Norfolk	Outturn Report 2025-26 Final	normal
E07000147-north-norfolk-2026-07-15-overview-scrutiny-committe-23098-appx-a-general-fund-summary-outturn-25-2.pdf	https://modgov.north-norfolk.gov.uk/documents/s23098/appx-a-general-fund-summary-outturn-25-26.pdf	North Norfolk	Appx A General Fund Summary Outturn 25-26	normal
E07000147-north-norfolk-2026-07-15-overview-scrutiny-committe-23099-appx-b-corporate-outturn-2025-26-lsx.pdf	https://modgov.north-norfolk.gov.uk/documents/s23099/appx-b-corporate-outturn-2025-26-lsx.pdf	North Norfolk	Appx B Corporate Outturn 2025-26.lsx	normal
E07000147-north-norfolk-2026-07-15-overview-scrutiny-committe-23100-appx-b-resources-outturn-2025-26-lsx.pdf	https://modgov.north-norfolk.gov.uk/documents/s23100/appx-b-resources-outturn-2025-26-lsx.pdf	North Norfolk	Appx B Resources Outturn 2025-26.lsx	normal
E07000147-north-norfolk-2026-07-15-overview-scrutiny-committe-23105-appx-b-service-delivery-outturn-2025-26.pdf	https://modgov.north-norfolk.gov.uk/documents/s23105/appx-b-service-delivery-outturn-2025-26-lsx.pdf	North Norfolk	Appx B Service Delivery Outturn 2025-26.lsx	normal
E07000147-north-norfolk-2026-07-15-overview-scrutiny-committe-23101-appx-c-reserve-statement-outturn-2025-26.pdf	https://modgov.north-norfolk.gov.uk/documents/s23101/appx-c-reserve-statement-outturn-2025-26.pdf	North Norfolk	Appx C Reserve Statement Outturn 2025-26	normal
E07000147-north-norfolk-2026-07-15-overview-scrutiny-committe-23102-appx-d-capital-programme-outturn-2025-26.pdf	https://modgov.north-norfolk.gov.uk/documents/s23102/appx-d-capital-programme-outturn-2025-26.pdf	North Norfolk	Appx D Capital Programme Outturn 2025-26	normal
E07000199-tamworth-2026-07-15-corporate-and-finance-over-44851-quarter-4-2025-26-provisional-outturn-an.pdf	https://Tamworth.moderngov.co.uk/documents/s44851/quarter-4-2025-26-provisional-outturn-and-financial-healthch.pdf	Tamworth	Quarter 4 2025/26 Provisional Outturn and Financial Healthcheck	normal
E07000199-tamworth-2026-07-15-corporate-and-finance-over-44852-quarter-4-2025-26-provisional-outturn-an.pdf	https://Tamworth.moderngov.co.uk/documents/s44852/quarter-4-2025-26-provisional-outturn-and-financial-healthch.pdf	Tamworth	Quarter 4 2025/26 Provisional Outturn and Financial Healthcheck enc. 1	normal
E08000028-sandwell-2026-07-15-cabinet-34910-2025-26-outturn-report.pdf	https://Sandwell.moderngov.co.uk/documents/s34910/2025-26-outturn-report.pdf	Sandwell	2025/26 Outturn Report	normal
E08000028-sandwell-2026-07-15-cabinet-34967-appendix-1-revenue-outturn-summary.pdf	https://Sandwell.moderngov.co.uk/documents/s34967/appendix-1-revenue-outturn-summary.pdf	Sandwell	Appendix 1 - Revenue Outturn Summary	normal
E08000028-sandwell-2026-07-15-cabinet-34972-appendix-6-section-106-and-cil-outturn.pdf	https://Sandwell.moderngov.co.uk/documents/s34972/appendix-6-section-106-and-cil-outturn.pdf	Sandwell	Appendix 6 - Section 106 and CIL Outturn	normal
E08000028-sandwell-2026-07-15-cabinet-34974-appendix-8-treasury-management-outturn.pdf	https://Sandwell.moderngov.co.uk/documents/s34974/appendix-8-treasury-management-outturn.pdf	Sandwell	Appendix 8 - Treasury Management Outturn	normal
E10000028-staffordshire-2026-07-15-cabinet-208488-appendix-5-revenue-forecast-outturn-2026.pdf	https://Staffordshire.moderngov.co.uk/documents/s208488/appendix-5-revenue-forecast-outturn-2026-27.pdf	Staffordshire	Appendix 5 - Revenue Forecast Outturn 2026/27	normal
E07000127-west-lancashire-2026-07-15-council-53907-gra-outturn-2025-26.pdf	https://democracy.westlancs.gov.uk/documents/s53907/gra-outturn-2025-26.pdf	West Lancashire	GRA Outturn 2025/26	normal
E07000127-west-lancashire-2026-07-15-council-53904-2025-26-gra-capital-outturn.pdf	https://democracy.westlancs.gov.uk/documents/s53904/2025-26-gra-capital-outturn.pdf	West Lancashire	2025/26 GRA Capital Outturn	normal
E07000127-west-lancashire-2026-07-15-council-53905-appendix-1-for-2025-26-gra-capital-outtu.pdf	https://democracy.westlancs.gov.uk/documents/s53905/appendix-1-for-2025-26-gra-capital-outturn.pdf	West Lancashire	Appendix 1 for 2025/26 GRA Capital Outturn	normal
E07000127-west-lancashire-2026-07-15-council-53908-hra-outturn-2025-26-revenue-capital.pdf	https://democracy.westlancs.gov.uk/documents/s53908/hra-outturn-2025-26-revenue-capital.pdf	West Lancashire	HRA Outturn 2025/26 - Revenue & Capital	normal
E08000031-wolverhampton-2026-07-15-council-326671-our-future-council-investing-in-our-city.pdf	https://wolverhampton.moderngov.co.uk/documents/s326671/our-future-council-investing-in-our-city-capital-investment.pdf	Wolverhampton	Our Future Council: Investing in Our City - Capital Investment Programme - Budget Outturn 2025-2026 including Quarter One Budget Monitoring 2026-2027	normal
E08000031-wolverhampton-2026-07-15-council-326436-our-future-council-investing-in-our-city.pdf	https://wolverhampton.moderngov.co.uk/documents/s326436/our-future-council-investing-in-our-city-capital-investment.pdf	Wolverhampton	Our Future Council: Investing in Our City - Capital Investment Programme - Budget Outturn 2025-2026 including Quarter One Budget Monitoring 2026-2027	normal
E07000243-stevenage-2026-07-15-cabinet-43520-5-q4-outturn-report-2025-26-final.pdf	https://democracy.stevenage.gov.uk/documents/s43520/5-q4-outturn-report-2025-26-final.pdf	Stevenage	5 Q4 Outturn Report 2025-26 Final	normal
E07000078-cheltenham-2026-07-14-cabinet-54660-general-fund-housing-revenue-account-out.pdf	https://democracy.cheltenham.gov.uk/documents/s54660/general-fund-housing-revenue-account-outturn-report-2025-26.pdf	Cheltenham	General Fund Housing Revenue Account - Outturn Report 2025-26 - report	normal
E07000078-cheltenham-2026-07-14-cabinet-54634-appendix-2-summary-general-fund-outturn.pdf	https://democracy.cheltenham.gov.uk/documents/s54634/appendix-2-summary-general-fund-outturn-2025-26.pdf	Cheltenham	Appendix 2 - Summary General Fund Outturn 2025-26	normal
E07000078-cheltenham-2026-07-14-cabinet-54635-appendix-3-service-level-general-fund-ou.pdf	https://democracy.cheltenham.gov.uk/documents/s54635/appendix-3-service-level-general-fund-outturn-2025-26.pdf	Cheltenham	Appendix 3 - Service Level General Fund Outturn 2025-26	normal
E07000078-cheltenham-2026-07-14-cabinet-54639-appendix-7-treasury-management-outturn-r.pdf	https://democracy.cheltenham.gov.uk/documents/s54639/appendix-7-treasury-management-outturn-report-2025-26.pdf	Cheltenham	Appendix 7 -Treasury Management Outturn Report 2025-26	normal
E07000078-cheltenham-2026-07-14-cabinet-54640-appendix-8-general-fund-capital-programm.pdf	https://democracy.cheltenham.gov.uk/documents/s54640/appendix-8-general-fund-capital-programme-outturn-2025-26-re.pdf	Cheltenham	Appendix 8 - General Fund Capital Programme Outturn 2025-26 & Revised Programme 2026-27	normal
E07000130-charnwood-2026-07-14-finance-performance-scruti-22480-revenue-monitoring-position-general-fund.pdf	http://charnwood.moderngov.co.uk/documents/s22480/revenue-monitoring-position-general-fund-and-hra-outturn-202.pdf	Charnwood	Revenue Monitoring Position (General Fund and HRA) Outturn 2025/26	normal
E07000130-charnwood-2026-07-14-finance-performance-scruti-22481-enc-1-for-revenue-monitoring-position-ge.pdf	http://charnwood.moderngov.co.uk/documents/s22481/enc-1-for-revenue-monitoring-position-general-fund-and-hra-o.pdf	Charnwood	Enc. 1 for Revenue Monitoring Position (General Fund and HRA) Outturn 2025/26	normal
E07000130-charnwood-2026-07-14-finance-performance-scruti-22482-enc-2-for-revenue-monitoring-position-ge.pdf	http://charnwood.moderngov.co.uk/documents/s22482/enc-2-for-revenue-monitoring-position-general-fund-and-hra-o.pdf	Charnwood	Enc. 2 for Revenue Monitoring Position (General Fund and HRA) Outturn 2025/26	normal
E07000130-charnwood-2026-07-14-finance-performance-scruti-22483-enc-3-for-revenue-monitoring-position-ge.pdf	http://charnwood.moderngov.co.uk/documents/s22483/enc-3-for-revenue-monitoring-position-general-fund-and-hra-o.pdf	Charnwood	Enc. 3 for Revenue Monitoring Position (General Fund and HRA) Outturn 2025/26	normal
E07000130-charnwood-2026-07-14-finance-performance-scruti-22484-enc-4-for-revenue-monitoring-position-ge.pdf	http://charnwood.moderngov.co.uk/documents/s22484/enc-4-for-revenue-monitoring-position-general-fund-and-hra-o.pdf	Charnwood	Enc. 4 for Revenue Monitoring Position (General Fund and HRA) Outturn 2025/26	normal
E07000130-charnwood-2026-07-14-finance-performance-scruti-22485-capital-monitoring-outturn-2025-26.pdf	http://charnwood.moderngov.co.uk/documents/s22485/capital-monitoring-outturn-2025-26.pdf	Charnwood	Capital Monitoring - Outturn 2025/26	normal
E07000130-charnwood-2026-07-14-finance-performance-scruti-22486-enc-1-for-capital-monitoring-outturn-202.pdf	http://charnwood.moderngov.co.uk/documents/s22486/enc-1-for-capital-monitoring-outturn-2025-26.pdf	Charnwood	Enc. 1 for Capital Monitoring - Outturn 2025/26	normal
E07000107-dartford-2026-07-14-overview-scrutiny-committe-81963-14-5-copy-of-appendix-d-dfc-mini-pitches.pdf	https://Dartford.moderngov.co.uk/documents/s81963/14-5-copy-of-appendix-d-dfc-mini-pitches-25-26-outturn.pdf	Dartford	14.5 Copy of Appendix D DFC Mini Pitches 25 26 Outturn	normal
E10000007-derbyshire-2026-07-14-audit-committee-35188-performance-monitoring-and-budget-monito.pdf	https://democracy.derbyshire.gov.uk/documents/s35188/performance-monitoring-and-budget-monitoring-outturn-2025-26.pdf	Derbyshire	Performance Monitoring and Budget Monitoring Outturn 2025-26 as at Quarter 4 (31 March 2026)	normal
E07000208-epsom-and-ewell-2026-07-14-strategy-and-resources-com-41439-2025-26-provisional-financial-outturn.pdf	https://democracy.epsom-ewell.gov.uk/documents/s41439/2025-26-provisional-financial-outturn.pdf	Epsom and Ewell	2025-26 Provisional Financial Outturn	normal
E08000037-gateshead-2026-07-14-cabinet-49815-revenue-budget-provisional-outturn-2025.pdf	https://Gateshead.moderngov.co.uk/documents/s49815/revenue-budget-provisional-outturn-2025-26-nk.pdf	Gateshead	Revenue Budget – Provisional Outturn 2025-26 - NK	normal
E07000089-hart-2026-07-14-overview-and-scrutiny-comm-14433-o-s-july-26-outturn-covering-report.pdf	https://Hart.moderngov.co.uk/documents/s14433/o-s-july-26-outturn-covering-report.pdf	Hart	O&S July 26 Outturn covering report	normal
E07000089-hart-2026-07-14-overview-and-scrutiny-comm-14434-draft-revenue-outturn-pre-audit-2025-26.pdf	https://Hart.moderngov.co.uk/documents/s14434/draft-revenue-outturn-pre-audit-2025-26-4.pdf	Hart	DRAFT Revenue Outturn (pre-audit) 2025_26 (4)	normal
E07000089-hart-2026-07-14-overview-and-scrutiny-comm-14435-draft-capital-outturn-pre-audit-2025-26.pdf	https://Hart.moderngov.co.uk/documents/s14435/draft-capital-outturn-pre-audit-2025-26-6.pdf	Hart	DRAFT Capital Outturn (pre-audit) 2025_26 (6)	normal
E09000019-islington-2026-07-14-overview-and-scrutiny-comm-47623-quarterly-outturn-quarter-4-2025-26-osc.pdf	https://islington.moderngov.co.uk/documents/s47623/quarterly-outturn-quarter-4-2025-26-osc-summary-report.pdf	Islington	Quarterly Outturn Quarter 4 2025-26 - OSC Summary Report	normal
E07000098-hertsmere-2026-07-14-operations-review-committe-73013-appc-treasury-monitoring-q4-25-26.pdf	https://Hertsmere.moderngov.co.uk/documents/s73013/appc-treasury-monitoring-q4-25-26.pdf	Hertsmere	AppC-Treasury monitoring Q4 25-26	normal
E09000014-haringey-2026-07-14-cabinet-158370-provisional-2025-26-outturn-cabinet-ver1.pdf	http://www.minutes.haringey.gov.uk/documents/s158370/provisional-2025-26-outturn-cabinet-ver1-0.pdf	Haringey	Provisional 2025-26 Outturn Cabinet ver1.0	normal
E09000014-haringey-2026-07-14-cabinet-158382-appendix-7-hra-housing-revenue-account-e.pdf	http://www.minutes.haringey.gov.uk/documents/s158382/appendix-7-hra-housing-revenue-account-eoy-outturn-2025-26.pdf	Haringey	Appendix 7 HRA - Housing Revenue Account EOY Outturn 2025-26	normal
mg68-huntingdonshire-2026-07-14-cabinet-145233-treasury-management-outturn-cover-report.pdf	http://democracy.huntingdonshire.gov.uk/moderngov/documents/s145233/treasury-management-outturn-cover-report-2025-26.pdf	Huntingdonshire	Treasury Management Outturn Cover Report 2025-26	normal
mg68-huntingdonshire-2026-07-14-cabinet-145234-treasury-management-outturn-report-2025.pdf	http://democracy.huntingdonshire.gov.uk/moderngov/documents/s145234/treasury-management-outturn-report-2025-26.pdf	Huntingdonshire	Treasury Management Outturn Report 2025-26	normal
mg68-huntingdonshire-2026-07-14-cabinet-145235-finance-performance-report-provisional-o.pdf	http://democracy.huntingdonshire.gov.uk/moderngov/documents/s145235/finance-performance-report-provisional-outturn-2025-26.pdf	Huntingdonshire	Finance Performance Report Provisional Outturn 2025-26	normal
mg68-huntingdonshire-2026-07-14-cabinet-145238-capital-provisional-outturn-appendix-3.pdf	http://democracy.huntingdonshire.gov.uk/moderngov/documents/s145238/capital-provisional-outturn-appendix-3.pdf	Huntingdonshire	Capital Provisional Outturn - Appendix 3	normal
E07000175-newark-and-sherwood-2026-07-14-full-council-26741-14-07-26-treasury-management-outturn-rep.pdf	https://democracy.newark-sherwooddc.gov.uk/documents/s26741/14-07-26-treasury-management-outturn-report-2025-26.pdf	Newark and Sherwood	14.07.26 - Treasury Management Outturn Report 2025-26	normal
E07000175-newark-and-sherwood-2026-07-14-full-council-26742-14-07-26-treasury-management-outturn-rep.pdf	https://democracy.newark-sherwooddc.gov.uk/documents/s26742/14-07-26-treasury-management-outturn-report-2025-26-appendix.pdf	Newark and Sherwood	14.07.26 - Treasury Management Outturn Report 2025-26 - Appendix 1	normal
E07000175-newark-and-sherwood-2026-07-14-full-council-26743-14-07-26-treasury-management-outturn-rep.pdf	https://democracy.newark-sherwooddc.gov.uk/documents/s26743/14-07-26-treasury-management-outturn-report-2025-26-appendix.pdf	Newark and Sherwood	14.07.26 - Treasury Management Outturn Report 2025-26 - Appendix A	normal
E07000242-east-hertfordshire-2026-07-14-executive-73538-provisional-outturn-2025-26-and-draft-st.pdf	https://democracy.eastherts.gov.uk/documents/s73538/provisional-outturn-2025-26-and-draft-statement-of-accounts.pdf	East Hertfordshire	Provisional Outturn 2025/26 and Draft Statement of Accounts 2025/26	normal
E07000242-east-hertfordshire-2026-07-14-executive-73539-appendix-a-revenue-outturn-2025-26.pdf	https://democracy.eastherts.gov.uk/documents/s73539/appendix-a-revenue-outturn-2025-26.pdf	East Hertfordshire	Appendix A - Revenue outturn 2025/26	normal
E07000242-east-hertfordshire-2026-07-14-executive-73541-appendix-c-capital-outturn-2025-26.pdf	https://democracy.eastherts.gov.uk/documents/s73541/appendix-c-capital-outturn-2025-26.pdf	East Hertfordshire	Appendix C - Capital outturn 2025/26	normal
mg234-powys-welsh-2026-07-14-cabinet-105388-cabinet-report-school-outturn-positions.pdf	https://powys.moderngov.co.uk/documents/s105388/cabinet-report-school-outturn-positions-31-march-2026-and-bu.pdf	Powys Welsh	Cabinet Report School Outturn Positions 31 March 2026 and Budget Plans 2026-27 FINAL	normal
E08000006-salford-2026-07-14-cabinet-95697-2025-26-outturn-budget-monitoring-report.pdf	https://sccdemocracy.salford.gov.uk/documents/s95697/2025-26-outturn-budget-monitoring-report-cmt.pdf	Salford	2025-26 Outturn Budget Monitoring Report - CMT	normal
E07000176-rushcliffe-2026-07-14-cabinet-19522-financial-outturn-2025-26.pdf	https://democracy.rushcliffe.gov.uk/documents/s19522/financial-outturn-2025-26.pdf	Rushcliffe	Financial Outturn 2025-26	normal
E07000102-three-rivers-2026-07-14-full-council-18691-budget-outturn-report-2025-26.pdf	https://moderngov.threerivers.gov.uk/documents/s18691/budget-outturn-report-2025-26.pdf	Three Rivers	Budget Outturn Report 2025/26	normal
E07000102-three-rivers-2026-07-14-full-council-18692-enc-1-for-budget-outturn-report-2025-26.pdf	https://moderngov.threerivers.gov.uk/documents/s18692/enc-1-for-budget-outturn-report-2025-26.pdf	Three Rivers	Enc. 1 for Budget Outturn Report 2025/26	normal
E09000031-waltham-forest-2026-07-14-cabinet-109936-revenue-capital-outturn-2025-26-cabinet.pdf	https://democracy.walthamforest.gov.uk/documents/s109936/revenue-capital-outturn-2025-26-cabinet-report.pdf	Waltham Forest	Revenue & Capital Outturn 2025-26 - Cabinet report	normal
E09000031-waltham-forest-2026-07-14-cabinet-109947-appendix-1-revenue-outturn-service-narra.pdf	https://democracy.walthamforest.gov.uk/documents/s109947/appendix-1-revenue-outturn-service-narrative.pdf	Waltham Forest	Appendix 1 - Revenue Outturn Service Narrative	normal
E09000031-waltham-forest-2026-07-14-cabinet-109938-appendix-2-capital-outturn-narrative.pdf	https://democracy.walthamforest.gov.uk/documents/s109938/appendix-2-capital-outturn-narrative.pdf	Waltham Forest	Appendix 2 - Capital Outturn Narrative	normal
E09000031-waltham-forest-2026-07-14-cabinet-109940-appendix-4-capital-outturn-movements.pdf	https://democracy.walthamforest.gov.uk/documents/s109940/appendix-4-capital-outturn-movements.pdf	Waltham Forest	Appendix 4 – Capital Outturn Movements	normal
E08000033-calderdale-2026-07-13-cabinet-19852-item-8-final-accounts-2025-26-revenue-an.pdf	https://Calderdale.moderngov.co.uk/documents/s19852/item-8-final-accounts-2025-26-revenue-and-capital-outturn-po.pdf	Calderdale	item 8 - Final Accounts 2025-26 - Revenue and Capital Outturn Position	normal
E07000225-chichester-2026-07-13-corporate-governance-audit-32809-treasury-management-outturn-report-2025.pdf	https://chichester.moderngov.co.uk/documents/s32809/treasury-management-outturn-report-2025-26-cgac.pdf	Chichester	Treasury Management Outturn Report 2025-26 - CGAC	normal
E06000005-darlington-2026-07-13-cabinet-28501-260702-o-s-project-position-statement-an.pdf	https://democracy.darlington.gov.uk/documents/s28501/260702-o-s-project-position-statement-and-capital-programme.pdf	Darlington	260702 O + S Project Position Statement and Capital Programme Monitoring Outturn 25-26	normal
E06000005-darlington-2026-07-13-cabinet-28503-260702-o-s-project-position-statement-an.pdf	https://democracy.darlington.gov.uk/documents/s28503/260702-o-s-project-position-statement-and-capital-programme.pdf	Darlington	260702 O + S Project Position Statement and Capital Programme Monitoring Outturn 25-26 Appendix 2	normal
E06000005-darlington-2026-07-13-cabinet-28504-260702-o-s-project-position-statement-an.pdf	https://democracy.darlington.gov.uk/documents/s28504/260702-o-s-project-position-statement-and-capital-programme.pdf	Darlington	260702 O + S Project Position Statement and Capital Programme Monitoring Outturn 25-26 Appendix 3	normal
E06000005-darlington-2026-07-13-cabinet-28505-260702-o-s-project-position-statement-an.pdf	https://democracy.darlington.gov.uk/documents/s28505/260702-o-s-project-position-statement-and-capital-programme.pdf	Darlington	260702 O + S Project Position Statement and Capital Programme Monitoring Outturn 25-26 Appendix 4	normal
E06000005-darlington-2026-07-13-cabinet-28506-260702-o-s-project-position-statement-an.pdf	https://democracy.darlington.gov.uk/documents/s28506/260702-o-s-project-position-statement-and-capital-programme.pdf	Darlington	260702 O + S Project Position Statement and Capital Programme Monitoring Outturn 25-26 Appendix 5	normal
E06000005-darlington-2026-07-13-cabinet-28507-260702-o-s-project-position-statement-an.pdf	https://democracy.darlington.gov.uk/documents/s28507/260702-o-s-project-position-statement-and-capital-programme.pdf	Darlington	260702 O + S Project Position Statement and Capital Programme Monitoring Outturn 25-26 Appendix 6	normal
E06000005-darlington-2026-07-13-cabinet-28468-260713-rg-rbm-outturn-2025-26.pdf	https://democracy.darlington.gov.uk/documents/s28468/260713-rg-rbm-outturn-2025-26.pdf	Darlington	260713 RG RBM Outturn 2025-26	normal
E06000005-darlington-2026-07-13-cabinet-28469-260713-rbm-outturn-2025-26-appendix-1.pdf	https://democracy.darlington.gov.uk/documents/s28469/260713-rbm-outturn-2025-26-appendix-1.pdf	Darlington	260713 RBM Outturn 2025-26 Appendix 1	normal
E06000005-darlington-2026-07-13-cabinet-28470-260713-rbm-outturn-2025-26-appendix-2.pdf	https://democracy.darlington.gov.uk/documents/s28470/260713-rbm-outturn-2025-26-appendix-2.pdf	Darlington	260713 RBM Outturn 2025-26 Appendix 2	normal
E06000005-darlington-2026-07-13-cabinet-28471-260713-rbm-outturn-2025-26-appendix-2a.pdf	https://democracy.darlington.gov.uk/documents/s28471/260713-rbm-outturn-2025-26-appendix-2a.pdf	Darlington	260713 RBM Outturn 2025-26 Appendix 2a	normal
E06000005-darlington-2026-07-13-cabinet-28472-260713-rbm-outturn-2025-26-appendices-2b.pdf	https://democracy.darlington.gov.uk/documents/s28472/260713-rbm-outturn-2025-26-appendices-2b.pdf	Darlington	260713 RBM Outturn 2025-26 Appendices 2b	normal
E06000005-darlington-2026-07-13-cabinet-28473-260713-rbm-outturn-2025-26-appendices-2c.pdf	https://democracy.darlington.gov.uk/documents/s28473/260713-rbm-outturn-2025-26-appendices-2c.pdf	Darlington	260713 RBM Outturn 2025-26 Appendices 2c	normal
E06000005-darlington-2026-07-13-cabinet-28474-260713-rbm-outturn-2025-26-appendices-2d.pdf	https://democracy.darlington.gov.uk/documents/s28474/260713-rbm-outturn-2025-26-appendices-2d.pdf	Darlington	260713 RBM Outturn 2025-26 Appendices 2d	normal
E06000005-darlington-2026-07-13-cabinet-28475-260713-rbm-outturn-2025-26-appendices-2e.pdf	https://democracy.darlington.gov.uk/documents/s28475/260713-rbm-outturn-2025-26-appendices-2e.pdf	Darlington	260713 RBM Outturn 2025-26 Appendices 2e	normal
E06000005-darlington-2026-07-13-cabinet-28476-260713-rbm-outturn-2025-26-appendices-2f.pdf	https://democracy.darlington.gov.uk/documents/s28476/260713-rbm-outturn-2025-26-appendices-2f.pdf	Darlington	260713 RBM Outturn 2025-26 Appendices 2f	normal
E06000005-darlington-2026-07-13-cabinet-28477-260713-rbm-outturn-2025-26-appendices-3.pdf	https://democracy.darlington.gov.uk/documents/s28477/260713-rbm-outturn-2025-26-appendices-3.pdf	Darlington	260713 RBM Outturn 2025-26 Appendices 3	normal
mg19-bromsgrove-2026-07-13-audit-standards-and-govern-67884-20260713-bdc-financial-outturn-report-20.pdf	https://moderngovwebpublic.bromsgrove.gov.uk/documents/s67884/20260713-bdc-financial-outturn-report-202526.pdf	Bromsgrove	20260713_BDC_Financial_Outturn_Report_202526	normal
mg19-bromsgrove-2026-07-13-audit-standards-and-govern-67888-cover-20260713-bdc-treasury-management-o.pdf	https://moderngovwebpublic.bromsgrove.gov.uk/documents/s67888/cover-20260713-bdc-treasury-management-outturn-202526.pdf	Bromsgrove	Cover 20260713_BDC_Treasury_Management_Outturn_202526	normal
mg19-bromsgrove-2026-07-13-audit-standards-and-govern-67889-appendix-1-cabinet-22-july-report-treasu.pdf	https://moderngovwebpublic.bromsgrove.gov.uk/documents/s67889/appendix-1-cabinet-22-july-report-treasury-outturn-report-20.pdf	Bromsgrove	Appendix 1 - Cabinet 22 July Report - Treasury Outturn Report 2025-26 BDC final	normal
E09000024-merton-2026-07-13-cabinet-59217-combined-outturn-report-2025-26.pdf	https://democracy.merton.gov.uk/documents/s59217/combined-outturn-report-2025-26.pdf	Merton	Combined_Outturn_Report_2025-26	normal
E06000038-reading-2026-07-13-policy-committee-40410-appendix-1-general-fund-revenue-outturn.pdf	https://democracy.reading.gov.uk/documents/s40410/appendix-1-general-fund-revenue-outturn-2025-26.pdf	Reading	Appendix 1 - General Fund Revenue Outturn 2025-26	normal
E06000038-reading-2026-07-13-policy-committee-40412-appendix-3-general-fund-capital-programm.pdf	https://democracy.reading.gov.uk/documents/s40412/appendix-3-general-fund-capital-programme-outturn-2025-26.pdf	Reading	Appendix 3 - General Fund Capital Programme Outturn 2025-26	normal
E06000038-reading-2026-07-13-policy-committee-40414-appendix-5-housing-revenue-account-hra-r.pdf	https://democracy.reading.gov.uk/documents/s40414/appendix-5-housing-revenue-account-hra-revenue-outturn-2025.pdf	Reading	Appendix 5 - Housing Revenue Account (HRA) Revenue Outturn 2025-26	normal
E06000038-reading-2026-07-13-policy-committee-40415-appendix-6-hra-capital-programme-outturn.pdf	https://democracy.reading.gov.uk/documents/s40415/appendix-6-hra-capital-programme-outturn-2025-26.pdf	Reading	Appendix 6 - HRA Capital Programme Outturn 2025-26	normal
E07000213-spelthorne-2026-07-13-corporate-policy-and-resou-79366-detailed-2026-27-month-2-revenue-and-cap.pdf	http://democracy.spelthorne.gov.uk/documents/s79366/detailed-2026-27-month-2-revenue-and-capital-outturn-budget.pdf	Spelthorne	Detailed 2026-27 Month 2 Revenue and Capital Outturn Budget Monitoring V1.0C	normal
E06000062-west-northamptonshire-2026-07-13-council-29130-item-10-appendix-a-revenue-monitoring-re.pdf	https://WestNorthants.moderngov.co.uk/documents/s29130/item-10-appendix-a-revenue-monitoring-report-2025-26-provisi.pdf	West Northamptonshire	Item 10 - Appendix A - Revenue Monitoring Report - 2025-26 Provisional Outturn	normal
E06000062-west-northamptonshire-2026-07-13-council-29131-item-10-appendix-b-2025-26-provisional-r.pdf	https://WestNorthants.moderngov.co.uk/documents/s29131/item-10-appendix-b-2025-26-provisional-revenue-outturn.pdf	West Northamptonshire	Item 10 - Appendix B - 2025-26 Provisional Revenue Outturn	normal
E06000062-west-northamptonshire-2026-07-13-council-29132-item-10-appendix-c-budget-savings-tracke.pdf	https://WestNorthants.moderngov.co.uk/documents/s29132/item-10-appendix-c-budget-savings-tracker-2025-26-outturn.pdf	West Northamptonshire	Item 10 - Appendix C - Budget Savings Tracker 2025-26 - Outturn	normal
W06000023-powys-2026-07-10-finance-panel-105327-scrutiny-report-pro-forma-finance-outtur.pdf	https://powys.moderngov.co.uk/documents/s105327/scrutiny-report-pro-forma-finance-outturn-reports-2025-26.pdf	Powys	Scrutiny Report Pro Forma Finance Outturn Reports 2025-26	normal
W06000023-powys-2026-07-10-finance-panel-105328-revenue-cabinet-report-outturn-2025-26-c.pdf	https://powys.moderngov.co.uk/documents/s105328/revenue-cabinet-report-outturn-2025-26-cabinet-executive.pdf	Powys	Revenue Cabinet Report Outturn 2025-26 Cabinet Executive	normal
E07000105-ashford-2026-07-09-cabinet-34316-final-outturn-general-fund.pdf	http://ashford.moderngov.co.uk/documents/s34316/final-outturn-general-fund.pdf	Ashford	Final Outturn (General Fund)	normal
E07000105-ashford-2026-07-09-cabinet-34317-final-outturn-hra.pdf	http://ashford.moderngov.co.uk/documents/s34317/final-outturn-hra.pdf	Ashford	Final Outturn (HRA)	normal
E07000084-basingstoke-and-deane-2026-07-09-cabinet-500004287-capital-programme-outturn-report-2025-26.pdf	https://democracy.basingstoke.gov.uk/documents/s500004287/capital-programme-outturn-report-2025-26.pdf	Basingstoke and Deane	Capital Programme Outturn Report 2025-26	normal
E07000084-basingstoke-and-deane-2026-07-09-cabinet-500004288-revenue-outturn-report-2025-26.pdf	https://democracy.basingstoke.gov.uk/documents/s500004288/revenue-outturn-report-2025-26.pdf	Basingstoke and Deane	Revenue Outturn Report 2025-26	normal
E06000023-city-of-bristol-2026-07-09-transport-connectivity-pol-128465-finance-non-key-committee-report-outturn.pdf	https://Democracy.Bristol.gov.uk/documents/s128465/finance-non-key-committee-report-outturn-p12-transport.pdf	City of Bristol	Finance Non-key Committee Report outturn P12 - Transport	normal
E06000023-city-of-bristol-2026-07-09-transport-connectivity-pol-128467-appendix-a1a-bcc-2025-26-provisional-out.pdf	https://Democracy.Bristol.gov.uk/documents/s128467/appendix-a1a-bcc-2025-26-provisional-outturn-revenue-final.pdf	City of Bristol	Appendix A1a - BCC 2025-26 Provisional Outturn - Revenue FINAL	normal
E06000023-city-of-bristol-2026-07-09-transport-connectivity-pol-128468-appendix-a1b-bcc-2025-26-provisional-out.pdf	https://Democracy.Bristol.gov.uk/documents/s128468/appendix-a1b-bcc-2025-26-provisional-outturn-capital-investm.pdf	City of Bristol	Appendix A1b - BCC 2025-26 Provisional Outturn - Capital & Investments FINAL	normal
E06000008-blackburn-with-darwen-2026-07-09-executive-board-34310-eb-corporate-capital-budget-and-balance.pdf	https://democracy.blackburn.gov.uk/documents/s34310/eb-corporate-capital-budget-and-balance-sheet-2025-26-outtur.pdf	Blackburn with Darwen	EB Corporate Capital Budget and Balance Sheet 2025/26 – Outturn	normal
E06000008-blackburn-with-darwen-2026-07-09-executive-board-34311-eb-corporate-capital-budget-and-balance.pdf	https://democracy.blackburn.gov.uk/documents/s34311/eb-corporate-capital-budget-and-balance-sheet-2025-26-outtur.pdf	Blackburn with Darwen	EB Corporate Capital Budget and Balance Sheet 2025/26 – Outturn EIA Checklist	normal
E06000008-blackburn-with-darwen-2026-07-09-executive-board-34312-eb-corporate-capital-budget-and-balance.pdf	https://democracy.blackburn.gov.uk/documents/s34312/eb-corporate-capital-budget-and-balance-sheet-2025-26-outtur.pdf	Blackburn with Darwen	EB Corporate Capital Budget and Balance Sheet 2025/26 – Outturn EIA_toolkit	normal
E06000008-blackburn-with-darwen-2026-07-09-executive-board-34313-appendix-1-for-eb-corporate-capital-budg.pdf	https://democracy.blackburn.gov.uk/documents/s34313/appendix-1-for-eb-corporate-capital-budget-and-balance-sheet.pdf	Blackburn with Darwen	Appendix 1 for EB Corporate Capital Budget and Balance Sheet 2025/26 – Outturn	normal
E06000008-blackburn-with-darwen-2026-07-09-executive-board-34314-appendix-2-for-eb-corporate-capital-budg.pdf	https://democracy.blackburn.gov.uk/documents/s34314/appendix-2-for-eb-corporate-capital-budget-and-balance-sheet.pdf	Blackburn with Darwen	Appendix 2 for EB Corporate Capital Budget and Balance Sheet 2025/26 – Outturn	normal
E06000008-blackburn-with-darwen-2026-07-09-executive-board-34315-eb-corporate-treasury-management-outturn.pdf	https://democracy.blackburn.gov.uk/documents/s34315/eb-corporate-treasury-management-outturn-report-2025-26.pdf	Blackburn with Darwen	EB Corporate Treasury Management Outturn Report 2025/26	normal
E06000008-blackburn-with-darwen-2026-07-09-executive-board-34360-eb-corporate-revenue-budget-2025-26-outt.pdf	https://democracy.blackburn.gov.uk/documents/s34360/eb-corporate-revenue-budget-2025-26-outturn.pdf	Blackburn with Darwen	EB Corporate Revenue Budget 2025/26 – Outturn	normal
E06000008-blackburn-with-darwen-2026-07-09-executive-board-34361-eb-corporate-revenue-budget-2025-26-outt.pdf	https://democracy.blackburn.gov.uk/documents/s34361/eb-corporate-revenue-budget-2025-26-outturn-eia-checklist.pdf	Blackburn with Darwen	EB Corporate Revenue Budget 2025/26 – Outturn EIA Checklist	normal
E06000008-blackburn-with-darwen-2026-07-09-executive-board-34362-eb-corporate-revenue-budget-2025-26-outt.pdf	https://democracy.blackburn.gov.uk/documents/s34362/eb-corporate-revenue-budget-2025-26-outturn-eia-toolkit.pdf	Blackburn with Darwen	EB Corporate Revenue Budget 2025/26 – Outturn EIA_toolkit	normal
E06000008-blackburn-with-darwen-2026-07-09-executive-board-34363-appendix-1-for-eb-corporate-revenue-budg.pdf	https://democracy.blackburn.gov.uk/documents/s34363/appendix-1-for-eb-corporate-revenue-budget-2025-26-outturn.pdf	Blackburn with Darwen	Appendix 1 for EB Corporate Revenue Budget 2025/26 – Outturn	normal
E06000008-blackburn-with-darwen-2026-07-09-executive-board-34364-appendix-2-for-eb-corporate-revenue-budg.pdf	https://democracy.blackburn.gov.uk/documents/s34364/appendix-2-for-eb-corporate-revenue-budget-2025-26-outturn.pdf	Blackburn with Darwen	Appendix 2 for EB Corporate Revenue Budget 2025/26 – Outturn	normal
E06000008-blackburn-with-darwen-2026-07-09-executive-board-34365-appendix-3-for-eb-corporate-revenue-budg.pdf	https://democracy.blackburn.gov.uk/documents/s34365/appendix-3-for-eb-corporate-revenue-budget-2025-26-outturn.pdf	Blackburn with Darwen	Appendix 3 for EB Corporate Revenue Budget 2025/26 – Outturn	normal
E10000007-derbyshire-2026-07-09-resources-scrutiny-committ-35076-performance-monitoring-and-budget-monito.pdf	https://democracy.derbyshire.gov.uk/documents/s35076/performance-monitoring-and-budget-monitoring-outturn-2025-26.pdf	Derbyshire	Performance Monitoring and Budget Monitoring Outturn 2025-26 as at Quarter 4 (31 March 2026)	normal
E07000086-eastleigh-2026-07-09-policy-and-performance-scr-50043477-appendix-c-treasury-management-outturn-p.pdf	https://Eastleigh.moderngov.co.uk/documents/s50043477/appendix-c-treasury-management-outturn-position.pdf	Eastleigh	Appendix C - Treasury Management Outturn Position	normal
mg258-gwynedd-cymraeg-2026-07-09-governance-and-audit-commi-50811-annual-treasury-outturn-report-2025-26.pdf	https://democracy.gwynedd.llyw.cymru/documents/s50811/annual-treasury-outturn-report-2025-26.pdf	Gwynedd Cymraeg	Annual Treasury Outturn Report 2025-26	normal
E07000085-east-hampshire-2026-07-09-audit-committee-30308-ehdc-2526-outturn-report.pdf	http://easthants.moderngov.co.uk/documents/s30308/ehdc-2526-outturn-report.pdf	East Hampshire	EHDC 2526 Outturn Report	normal
E07000085-east-hampshire-2026-07-09-audit-committee-30291-appendix-a-ehdc-outturn-202526.pdf	http://easthants.moderngov.co.uk/documents/s30291/appendix-a-ehdc-outturn-202526.pdf	East Hampshire	Appendix A - EHDC Outturn 202526	normal
E07000085-east-hampshire-2026-07-09-audit-committee-30292-appendix-b-outturn-budget-virements.pdf	http://easthants.moderngov.co.uk/documents/s30292/appendix-b-outturn-budget-virements.pdf	East Hampshire	Appendix B - Outturn - Budget Virements	normal
E07000085-east-hampshire-2026-07-09-cabinet-30263-ehdc-2526-outturn-report.pdf	http://easthants.moderngov.co.uk/documents/s30263/ehdc-2526-outturn-report.pdf	East Hampshire	EHDC 2526 Outturn Report	normal
E07000085-east-hampshire-2026-07-09-cabinet-30264-appendix-a-ehdc-outturn-202526.pdf	http://easthants.moderngov.co.uk/documents/s30264/appendix-a-ehdc-outturn-202526.pdf	East Hampshire	Appendix A - EHDC Outturn 202526	normal
E07000085-east-hampshire-2026-07-09-cabinet-30265-appendix-b-budget-virements-outturn-repo.pdf	http://easthants.moderngov.co.uk/documents/s30265/appendix-b-budget-virements-outturn-report.pdf	East Hampshire	Appendix B - Budget Virements Outturn Report	normal
E07000073-harlow-2026-07-09-cabinet-31016-outturn-report-2025-26.pdf	https://Harlow.moderngov.co.uk/documents/s31016/outturn-report-2025-26.pdf	Harlow	Outturn Report 2025-26	normal
E09000015-harrow-2026-07-09-cabinet-200832-treasury-management-annual-outturn-repor.pdf	https://moderngov.harrow.gov.uk/documents/s200832/treasury-management-annual-outturn-report-2025-26-final.pdf	Harrow	Treasury Management Annual Outturn Report 2025-26 final	normal
E09000015-harrow-2026-07-09-cabinet-200710-2025-26-revenue-and-capital-budget-outtu.pdf	https://moderngov.harrow.gov.uk/documents/s200710/2025-26-revenue-and-capital-budget-outturn-new-template-v2.pdf	Harrow	2025-26 Revenue and Capital Budget Outturn - New Template v2	normal
E07000212-runnymede-2026-07-09-corporate-management-commi-18408-05-1-treasury-management-outturn-report.pdf	https://Runnymede.moderngov.co.uk/documents/s18408/05-1-treasury-management-outturn-report.pdf	Runnymede	05.1 - Treasury Management Outturn Report	normal
E47000002-south-yorkshire-mayora-2026-07-09-audit-standards-and-risk-c-21850-13-treasury-management-outturn-report-v2.pdf	https://southyorkshire-ca.moderngov.co.uk/documents/s21850/13-treasury-management-outturn-report-v2.pdf	South Yorkshire Mayoral Combined Authority	13. Treasury Management Outturn Report V2	normal
E47000002-south-yorkshire-mayora-2026-07-09-audit-standards-and-risk-c-21851-13-i-treasury-outturn-report-2025-26.pdf	https://southyorkshire-ca.moderngov.co.uk/documents/s21851/13-i-treasury-outturn-report-2025-26.pdf	South Yorkshire Mayoral Combined Authority	13.i. Treasury Outturn Report 2025-26	normal
E07000117-burnley-2026-07-08-executive-50950-revenue-final-outturn-report-2025-26.pdf	https://burnley.moderngov.co.uk/documents/s50950/revenue-final-outturn-report-2025-26.pdf	Burnley	Revenue Final Outturn Report 2025-26	normal
E07000117-burnley-2026-07-08-executive-50954-capital-final-outturn-report-2025-26.pdf	https://burnley.moderngov.co.uk/documents/s50954/capital-final-outturn-report-2025-26.pdf	Burnley	Capital Final Outturn Report 2025-26	normal
E07000117-burnley-2026-07-08-executive-50951-app-1-capital-final-outturn-position-202.pdf	https://burnley.moderngov.co.uk/documents/s50951/app-1-capital-final-outturn-position-2025-26-and-slippage-in.pdf	Burnley	App 1 - Capital Final Outturn Position 2025-26 and Slippage into 2026-27	normal
E07000117-burnley-2026-07-08-executive-50952-app-2-capital-final-outturn-financing-25.pdf	https://burnley.moderngov.co.uk/documents/s50952/app-2-capital-final-outturn-financing-2526.pdf	Burnley	App 2 - Capital Final Outturn Financing 2526	normal
E07000117-burnley-2026-07-08-executive-50953-app-3-capital-final-outturn-capital-prog.pdf	https://burnley.moderngov.co.uk/documents/s50953/app-3-capital-final-outturn-capital-programme-26-27.pdf	Burnley	App 3 - Capital Final Outturn Capital Programme 26-27	normal
E07000068-brentwood-2026-07-08-finance-future-development-30842-2025-26-budget-outturn-report-v2.pdf	http://brentwood.moderngov.co.uk/documents/s30842/2025-26-budget-outturn-report-v2.pdf	Brentwood	2025-26 Budget Outturn Report V2	normal
E07000068-brentwood-2026-07-08-finance-future-development-30843-appendix-a-hra-general-fund-capital-outt.pdf	http://brentwood.moderngov.co.uk/documents/s30843/appendix-a-hra-general-fund-capital-outturn.pdf	Brentwood	Appendix A- HRA & General Fund Capital Outturn	normal
E07000068-brentwood-2026-07-08-finance-future-development-30844-appendix-b-hra-revenue-outturn.pdf	http://brentwood.moderngov.co.uk/documents/s30844/appendix-b-hra-revenue-outturn.pdf	Brentwood	Appendix B HRA Revenue Outturn	normal
E08000002-bury-2026-07-08-cabinet-50773-finance-update-report-202526-outturn-pos.pdf	https://councildecisions.bury.gov.uk/documents/s50773/finance-update-report-202526-outturn-position.pdf	Bury	Finance Update Report – 202526 Outturn Position	normal
E09000016-havering-2026-07-08-cabinet-84800-7-0-2025-26-outturn-report.pdf	https://democracy.havering.gov.uk/documents/s84800/7-0-2025-26-outturn-report.pdf	Havering	7.0 2025-26 Outturn Report	normal
E09000016-havering-2026-07-08-cabinet-84801-7-1-appendix-1-2025-26-capital-outturn.pdf	https://democracy.havering.gov.uk/documents/s84801/7-1-appendix-1-2025-26-capital-outturn.pdf	Havering	7.1 Appendix 1 2025-26 Capital Outturn	normal
E09000016-havering-2026-07-08-cabinet-84802-7-2-appendix-2-revenue-outturn.pdf	https://democracy.havering.gov.uk/documents/s84802/7-2-appendix-2-revenue-outturn.pdf	Havering	7.2 Appendix 2 Revenue Outturn	normal
E07000175-newark-and-sherwood-2026-07-08-audit-accounts-committee-26688-08-06-26-treasury-outturn-report-2025-26.pdf	https://democracy.newark-sherwooddc.gov.uk/documents/s26688/08-06-26-treasury-outturn-report-2025-26.pdf	Newark and Sherwood	08.06.26 - Treasury Outturn Report 2025-26	normal
E07000175-newark-and-sherwood-2026-07-08-audit-accounts-committee-26689-08-06-26-treasury-outturn-report-2025-26.pdf	https://democracy.newark-sherwooddc.gov.uk/documents/s26689/08-06-26-treasury-outturn-report-2025-26-appendix-a.pdf	Newark and Sherwood	08.06.26 - Treasury Outturn Report 2025-26 Appendix A	normal
E07000175-newark-and-sherwood-2026-07-08-audit-accounts-committee-26690-08-07-26-financial-outturn-report-to-31.pdf	https://democracy.newark-sherwooddc.gov.uk/documents/s26690/08-07-26-financial-outturn-report-to-31-march-2026.pdf	Newark and Sherwood	08.07.26 - Financial Outturn Report to 31 March 2026	normal
E07000175-newark-and-sherwood-2026-07-08-audit-accounts-committee-26691-08-07-26-financial-outturn-report-append.pdf	https://democracy.newark-sherwooddc.gov.uk/documents/s26691/08-07-26-financial-outturn-report-appendix-a.pdf	Newark and Sherwood	08.07.26 - Financial Outturn Report - Appendix A	normal
E07000175-newark-and-sherwood-2026-07-08-audit-accounts-committee-26692-08-07-26-financial-outturn-report-append.pdf	https://democracy.newark-sherwooddc.gov.uk/documents/s26692/08-07-26-financial-outturn-report-appendix-b.pdf	Newark and Sherwood	08.07.26 - Financial Outturn Report - Appendix B	normal
E07000175-newark-and-sherwood-2026-07-08-audit-accounts-committee-26693-08-07-26-financial-outturn-report-append.pdf	https://democracy.newark-sherwooddc.gov.uk/documents/s26693/08-07-26-financial-outturn-report-appendix-c.pdf	Newark and Sherwood	08.07.26 - Financial Outturn Report - Appendix C	normal
E06000016-leicester-2026-07-08-overview-select-committee-172733-revenue-budget-monitoring-outturn-2025-2.pdf	https://cabinet.leicester.gov.uk/documents/s172733/revenue-budget-monitoring-outturn-2025-26-osc.pdf	Leicester	Revenue Budget Monitoring Outturn - 2025-26 OSC	normal
E06000016-leicester-2026-07-08-overview-select-committee-172909-addendum-revenue-outturn-202627.pdf	https://cabinet.leicester.gov.uk/documents/s172909/addendum-revenue-outturn-202627.pdf	Leicester	Addendum Revenue Outturn 202627	normal
E06000016-leicester-2026-07-08-overview-select-committee-172737-capital-budget-monitoring-outturn-2025-2.pdf	https://cabinet.leicester.gov.uk/documents/s172737/capital-budget-monitoring-outturn-2025-26-osc.pdf	Leicester	Capital Budget Monitoring - Outturn 2025-26 - OSC	normal
E06000016-leicester-2026-07-08-overview-select-committee-172738-2025-26-outturn-income-collection-report.pdf	https://cabinet.leicester.gov.uk/documents/s172738/2025-26-outturn-income-collection-report-osc.pdf	Leicester	2025-26 Outturn Income Collection Report - OSC	normal
E06000002-middlesbrough-2026-07-08-executive-44035-appendix-1-pi-and-treasury-management-ou.pdf	https://middlesbrough.moderngov.co.uk/documents/s44035/appendix-1-pi-and-treasury-management-outturn-report-2025-26.pdf	Middlesbrough	Appendix 1 - PI and Treasury Management Outturn report - 2025-26	normal
W06000021-monmouthshire-2026-07-08-cabinet-45546-4a-appendix-2-detailed-2025-26-outturn-r.pdf	https://democracy.monmouthshire.gov.uk/documents/s45546/4a-appendix-2-detailed-2025-26-outturn-report.pdf	Monmouthshire	4a. Appendix 2 - Detailed 2025-26 Outturn report	normal
E07000214-surrey-heath-2026-07-08-performance-and-finance-sc-42551-general-fund-outturn-report-2025-26.pdf	http://SurreyHeath.moderngov.co.uk/documents/s42551/general-fund-outturn-report-2025-26.pdf	Surrey Heath	General Fund Outturn Report 2025/26	normal
E08000031-wolverhampton-2026-07-08-cabinet-326290-our-future-council-investing-in-our-city.pdf	https://wolverhampton.moderngov.co.uk/documents/s326290/our-future-council-investing-in-our-city-capital-investment.pdf	Wolverhampton	Our Future Council: Investing in Our City - Capital Investment Programme - Budget Outturn 2025-2026 including Quarter One Budget Monitoring 2026-2027	normal
E07000130-charnwood-2026-07-07-audit-committee-22447-treasury-management-q4-outturn.pdf	http://charnwood.moderngov.co.uk/documents/s22447/treasury-management-q4-outturn.pdf	Charnwood	Treasury Management (Q4) Outturn	normal
E06000057-northumberland-2026-07-07-cabinet-32092-financial-performance-2025-26-final-outt.pdf	https://Northumberland.moderngov.co.uk/documents/s32092/financial-performance-2025-26-final-outturn.pdf	Northumberland	Financial Performance 2025-26 - Final Outturn	normal
E06000057-northumberland-2026-07-07-cabinet-32093-appendix-l-financial-performance-2025-26.pdf	https://Northumberland.moderngov.co.uk/documents/s32093/appendix-l-financial-performance-2025-26-final-outturn.pdf	Northumberland	Appendix L Financial Performance 2025-26 - Final Outturn	normal
E06000002-middlesbrough-2026-07-07-overview-and-scrutiny-boar-43969-appendix-1a-executive-report-202526-reve.pdf	https://middlesbrough.moderngov.co.uk/documents/s43969/appendix-1a-executive-report-202526-revenue-capital-year-end.pdf	Middlesbrough	Appendix 1a - (Executive Report) 202526 Revenue Capital Year End Outturn	normal
mg152-coventry-2026-07-07-cabinet-67725-revenue-and-capital-outturn-2025-26.pdf	https://edemocracy.coventry.gov.uk/documents/s67725/revenue-and-capital-outturn-2025-26.pdf	Coventry	Revenue and Capital Outturn 2025/26	normal
E07000214-surrey-heath-2026-07-07-audit-standards-and-risk-c-42566-capital-and-investment-outturn-report.pdf	http://SurreyHeath.moderngov.co.uk/documents/s42566/capital-and-investment-outturn-report.pdf	Surrey Heath	Capital and Investment Outturn Report	normal
E10000028-staffordshire-2026-07-07-audit-and-standards-commit-208254-internal-audit-outturn-report-2025-26.pdf	https://Staffordshire.moderngov.co.uk/documents/s208254/internal-audit-outturn-report-2025-26.pdf	Staffordshire	Internal Audit Outturn Report 2025/26	normal
E07000087-fareham-2026-07-06-executive-49535-general-fund-revenue-outturn-report-v2.pdf	https://moderngov.fareham.gov.uk/documents/s49535/general-fund-revenue-outturn-report-v2.pdf	Fareham	General Fund Revenue Outturn Report v2	normal
E07000087-fareham-2026-07-06-executive-49542-r05-housing-revenue-account-outturn.pdf	https://moderngov.fareham.gov.uk/documents/s49542/r05-housing-revenue-account-outturn.pdf	Fareham	R05 - Housing Revenue Account Outturn	normal
E07000087-fareham-2026-07-06-executive-49536-capital-treasury-management-outturn.pdf	https://moderngov.fareham.gov.uk/documents/s49536/capital-treasury-management-outturn.pdf	Fareham	Capital & Treasury Management Outturn	normal
E07000108-dover-2026-07-06-cabinet-67447-financial-outturn-2025-26-report.pdf	https://moderngov.dover.gov.uk/documents/s67447/financial-outturn-2025-26-report.pdf	Dover	Financial Outturn 2025-26 Report	normal
E07000081-gloucester-2026-07-06-overview-and-scrutiny-comm-67201-financial-outturn-report-2025-26.pdf	https://democracy.Gloucester.gov.uk/documents/s67201/financial-outturn-report-2025-26.pdf	Gloucester	Financial Outturn Report 2025-26	normal
E09000013-hammersmith-and-fulham-2026-07-06-cabinet-135259-revenue-outturn-report-2025-26.pdf	https://democracy.lbhf.gov.uk/documents/s135259/revenue-outturn-report-2025-26.pdf	Hammersmith and Fulham	Revenue Outturn Report 2025-26	normal
E09000013-hammersmith-and-fulham-2026-07-06-cabinet-135258-capital-programme-outturn-2025-26.pdf	https://democracy.lbhf.gov.uk/documents/s135258/capital-programme-outturn-2025-26.pdf	Hammersmith and Fulham	Capital Programme Outturn 2025-26	normal
E09000013-hammersmith-and-fulham-2026-07-06-cabinet-135260-treasury-management-outturn-report-2025.pdf	https://democracy.lbhf.gov.uk/documents/s135260/treasury-management-outturn-report-2025-26.pdf	Hammersmith and Fulham	Treasury Management Outturn Report 2025-26	normal
E07000228-mid-sussex-2026-07-06-cabinet-23390-budget-management-2025-26-outturn-report.pdf	https://midsussex.moderngov.co.uk/documents/s23390/budget-management-2025-26-outturn-report.pdf	Mid Sussex	Budget Management 2025-26 – Outturn Report	normal
E07000147-north-norfolk-2026-07-06-cabinet-23035-outturn-report-2025-26-final.pdf	https://modgov.north-norfolk.gov.uk/documents/s23035/outturn-report-2025-26-final.pdf	North Norfolk	Outturn Report 2025-26 Final	normal
E07000147-north-norfolk-2026-07-06-cabinet-23036-appx-a-general-fund-summary-outturn-25-2.pdf	https://modgov.north-norfolk.gov.uk/documents/s23036/appx-a-general-fund-summary-outturn-25-26.pdf	North Norfolk	Appx A General Fund Summary Outturn 25-26	normal
E07000147-north-norfolk-2026-07-06-cabinet-23037-appx-b-corporate-outturn-2025-26-lsx.pdf	https://modgov.north-norfolk.gov.uk/documents/s23037/appx-b-corporate-outturn-2025-26-lsx.pdf	North Norfolk	Appx B Corporate Outturn 2025-26.lsx	normal
E07000147-north-norfolk-2026-07-06-cabinet-23038-appx-b-resources-outturn-2025-26-lsx.pdf	https://modgov.north-norfolk.gov.uk/documents/s23038/appx-b-resources-outturn-2025-26-lsx.pdf	North Norfolk	Appx B Resources Outturn 2025-26.lsx	normal
E07000147-north-norfolk-2026-07-06-cabinet-23039-appx-b-service-delivery-outturn-2025-26.pdf	https://modgov.north-norfolk.gov.uk/documents/s23039/appx-b-service-delivery-outturn-2025-26-lsx.pdf	North Norfolk	Appx B Service Delivery Outturn 2025-26.lsx	normal
E07000147-north-norfolk-2026-07-06-cabinet-23040-appx-c-reserve-statement-outturn-2025-26.pdf	https://modgov.north-norfolk.gov.uk/documents/s23040/appx-c-reserve-statement-outturn-2025-26.pdf	North Norfolk	Appx C Reserve Statement Outturn 2025-26	normal
E07000147-north-norfolk-2026-07-06-cabinet-23041-appx-d-capital-programme-outturn-2025-26.pdf	https://modgov.north-norfolk.gov.uk/documents/s23041/appx-d-capital-programme-outturn-2025-26.pdf	North Norfolk	Appx D Capital Programme Outturn 2025-26	normal
E07000175-newark-and-sherwood-2026-07-06-policy-performance-improve-26655-06-07-26-financial-outturn-report-to-31.pdf	https://democracy.newark-sherwooddc.gov.uk/documents/s26655/06-07-26-financial-outturn-report-to-31-march-2026.pdf	Newark and Sherwood	06.07.26 - Financial Outturn Report to 31 March 2026	normal
E07000175-newark-and-sherwood-2026-07-06-policy-performance-improve-26630-06-07-26-financial-outturn-report-append.pdf	https://democracy.newark-sherwooddc.gov.uk/documents/s26630/06-07-26-financial-outturn-report-appendix-a.pdf	Newark and Sherwood	06.07.26 - Financial Outturn Report - Appendix A	normal
E07000175-newark-and-sherwood-2026-07-06-policy-performance-improve-26631-06-07-26-financial-outturn-report-append.pdf	https://democracy.newark-sherwooddc.gov.uk/documents/s26631/06-07-26-financial-outturn-report-appendix-b.pdf	Newark and Sherwood	06.07.26 - Financial Outturn Report - Appendix B	normal
E07000175-newark-and-sherwood-2026-07-06-policy-performance-improve-26632-06-07-26-financial-outturn-report-append.pdf	https://democracy.newark-sherwooddc.gov.uk/documents/s26632/06-07-26-financial-outturn-report-appendix-c.pdf	Newark and Sherwood	06.07.26 - Financial Outturn Report - Appendix C	normal
E07000175-newark-and-sherwood-2026-07-06-policy-performance-improve-26633-06-07-26-financial-outturn-report-append.pdf	https://democracy.newark-sherwooddc.gov.uk/documents/s26633/06-07-26-financial-outturn-report-appendix-d.pdf	Newark and Sherwood	06.07.26 - Financial Outturn Report - Appendix D	normal
E07000175-newark-and-sherwood-2026-07-06-policy-performance-improve-26634-06-07-26-financial-outturn-report-append.pdf	https://democracy.newark-sherwooddc.gov.uk/documents/s26634/06-07-26-financial-outturn-report-appendix-e.pdf	Newark and Sherwood	06.07.26 - Financial Outturn Report - Appendix E	normal
E07000175-newark-and-sherwood-2026-07-06-policy-performance-improve-26635-06-07-26-financial-outturn-report-append.pdf	https://democracy.newark-sherwooddc.gov.uk/documents/s26635/06-07-26-financial-outturn-report-appendix-f.pdf	Newark and Sherwood	06.07.26 - Financial Outturn Report - Appendix F	normal
E07000175-newark-and-sherwood-2026-07-06-policy-performance-improve-26636-06-07-26-financial-outturn-report-append.pdf	https://democracy.newark-sherwooddc.gov.uk/documents/s26636/06-07-26-financial-outturn-report-appendix-g-reserves-gf.pdf	Newark and Sherwood	06.07.26 - Financial Outturn Report - Appendix G - Reserves GF	normal
E07000175-newark-and-sherwood-2026-07-06-policy-performance-improve-26637-06-07-26-financial-outturn-report-append.pdf	https://democracy.newark-sherwooddc.gov.uk/documents/s26637/06-07-26-financial-outturn-report-appendix-h-reserves-hra.pdf	Newark and Sherwood	06.07.26 - Financial Outturn Report - Appendix H - Reserves HRA	normal
E07000175-newark-and-sherwood-2026-07-06-policy-performance-improve-26638-06-07-26-financial-outturn-report-append.pdf	https://democracy.newark-sherwooddc.gov.uk/documents/s26638/06-07-26-financial-outturn-report-appendix-i.pdf	Newark and Sherwood	06.07.26 - Financial Outturn Report - Appendix I	normal
E47000009-west-of-england-2026-07-06-west-of-england-combined-a-11829-item-10-mca-treasury-management-outturn.pdf	http://westofengland-ca.moderngov.co.uk/documents/s11829/item-10-mca-treasury-management-outturn-report-2025-26.pdf	West of England	Item 10 - MCA Treasury Management Outturn Report 2025-26	normal
E08000018-rotherham-2026-07-06-cabinet-159034-year-end-outturn-2025-26-to-cabinet-july.pdf	https://moderngov.rotherham.gov.uk/documents/s159034/year-end-outturn-2025-26-to-cabinet-july-2026.pdf	Rotherham	Year End Outturn 2025-26 to Cabinet - July 2026	normal
E08000018-rotherham-2026-07-06-cabinet-159006-appendix-3-cia-649-treasury-management-o.pdf	https://moderngov.rotherham.gov.uk/documents/s159006/appendix-3-cia-649-treasury-management-outturn-2025-26.pdf	Rotherham	Appendix 3 - CIA 649 - Treasury Management Outturn 2025-26	normal
W06000023-powys-2026-07-03-learning-and-skills-scruti-105042-schools-outturn-and-balance-26-27-ls-sum.pdf	https://powys.moderngov.co.uk/documents/s105042/schools-outturn-and-balance-26-27-ls-summary-english.pdf	Powys	Schools Outturn and balance 26-27 LS Summary English	normal
W06000023-powys-2026-07-03-learning-and-skills-scruti-105059-cabinet-report-school-outturn-positions.pdf	https://powys.moderngov.co.uk/documents/s105059/cabinet-report-school-outturn-positions-31-march-2026-and-bu.pdf	Powys	Cabinet Report School Outturn Positions 31 March 2026 and Budget Plans 2026-27 FINAL	normal
E07000224-arun-2026-07-02-policy-and-resources-commi-25064-item-18-revenue-capital-programme-outtur.pdf	https://democracy.arun.gov.uk/documents/s25064/item-18-revenue-capital-programme-outturn-report.pdf	Arun	Item 18 Revenue Capital Programme Outturn Report	normal
E07000130-charnwood-2026-07-02-cabinet-22347-general-fund-and-hra-revenue-outturn-rep.pdf	http://charnwood.moderngov.co.uk/documents/s22347/general-fund-and-hra-revenue-outturn-report-2025-26-and-carr.pdf	Charnwood	General Fund and HRA Revenue Outturn Report (2025/26) and Carry Forward of Budgets	normal
E07000130-charnwood-2026-07-02-cabinet-22348-enc-1-for-general-fund-and-hra-revenue-o.pdf	http://charnwood.moderngov.co.uk/documents/s22348/enc-1-for-general-fund-and-hra-revenue-outturn-report-2025-2.pdf	Charnwood	Enc. 1 for General Fund and HRA Revenue Outturn Report (2025/26) and Carry Forward of Budgets	normal
E07000130-charnwood-2026-07-02-cabinet-22349-enc-2-for-general-fund-and-hra-revenue-o.pdf	http://charnwood.moderngov.co.uk/documents/s22349/enc-2-for-general-fund-and-hra-revenue-outturn-report-2025-2.pdf	Charnwood	Enc. 2 for General Fund and HRA Revenue Outturn Report (2025/26) and Carry Forward of Budgets	normal
E07000130-charnwood-2026-07-02-cabinet-22350-enc-3-for-general-fund-and-hra-revenue-o.pdf	http://charnwood.moderngov.co.uk/documents/s22350/enc-3-for-general-fund-and-hra-revenue-outturn-report-2025-2.pdf	Charnwood	Enc. 3 for General Fund and HRA Revenue Outturn Report (2025/26) and Carry Forward of Budgets	normal
E07000130-charnwood-2026-07-02-cabinet-22351-enc-4-for-general-fund-and-hra-revenue-o.pdf	http://charnwood.moderngov.co.uk/documents/s22351/enc-4-for-general-fund-and-hra-revenue-outturn-report-2025-2.pdf	Charnwood	Enc. 4 for General Fund and HRA Revenue Outturn Report (2025/26) and Carry Forward of Budgets	normal
E07000130-charnwood-2026-07-02-cabinet-22340-capital-plan-outturn-report-2025-26.pdf	http://charnwood.moderngov.co.uk/documents/s22340/capital-plan-outturn-report-2025-26.pdf	Charnwood	Capital Plan Outturn Report (2025/26)	normal
E07000130-charnwood-2026-07-02-cabinet-22341-enc-1-for-capital-plan-outturn-report-20.pdf	http://charnwood.moderngov.co.uk/documents/s22341/enc-1-for-capital-plan-outturn-report-2025-26.pdf	Charnwood	Enc. 1 for Capital Plan Outturn Report (2025/26)	normal
E06000005-darlington-2026-07-02-economy-and-resources-scru-28354-260702-o-s-project-position-statement-an.pdf	https://democracy.darlington.gov.uk/documents/s28354/260702-o-s-project-position-statement-and-capital-programme.pdf	Darlington	260702 O + S Project Position Statement and Capital Programme Monitoring Outturn 25-26	normal
E06000005-darlington-2026-07-02-economy-and-resources-scru-28356-260702-o-s-project-position-statement-an.pdf	https://democracy.darlington.gov.uk/documents/s28356/260702-o-s-project-position-statement-and-capital-programme.pdf	Darlington	260702 O + S Project Position Statement and Capital Programme Monitoring Outturn 25-26 Appendix 2	normal
E06000005-darlington-2026-07-02-economy-and-resources-scru-28357-260702-o-s-project-position-statement-an.pdf	https://democracy.darlington.gov.uk/documents/s28357/260702-o-s-project-position-statement-and-capital-programme.pdf	Darlington	260702 O + S Project Position Statement and Capital Programme Monitoring Outturn 25-26 Appendix 3	normal
E06000005-darlington-2026-07-02-economy-and-resources-scru-28358-260702-o-s-project-position-statement-an.pdf	https://democracy.darlington.gov.uk/documents/s28358/260702-o-s-project-position-statement-and-capital-programme.pdf	Darlington	260702 O + S Project Position Statement and Capital Programme Monitoring Outturn 25-26 Appendix 4	normal
E06000005-darlington-2026-07-02-economy-and-resources-scru-28359-260702-o-s-project-position-statement-an.pdf	https://democracy.darlington.gov.uk/documents/s28359/260702-o-s-project-position-statement-and-capital-programme.pdf	Darlington	260702 O + S Project Position Statement and Capital Programme Monitoring Outturn 25-26 Appendix 5	normal
E06000005-darlington-2026-07-02-economy-and-resources-scru-28360-260702-o-s-project-position-statement-an.pdf	https://democracy.darlington.gov.uk/documents/s28360/260702-o-s-project-position-statement-and-capital-programme.pdf	Darlington	260702 O + S Project Position Statement and Capital Programme Monitoring Outturn 25-26 Appendix 6	normal
E06000005-darlington-2026-07-02-economy-and-resources-scru-28361-260713-rg-rbm-outturn-2025-26.pdf	https://democracy.darlington.gov.uk/documents/s28361/260713-rg-rbm-outturn-2025-26.pdf	Darlington	260713 RG RBM Outturn 2025-26	normal
E06000005-darlington-2026-07-02-economy-and-resources-scru-28362-260713-rbm-outturn-2025-26-appendix-1.pdf	https://democracy.darlington.gov.uk/documents/s28362/260713-rbm-outturn-2025-26-appendix-1.pdf	Darlington	260713 RBM Outturn 2025-26 Appendix 1	normal
E06000005-darlington-2026-07-02-economy-and-resources-scru-28363-260713-rbm-outturn-2025-26-appendix-2.pdf	https://democracy.darlington.gov.uk/documents/s28363/260713-rbm-outturn-2025-26-appendix-2.pdf	Darlington	260713 RBM Outturn 2025-26 Appendix 2	normal
E06000005-darlington-2026-07-02-economy-and-resources-scru-28364-260713-rbm-outturn-2025-26-appendix-2a.pdf	https://democracy.darlington.gov.uk/documents/s28364/260713-rbm-outturn-2025-26-appendix-2a.pdf	Darlington	260713 RBM Outturn 2025-26 Appendix 2a	normal
E06000005-darlington-2026-07-02-economy-and-resources-scru-28365-260713-rbm-outturn-2025-26-appendices-2b.pdf	https://democracy.darlington.gov.uk/documents/s28365/260713-rbm-outturn-2025-26-appendices-2b.pdf	Darlington	260713 RBM Outturn 2025-26 Appendices 2b	normal
E06000005-darlington-2026-07-02-economy-and-resources-scru-28366-260713-rbm-outturn-2025-26-appendices-2c.pdf	https://democracy.darlington.gov.uk/documents/s28366/260713-rbm-outturn-2025-26-appendices-2c.pdf	Darlington	260713 RBM Outturn 2025-26 Appendices 2c	normal
E06000005-darlington-2026-07-02-economy-and-resources-scru-28367-260713-rbm-outturn-2025-26-appendices-2d.pdf	https://democracy.darlington.gov.uk/documents/s28367/260713-rbm-outturn-2025-26-appendices-2d.pdf	Darlington	260713 RBM Outturn 2025-26 Appendices 2d	normal
E06000005-darlington-2026-07-02-economy-and-resources-scru-28368-260713-rbm-outturn-2025-26-appendices-2e.pdf	https://democracy.darlington.gov.uk/documents/s28368/260713-rbm-outturn-2025-26-appendices-2e.pdf	Darlington	260713 RBM Outturn 2025-26 Appendices 2e	normal
E06000005-darlington-2026-07-02-economy-and-resources-scru-28369-260713-rbm-outturn-2025-26-appendices-2f.pdf	https://democracy.darlington.gov.uk/documents/s28369/260713-rbm-outturn-2025-26-appendices-2f.pdf	Darlington	260713 RBM Outturn 2025-26 Appendices 2f	normal
E06000005-darlington-2026-07-02-economy-and-resources-scru-28370-260713-rbm-outturn-2025-26-appendices-3.pdf	https://democracy.darlington.gov.uk/documents/s28370/260713-rbm-outturn-2025-26-appendices-3.pdf	Darlington	260713 RBM Outturn 2025-26 Appendices 3	normal
E10000007-derbyshire-2026-07-02-cabinet-35027-performance-monitoring-and-budget-monito.pdf	https://democracy.derbyshire.gov.uk/documents/s35027/performance-monitoring-and-budget-monitoring-outturn-2025-26.pdf	Derbyshire	Performance Monitoring and Budget Monitoring Outturn 2025-26 as at Quarter 4 (31 March 2026)	normal
E07000089-hart-2026-07-02-cabinet-14388-q4-performance-plan-outturn.pdf	https://Hart.moderngov.co.uk/documents/s14388/q4-performance-plan-outturn.pdf	Hart	Q4 Performance Plan Outturn	normal
E07000212-runnymede-2026-07-02-overview-and-scrutiny-sele-17957-annual-treasury-management-outturn-repor.pdf	https://Runnymede.moderngov.co.uk/documents/s17957/annual-treasury-management-outturn-report-2025-26.pdf	Runnymede	Annual Treasury Management Outturn Report 2025/26	normal
W06000020-torfaen-2026-07-02-governance-audit-committee-78286-treasury-management-outturn-report-2025.pdf	https://Torfaen.moderngov.co.uk/documents/s78286/treasury-management-outturn-report-2025-26-for-audit-committ.pdf	Torfaen	Treasury Management Outturn Report 2025-26 For Audit Committee	normal
E07000128-wyre-2026-07-02-council-32965-treasury-management-outturn-report-2025.pdf	https://wyre.moderngov.co.uk/documents/s32965/treasury-management-outturn-report-2025-26.pdf	Wyre	Treasury Management Outturn Report 2025/26	normal
E07000128-wyre-2026-07-02-council-32966-appendix-1-for-treasury-management-outtu.pdf	https://wyre.moderngov.co.uk/documents/s32966/appendix-1-for-treasury-management-outturn-report-2025-26.pdf	Wyre	Appendix 1 for Treasury Management Outturn Report 2025/26	normal
E09000004-bexley-2026-07-01-public-cabinet-125352-1-budget-monitor-march-2026-outturn-publ.pdf	https://democracy.bexley.gov.uk/documents/s125352/1-budget-monitor-march-2026-outturn-public-cabinet.pdf	Bexley	1 Budget Monitor March 2026 - Outturn (Public Cabinet)	normal
E07000117-burnley-2026-07-01-scrutiny-committee-50891-revenue-final-outturn-report-2025-26.pdf	https://burnley.moderngov.co.uk/documents/s50891/revenue-final-outturn-report-2025-26.pdf	Burnley	Revenue Final Outturn Report 2025-26	normal
E07000117-burnley-2026-07-01-scrutiny-committee-50896-capital-final-outturn-report-2025-26.pdf	https://burnley.moderngov.co.uk/documents/s50896/capital-final-outturn-report-2025-26.pdf	Burnley	Capital Final Outturn Report 2025-26	normal
E07000117-burnley-2026-07-01-scrutiny-committee-50897-app-1-capital-final-outturn-position-202.pdf	https://burnley.moderngov.co.uk/documents/s50897/app-1-capital-final-outturn-position-2025-26-and-slippage-in.pdf	Burnley	App 1 - Capital Final Outturn Position 2025-26 and Slippage into 2026-27	normal
E07000117-burnley-2026-07-01-scrutiny-committee-50898-app-2-capital-final-outturn-financing-25.pdf	https://burnley.moderngov.co.uk/documents/s50898/app-2-capital-final-outturn-financing-2526.pdf	Burnley	App 2 - Capital Final Outturn Financing 2526	normal
E07000117-burnley-2026-07-01-scrutiny-committee-50899-app-3-capital-final-outturn-capital-prog.pdf	https://burnley.moderngov.co.uk/documents/s50899/app-3-capital-final-outturn-capital-programme-26-27.pdf	Burnley	App 3 - Capital Final Outturn Capital Programme 26-27	normal
E07000090-havant-2026-07-01-cabinet-61027-appendix-a-2526-final-revenue-outturn.pdf	http://havant.moderngov.co.uk/documents/s61027/appendix-a-2526-final-revenue-outturn.pdf	Havant	Appendix A - 2526 Final Revenue Outturn	normal
E07000090-havant-2026-07-01-cabinet-61028-appendix-b-capital-outturn.pdf	http://havant.moderngov.co.uk/documents/s61028/appendix-b-capital-outturn.pdf	Havant	Appendix B - Capital Outturn	normal
E09000010-enfield-2026-07-01-council-114311-treasury-outturn-2025-26-council.pdf	https://Enfield.moderngov.co.uk/documents/s114311/treasury-outturn-2025-26-council.pdf	Enfield	Treasury Outturn 2025-26 Council	normal
E07000079-cotswold-2026-07-01-cabinet-16154-annex-a-202526-capital-programme-outturn.pdf	https://meetings.cotswold.gov.uk/documents/s16154/annex-a-202526-capital-programme-outturn.pdf	Cotswold	Annex A_202526 Capital Programme Outturn	normal
E08000022-north-tyneside-2026-07-01-overview-scrutiny-co-ordin-36771-oscfc-july-2026-performance-and-finance.pdf	http://democracy.northtyneside.gov.uk/documents/s36771/oscfc-july-2026-performance-and-finance-outturn-report-2025.pdf	North Tyneside	OSCFC July 2026 - Performance and Finance Outturn Report 2025-2026	normal
E08000022-north-tyneside-2026-07-01-overview-scrutiny-co-ordin-36772-2025-26-performance-and-financial-manage.pdf	http://democracy.northtyneside.gov.uk/documents/s36772/2025-26-performance-and-financial-management-outturn-report.pdf	North Tyneside	2025-26 Performance and Financial Management Outturn Report to 31 March 2026	normal
E08000022-north-tyneside-2026-07-01-overview-scrutiny-co-ordin-36774-annex-2-outturn-outturn-financial-summar.pdf	http://democracy.northtyneside.gov.uk/documents/s36774/annex-2-outturn-outturn-financial-summary.pdf	North Tyneside	Annex 2 outturn - Outturn Financial Summary	normal
E10000031-warwickshire-2026-07-01-resources-and-fire-rescue-50032-treasury-management-and-investment-outtu.pdf	https://democracy.warwickshire.gov.uk/documents/s50032/treasury-management-and-investment-outturn-report-2025-26.pdf	Warwickshire	Treasury Management and Investment Outturn Report 2025-26	normal
E10000031-warwickshire-2026-07-01-resources-and-fire-rescue-50033-appendix-1-for-treasury-management-and-i.pdf	https://democracy.warwickshire.gov.uk/documents/s50033/appendix-1-for-treasury-management-and-investment-outturn-re.pdf	Warwickshire	Appendix 1 for Treasury Management and Investment Outturn Report 2025-26	normal
E10000031-warwickshire-2026-07-01-resources-and-fire-rescue-50034-appendix-2-for-treasury-management-and-i.pdf	https://democracy.warwickshire.gov.uk/documents/s50034/appendix-2-for-treasury-management-and-investment-outturn-re.pdf	Warwickshire	Appendix 2 for Treasury Management and Investment Outturn Report 2025-26	normal
E10000031-warwickshire-2026-07-01-resources-and-fire-rescue-50035-appendix-3-for-treasury-management-and-i.pdf	https://democracy.warwickshire.gov.uk/documents/s50035/appendix-3-for-treasury-management-and-investment-outturn-re.pdf	Warwickshire	Appendix 3 for Treasury Management and Investment Outturn Report 2025-26	normal
mg68-huntingdonshire-2026-07-01-overview-and-scrutiny-pane-145079-4-treasury-management-outturn-cover-repo.pdf	http://democracy.huntingdonshire.gov.uk/moderngov/documents/s145079/4-treasury-management-outturn-cover-report-2025-26.pdf	Huntingdonshire	4. Treasury Management Outturn Cover Report 2025-26	normal
mg68-huntingdonshire-2026-07-01-overview-and-scrutiny-pane-145080-4-treasury-management-outturn-report-202.pdf	http://democracy.huntingdonshire.gov.uk/moderngov/documents/s145080/4-treasury-management-outturn-report-2025-26.pdf	Huntingdonshire	4. Treasury Management Outturn Report 2025-26	normal
mg68-huntingdonshire-2026-07-01-overview-and-scrutiny-pane-145073-5-o-s-report-provisional-outturn-2025-26.pdf	http://democracy.huntingdonshire.gov.uk/moderngov/documents/s145073/5-o-s-report-provisional-outturn-2025-26.pdf	Huntingdonshire	5. O&S Report Provisional Outturn 2025-26	normal
mg68-huntingdonshire-2026-07-01-overview-and-scrutiny-pane-145077-5-finance-performance-report-provisional.pdf	http://democracy.huntingdonshire.gov.uk/moderngov/documents/s145077/5-finance-performance-report-provisional-outturn-2025-26.pdf	Huntingdonshire	5. Finance Performance Report Provisional Outturn 2025-26	normal
mg68-huntingdonshire-2026-07-01-overview-and-scrutiny-pane-145076-5-capital-provisional-outturn-appendix-3.pdf	http://democracy.huntingdonshire.gov.uk/moderngov/documents/s145076/5-capital-provisional-outturn-appendix-3.pdf	Huntingdonshire	5. Capital Provisional Outturn - Appendix 3	normal
E07000129-blaby-2026-06-30-council-55381-recommendations-of-the-cabinet-executive.pdf	https://democracy.blaby.gov.uk/documents/s55381/recommendations-of-the-cabinet-executive-treasury-management.pdf	Blaby	Recommendations of the Cabinet Executive - Treasury Management Outturn 2025-26	normal
E07000129-blaby-2026-06-30-council-55382-recommendations-of-the-cabinet-executive.pdf	https://democracy.blaby.gov.uk/documents/s55382/recommendations-of-the-cabinet-executive-treasury-management.pdf	Blaby	Recommendations of the Cabinet Executive - Treasury Management Outturn 2025-26 Appendix A	normal
E07000172-broxtowe-2026-06-30-cabinet-42589-performance-management-review-of-busines.pdf	http://democracy.broxtowe.gov.uk/documents/s42589/performance-management-review-of-business-plans-outturn-repo.pdf	Broxtowe	Performance Management Review of Business Plans - Outturn Report 2025/26	normal
E07000172-broxtowe-2026-06-30-cabinet-42590-enc-1-for-performance-management-review.pdf	http://democracy.broxtowe.gov.uk/documents/s42590/enc-1-for-performance-management-review-of-business-plans-ou.pdf	Broxtowe	Enc. 1 for Performance Management Review of Business Plans - Outturn Report 2025/26	normal
E07000172-broxtowe-2026-06-30-cabinet-42591-enc-2-for-performance-management-review.pdf	http://democracy.broxtowe.gov.uk/documents/s42591/enc-2-for-performance-management-review-of-business-plans-ou.pdf	Broxtowe	Enc. 2 for Performance Management Review of Business Plans - Outturn Report 2025/26	normal
E07000172-broxtowe-2026-06-30-cabinet-42593-statement-of-accounts-update-and-outturn.pdf	http://democracy.broxtowe.gov.uk/documents/s42593/statement-of-accounts-update-and-outturn-position-2025-26.pdf	Broxtowe	Statement of Accounts Update and Outturn Position 2025/26	normal
E07000172-broxtowe-2026-06-30-cabinet-42738-enc-1-for-statement-of-accounts-update-a.pdf	http://democracy.broxtowe.gov.uk/documents/s42738/enc-1-for-statement-of-accounts-update-and-outturn-position.pdf	Broxtowe	Enc. 1 for Statement of Accounts Update and Outturn Position 2025/26	normal
E07000112-folkestone-and-hythe-2026-06-30-finance-and-performance-sc-55695-report-general-fund-revenue-provisional.pdf	https://Folkestone-Hythe.moderngov.co.uk/documents/s55695/report-general-fund-revenue-provisional-outturn-2025-26.pdf	Folkestone and Hythe	Report - General Fund Revenue Provisional Outturn 2025-26	normal
E07000112-folkestone-and-hythe-2026-06-30-finance-and-performance-sc-55667-appendix-a-2025-26-general-fund-provisio.pdf	https://Folkestone-Hythe.moderngov.co.uk/documents/s55667/appendix-a-2025-26-general-fund-provisional-outturn-summary.pdf	Folkestone and Hythe	Appendix A - 2025.26 General Fund Provisional Outturn Summary Table	normal
E07000112-folkestone-and-hythe-2026-06-30-finance-and-performance-sc-55668-appendix-b-list-of-revenue-outturn-varia.pdf	https://Folkestone-Hythe.moderngov.co.uk/documents/s55668/appendix-b-list-of-revenue-outturn-variations-40k-and-above.pdf	Folkestone and Hythe	Appendix B - List of Revenue Outturn Variations £40k and above	normal
E07000112-folkestone-and-hythe-2026-06-30-finance-and-performance-sc-55669-appendix-c-2025-26-general-fund-outturn.pdf	https://Folkestone-Hythe.moderngov.co.uk/documents/s55669/appendix-c-2025-26-general-fund-outturn-reserves-analysis.pdf	Folkestone and Hythe	Appendix C - 2025.26 General Fund Outturn Reserves Analysis	normal
E07000112-folkestone-and-hythe-2026-06-30-finance-and-performance-sc-55696-report-capital-provisional-outturn-25-26.pdf	https://Folkestone-Hythe.moderngov.co.uk/documents/s55696/report-capital-provisional-outturn-25-26.pdf	Folkestone and Hythe	Report - Capital Provisional Outturn 25-26	normal
E07000112-folkestone-and-hythe-2026-06-30-finance-and-performance-sc-55639-appendix-1-general-fund-capital-programm.pdf	https://Folkestone-Hythe.moderngov.co.uk/documents/s55639/appendix-1-general-fund-capital-programmed-25-26-provisional.pdf	Folkestone and Hythe	Appendix 1 - General Fund Capital Programmed 25_26 Provisional Outturn	normal
E07000112-folkestone-and-hythe-2026-06-30-finance-and-performance-sc-55697-report-revenue-and-capital-provisional-f.pdf	https://Folkestone-Hythe.moderngov.co.uk/documents/s55697/report-revenue-and-capital-provisional-final-outturn-25-26-c.pdf	Folkestone and Hythe	Report - Revenue and Capital Provisional Final Outturn 25-26 (Cabinet report)	normal
E07000112-folkestone-and-hythe-2026-06-30-finance-and-performance-sc-55644-appendix-1-hra-revenue-outturn.pdf	https://Folkestone-Hythe.moderngov.co.uk/documents/s55644/appendix-1-hra-revenue-outturn.pdf	Folkestone and Hythe	Appendix 1 - HRA Revenue Outturn	normal
E07000112-folkestone-and-hythe-2026-06-30-finance-and-performance-sc-55645-appendix-2-hra-capital-outturn.pdf	https://Folkestone-Hythe.moderngov.co.uk/documents/s55645/appendix-2-hra-capital-outturn.pdf	Folkestone and Hythe	Appendix 2 - HRA Capital Outturn	normal
E09000016-havering-2026-06-30-audit-committee-84721-head-of-assurance-annual-opinion-2025-26.pdf	https://democracy.havering.gov.uk/documents/s84721/head-of-assurance-annual-opinion-2025-26-incorporating-inter.pdf	Havering	Head of Assurance Annual Opinion 2025 26 incorporating Internal Audit Plan Outturn Cover Report	normal
E09000016-havering-2026-06-30-audit-committee-84722-appendix-1-head-of-assurance-opinion-202.pdf	https://democracy.havering.gov.uk/documents/s84722/appendix-1-head-of-assurance-opinion-2025-26-and-internal-au.pdf	Havering	Appendix 1 - Head of Assurance Opinion 2025-26 and Internal Audit Outturn	normal
E09000016-havering-2026-06-30-audit-committee-84723-appendix-2-counter-fraud-2025-26-outturn.pdf	https://democracy.havering.gov.uk/documents/s84723/appendix-2-counter-fraud-2025-26-outturn.pdf	Havering	Appendix 2 - Counter Fraud 2025-26 Outturn	normal
E07000242-east-hertfordshire-2026-06-30-audit-and-governance-commi-73250-provisional-outturn-2025-26-and-draft-st.pdf	https://democracy.eastherts.gov.uk/documents/s73250/provisional-outturn-2025-26-and-draft-statement-of-accounts.pdf	East Hertfordshire	Provisional Outturn 2025/26 and Draft Statement of Accounts 2025/26	normal
E07000242-east-hertfordshire-2026-06-30-audit-and-governance-commi-73253-appendix-a-revenue-outturn-2025-26.pdf	https://democracy.eastherts.gov.uk/documents/s73253/appendix-a-revenue-outturn-2025-26.pdf	East Hertfordshire	Appendix A - Revenue outturn 2025/26	normal
E07000242-east-hertfordshire-2026-06-30-audit-and-governance-commi-73251-appendix-c-capital-outturn-2025-26.pdf	https://democracy.eastherts.gov.uk/documents/s73251/appendix-c-capital-outturn-2025-26.pdf	East Hertfordshire	Appendix C - Capital outturn 2025/26	normal
W06000021-monmouthshire-2026-06-30-performance-and-overview-s-45429-20260630-p-o-scrutiny-financial-update-a.pdf	https://democracy.monmouthshire.gov.uk/documents/s45429/20260630-p-o-scrutiny-financial-update-appx2-detailed-2025-2.pdf	Monmouthshire	20260630 P&O Scrutiny - Financial update - Appx2 - Detailed 2025-26 Outturn report	normal
E06000042-milton-keynes-2026-06-30-cabinet-29354-quarter-4-2025-26-outturn-report.pdf	https://milton-keynes.moderngov.co.uk/documents/s29354/quarter-4-2025-26-outturn-report.pdf	Milton Keynes	Quarter 4 2025/26 Outturn Report	normal
E06000042-milton-keynes-2026-06-30-cabinet-29355-quarter-4-2025-26-outturn-report-annex-a.pdf	https://milton-keynes.moderngov.co.uk/documents/s29355/quarter-4-2025-26-outturn-report-annex-a-budget-monitoring-s.pdf	Milton Keynes	Quarter 4 2025/26 Outturn Report - Annex A - Budget Monitoring Summary Outturn	normal
E06000042-milton-keynes-2026-06-30-cabinet-29356-quarter-4-2025-26-outturn-report-annex-b.pdf	https://milton-keynes.moderngov.co.uk/documents/s29356/quarter-4-2025-26-outturn-report-annex-b-reserves.pdf	Milton Keynes	Quarter 4 2025/26 Outturn Report - Annex B - Reserves	normal
E06000042-milton-keynes-2026-06-30-cabinet-29357-quarter-4-2025-26-outturn-report-annex-c.pdf	https://milton-keynes.moderngov.co.uk/documents/s29357/quarter-4-2025-26-outturn-report-annex-c-capital-revisions.pdf	Milton Keynes	Quarter 4 2025/26 Outturn Report - Annex C - Capital Revisions	normal
E06000042-milton-keynes-2026-06-30-cabinet-29358-quarter-4-2025-26-outturn-report-annex-c.pdf	https://milton-keynes.moderngov.co.uk/documents/s29358/quarter-4-2025-26-outturn-report-annex-c1-capital-programme.pdf	Milton Keynes	Quarter 4 2025/26 Outturn Report - Annex C1 - Capital Programme 2026-27	normal
E06000042-milton-keynes-2026-06-30-cabinet-29359-quarter-4-2025-26-outturn-report-annex-d.pdf	https://milton-keynes.moderngov.co.uk/documents/s29359/quarter-4-2025-26-outturn-report-annex-d-capital-outturn-202.pdf	Milton Keynes	Quarter 4 2025/26 Outturn Report - Annex D - Capital Outturn 2025-26	normal
E06000042-milton-keynes-2026-06-30-cabinet-29360-quarter-4-2025-26-outturn-report-annex-d.pdf	https://milton-keynes.moderngov.co.uk/documents/s29360/quarter-4-2025-26-outturn-report-annex-d1-mkwrp-capital-budg.pdf	Milton Keynes	Quarter 4 2025/26 Outturn Report - Annex D1 - MKWRP Capital Budget Revision	normal
E06000042-milton-keynes-2026-06-30-cabinet-29361-quarter-4-2025-26-outturn-report-annex-e.pdf	https://milton-keynes.moderngov.co.uk/documents/s29361/quarter-4-2025-26-outturn-report-annex-e-tariff-programme-re.pdf	Milton Keynes	Quarter 4 2025/26 Outturn Report - Annex E - Tariff Programme Revisions	normal
E06000042-milton-keynes-2026-06-30-cabinet-29362-quarter-4-2025-26-outturn-report-annex-f.pdf	https://milton-keynes.moderngov.co.uk/documents/s29362/quarter-4-2025-26-outturn-report-annex-f-tariff-outturn-2025.pdf	Milton Keynes	Quarter 4 2025/26 Outturn Report - Annex F - Tariff Outturn 2025-26	normal
E06000042-milton-keynes-2026-06-30-cabinet-29363-quarter-4-2025-26-outturn-report-annex-g.pdf	https://milton-keynes.moderngov.co.uk/documents/s29363/quarter-4-2025-26-outturn-report-annex-g-treasury-outturn-20.pdf	Milton Keynes	Quarter 4 2025/26 Outturn Report - Annex G - Treasury Outturn 2025-26	normal
E06000042-milton-keynes-2026-06-30-cabinet-29364-quarter-4-2025-26-outturn-report-annex-h.pdf	https://milton-keynes.moderngov.co.uk/documents/s29364/quarter-4-2025-26-outturn-report-annex-h-virements.pdf	Milton Keynes	Quarter 4 2025/26 Outturn Report - Annex H - Virements	normal
E06000040-windsor-and-maidenhead-2026-06-30-cabinet-72417-2025-26-provisional-outturn-cabinet.pdf	https://RBWM.moderngov.co.uk/documents/s72417/2025-26-provisional-outturn-cabinet.pdf	Windsor and Maidenhead	2025-26 Provisional Outturn - Cabinet	normal
E06000040-windsor-and-maidenhead-2026-06-30-cabinet-72419-appendix-b-capital-budget-provisional-ou.pdf	https://RBWM.moderngov.co.uk/documents/s72419/appendix-b-capital-budget-provisional-outturn.pdf	Windsor and Maidenhead	Appendix B - Capital budget Provisional Outturn	normal
E10000032-west-sussex-2026-06-30-cabinet-60575-appendix-2-revenue-outturn-monitor-and-r.pdf	https://westsussex.moderngov.co.uk/documents/s60575/appendix-2-revenue-outturn-monitor-and-reserves.pdf	West Sussex	Appendix 2 - Revenue Outturn Monitor and Reserves	normal
E10000032-west-sussex-2026-06-30-cabinet-60577-appendix-4-capital-outturn-monitor.pdf	https://westsussex.moderngov.co.uk/documents/s60577/appendix-4-capital-outturn-monitor.pdf	West Sussex	Appendix 4 - Capital Outturn Monitor	normal
E07000129-blaby-2026-06-29-cabinet-executive-55400-treasury-management-outturn-2025-26.pdf	https://democracy.blaby.gov.uk/documents/s55400/treasury-management-outturn-2025-26.pdf	Blaby	Treasury Management Outturn 2025-26	normal
W06000013-bridgend-2026-06-29-corporate-overview-and-scr-38110-4-revenue-budget-outturn-2025-26.pdf	https://democratic.bridgend.gov.uk/documents/s38110/4-revenue-budget-outturn-2025-26.pdf	Bridgend	4 - Revenue Budget Outturn 2025-26	normal
E07000195-newcastle-under-lyme-2026-06-29-audit-and-standards-commit-47319-internal-audit-outturn-report-2025-26-is.pdf	http://moderngov.newcastle-staffs.gov.uk/documents/s47319/internal-audit-outturn-report-2025-26-issued.pdf	Newcastle-under-Lyme	Internal Audit Outturn Report 2025-26 Issued	normal
E07000079-cotswold-2026-06-29-overview-and-scrutiny-comm-16138-annex-a-202526-capital-programme-outturn.pdf	https://meetings.cotswold.gov.uk/documents/s16138/annex-a-202526-capital-programme-outturn.pdf	Cotswold	Annex A_202526 Capital Programme Outturn	normal
E07000102-three-rivers-2026-06-29-policy-and-resources-commi-18500-budget-outturn-report-2025-26.pdf	https://moderngov.threerivers.gov.uk/documents/s18500/budget-outturn-report-2025-26.pdf	Three Rivers	Budget Outturn Report 2025/26	normal
E07000102-three-rivers-2026-06-29-policy-and-resources-commi-18501-enc-1-for-budget-outturn-report-2025-26.pdf	https://moderngov.threerivers.gov.uk/documents/s18501/enc-1-for-budget-outturn-report-2025-26.pdf	Three Rivers	Enc. 1 for Budget Outturn Report 2025/26	normal
E10000032-west-sussex-2026-06-29-performance-and-finance-sc-60529-item-9-appendix-2-revenue-outturn-monito.pdf	https://westsussex.moderngov.co.uk/documents/s60529/item-9-appendix-2-revenue-outturn-monitor-and-reserves.pdf	West Sussex	Item_9_Appendix_2_Revenue_Outturn_Monitor_and_Reserves	normal
E10000032-west-sussex-2026-06-29-performance-and-finance-sc-60531-item-9-appendix-4-capital-outturn-monito.pdf	https://westsussex.moderngov.co.uk/documents/s60531/item-9-appendix-4-capital-outturn-monitor.pdf	West Sussex	Item_9_Appendix_4_Capital_Outturn_Monitor	normal
E07000174-mansfield-2026-06-26-portfolio-holder-for-corpo-9323-revenue-and-capital-outturn-position-for.pdf	https://Mansfield.moderngov.co.uk/documents/s9323/revenue-and-capital-outturn-position-for-2025-26.pdf	Mansfield	Revenue and Capital Outturn Position for 2025/26	normal
E07000174-mansfield-2026-06-26-portfolio-holder-for-corpo-9324-appendix-1-for-revenue-and-capital-outtu.pdf	https://Mansfield.moderngov.co.uk/documents/s9324/appendix-1-for-revenue-and-capital-outturn-position-for-2025.pdf	Mansfield	Appendix 1 for Revenue and Capital Outturn Position for 2025/26	normal
E07000174-mansfield-2026-06-26-portfolio-holder-for-corpo-9325-appendix-2-for-revenue-and-capital-outtu.pdf	https://Mansfield.moderngov.co.uk/documents/s9325/appendix-2-for-revenue-and-capital-outturn-position-for-2025.pdf	Mansfield	Appendix 2 for Revenue and Capital Outturn Position for 2025/26	normal
E07000174-mansfield-2026-06-26-portfolio-holder-for-corpo-9326-appendix-3-for-revenue-and-capital-outtu.pdf	https://Mansfield.moderngov.co.uk/documents/s9326/appendix-3-for-revenue-and-capital-outturn-position-for-2025.pdf	Mansfield	Appendix 3 for Revenue and Capital Outturn Position for 2025/26	normal
E07000174-mansfield-2026-06-26-portfolio-holder-for-corpo-9327-appendix-4-for-revenue-and-capital-outtu.pdf	https://Mansfield.moderngov.co.uk/documents/s9327/appendix-4-for-revenue-and-capital-outturn-position-for-2025.pdf	Mansfield	Appendix 4 for Revenue and Capital Outturn Position for 2025/26	normal
E07000174-mansfield-2026-06-26-portfolio-holder-for-corpo-9328-appendix-5-for-revenue-and-capital-outtu.pdf	https://Mansfield.moderngov.co.uk/documents/s9328/appendix-5-for-revenue-and-capital-outturn-position-for-2025.pdf	Mansfield	Appendix 5 for Revenue and Capital Outturn Position for 2025/26	normal
E07000174-mansfield-2026-06-26-portfolio-holder-for-corpo-9329-appendix-6-for-revenue-and-capital-outtu.pdf	https://Mansfield.moderngov.co.uk/documents/s9329/appendix-6-for-revenue-and-capital-outturn-position-for-2025.pdf	Mansfield	Appendix 6 for Revenue and Capital Outturn Position for 2025/26	normal
S12000034-aberdeenshire-2026-06-25-aberdeenshire-council-44919-financial-performance-2025-26-unaudited.pdf	https://Aberdeenshire.moderngov.co.uk/documents/s44919/financial-performance-2025-26-unaudited-outturn.pdf	Aberdeenshire	Financial Performance 2025/26 - Unaudited Outturn	normal
S12000034-aberdeenshire-2026-06-25-aberdeenshire-council-45591-appendix-1-detailed-outturn-variances-20.pdf	https://Aberdeenshire.moderngov.co.uk/documents/s45591/appendix-1-detailed-outturn-variances-2025-26.pdf	Aberdeenshire	Appendix 1 - Detailed Outturn Variances 2025/26	normal
E06000023-city-of-bristol-2026-06-25-children-and-young-people-127773-appendix-a1a-bcc-2025-26-provisional-out.pdf	https://Democracy.Bristol.gov.uk/documents/s127773/appendix-a1a-bcc-2025-26-provisional-outturn-revenue-final.pdf	City of Bristol	Appendix A1a - BCC 2025-26 Provisional Outturn - Revenue FINAL	normal
E06000023-city-of-bristol-2026-06-25-children-and-young-people-128287-finance-p12-2025-26-provisional-outturn.pdf	https://Democracy.Bristol.gov.uk/documents/s128287/finance-p12-2025-26-provisional-outturn-report-c-yp-committe.pdf	City of Bristol	Finance P12 2025-26 Provisional Outturn Report C&YP Committee	normal
E06000023-city-of-bristol-2026-06-25-children-and-young-people-127774-appendix-a1b-bcc-2025-26-provisional-out.pdf	https://Democracy.Bristol.gov.uk/documents/s127774/appendix-a1b-bcc-2025-26-provisional-outturn-capital-investm.pdf	City of Bristol	Appendix A1b - BCC 2025-26 Provisional Outturn - Capital & Investments FINAL	normal
E06000055-bedford-2026-06-25-pension-fund-committee-81180-20260625-agenda-item-12-appendix-a-pensi.pdf	https://councillorsupport.bedford.gov.uk/documents/s81180/20260625-agenda-item-12-appendix-a-pension-fund-statement-of.pdf	Bedford	20260625 Agenda Item 12 -Appendix A - Pension Fund Statement of Accounts 2025 2026 Draft Signed	normal
E47000008-cambridgeshire-and-pet-2026-06-25-audit-and-governance-commi-7084-25-26-treasury-management-outturn-report.pdf	https://cambridgeshirepeterborough-ca.moderngov.co.uk/documents/s7084/25-26-treasury-management-outturn-report.pdf	Cambridgeshire and Peterborough	25-26 Treasury Management Outturn Report	normal
E07000118-chorley-2026-06-25-overview-and-scrutiny-perf-198040-revenue-budget-outturn-2025-26.pdf	https://democracy.chorley.gov.uk/documents/s198040/revenue-budget-outturn-2025-26.pdf	Chorley	Revenue Budget Outturn 2025/26	normal
E07000118-chorley-2026-06-25-overview-and-scrutiny-perf-198045-capital-and-balance-sheet-outturn-2025-2.pdf	https://democracy.chorley.gov.uk/documents/s198045/capital-and-balance-sheet-outturn-2025-26.pdf	Chorley	Capital and Balance Sheet Outturn 2025-26	normal
E07000118-chorley-2026-06-25-overview-and-scrutiny-perf-198046-appendix-a-for-capital-and-balance-sheet.pdf	https://democracy.chorley.gov.uk/documents/s198046/appendix-a-for-capital-and-balance-sheet-outturn-2025-26.pdf	Chorley	Appendix A for Capital and Balance Sheet Outturn 2025-26	normal
E07000118-chorley-2026-06-25-overview-and-scrutiny-perf-198047-appendix-b-for-capital-and-balance-sheet.pdf	https://democracy.chorley.gov.uk/documents/s198047/appendix-b-for-capital-and-balance-sheet-outturn-2025-26.pdf	Chorley	Appendix B for Capital and Balance Sheet Outturn 2025-26	normal
E07000076-tendring-2026-06-26-cabinet-82266-appendix-a-outturn-performance-2025-26.pdf	https://tdcdemocracy.tendringdc.gov.uk/documents/s82266/appendix-a-outturn-performance-2025-26.pdf	Tendring	Appendix A Outturn Performance 2025-26	normal
E07000076-tendring-2026-06-26-cabinet-82267-appendix-b-outturn-2025-26-cf-2023-24-20.pdf	https://tdcdemocracy.tendringdc.gov.uk/documents/s82267/appendix-b-outturn-2025-26-cf-2023-24-2024-25.pdf	Tendring	Appendix B - Outturn 2025.26 cf 2023.24 2024.25	normal
E07000173-gedling-2026-06-25-cabinet-45229-budget-outturn-and-budget-carry-forwards.pdf	https://democracy.gedling.gov.uk/documents/s45229/budget-outturn-and-budget-carry-forwards-202526.pdf	Gedling	Budget Outturn and Budget Carry Forwards 202526	normal
E07000173-gedling-2026-06-25-cabinet-45230-appendix-1-general-fund-revenue-outturn.pdf	https://democracy.gedling.gov.uk/documents/s45230/appendix-1-general-fund-revenue-outturn-2025-26-variance-ana.pdf	Gedling	Appendix 1 - General Fund Revenue Outturn 2025-26 Variance Analysis	normal
E07000173-gedling-2026-06-25-cabinet-45234-appendix-5-capital-outturn-2025-26.pdf	https://democracy.gedling.gov.uk/documents/s45234/appendix-5-capital-outturn-2025-26.pdf	Gedling	Appendix 5 - Capital Outturn 2025-26	normal
E07000209-guildford-2026-06-25-executive-44688-2025-26-final-outturn-financial-monitori.pdf	https://democracy.guildford.gov.uk/documents/s44688/2025-26-final-outturn-financial-monitoring-report-gbc.pdf	Guildford	2025-26 Final Outturn Financial Monitoring report GBC	normal
E10000019-lincolnshire-2026-06-25-overview-and-scrutiny-mana-74345-7-1-executive-report-financial-outturn-r.pdf	https://lincolnshire.moderngov.co.uk/documents/s74345/7-1-executive-report-financial-outturn-report-2025-26.pdf	Lincolnshire	7.1 Executive Report, Financial Outturn Report 2025-26	normal
E09000019-islington-2026-06-25-executive-47369-2025-26-q4-outturn-budget-monitoring-rep.pdf	https://islington.moderngov.co.uk/documents/s47369/2025-26-q4-outturn-budget-monitoring-report-exec.pdf	Islington	2025-26 - Q4 (Outturn) Budget Monitoring Report_Exec	normal
E10000016-kent-2026-06-25-cabinet-137605-26-00030-revenue-and-capital-budget-moni.pdf	https://democracy.kent.gov.uk/documents/s137605/26-00030-revenue-and-capital-budget-monitoring-report-outtur.pdf	Kent	26-00030 - Revenue and Capital Budget Monitoring Report – Outturn 2025-2026	normal
E06000044-portsmouth-2026-06-25-governance-audit-standards-62992-treasury-management-outturn-report-25-26.pdf	https://democracy.portsmouth.gov.uk/documents/s62992/treasury-management-outturn-report-25-26.pdf	Portsmouth	Treasury Management Outturn Report 25-26	normal
E07000211-reigate-and-banstead-2026-06-25-executive-42640-revenue-and-capital-budget-outturn-2025.pdf	https://REIGATE-BANSTEAD.moderngov.co.uk/documents/s42640/revenue-and-capital-budget-outturn-2025-26-25-06-2026-execut.pdf	Reigate and Banstead	Revenue and Capital Budget Outturn 2025-26, 25/06/2026 Executive	normal
E07000211-reigate-and-banstead-2026-06-25-executive-42641-annex-1-q4-2025-26-revenue-budget-outtur.pdf	https://REIGATE-BANSTEAD.moderngov.co.uk/documents/s42641/annex-1-q4-2025-26-revenue-budget-outturn-25-06-2026-executi.pdf	Reigate and Banstead	Annex 1 - Q4 2025-26 Revenue Budget Outturn, 25/06/2026 Executive	normal
E07000211-reigate-and-banstead-2026-06-25-executive-42644-annex-4-q4-2025-26-capital-budget-outtur.pdf	https://REIGATE-BANSTEAD.moderngov.co.uk/documents/s42644/annex-4-q4-2025-26-capital-budget-outturn-25-06-2026-executi.pdf	Reigate and Banstead	Annex 4 - Q4 2025-26 Capital Budget Outturn, 25/06/2026 Executive	normal
E07000211-reigate-and-banstead-2026-06-25-executive-42647-annex-5-2025-26-treasury-management-outt.pdf	https://REIGATE-BANSTEAD.moderngov.co.uk/documents/s42647/annex-5-2025-26-treasury-management-outturn-report-25-06-202.pdf	Reigate and Banstead	Annex 5 - 2025-26 Treasury Management Outturn Report, 25/06/2026 Executive	normal
E07000211-reigate-and-banstead-2026-06-25-executive-42662-260611-os-minute-9-q4-outturn-2025-26.pdf	https://REIGATE-BANSTEAD.moderngov.co.uk/documents/s42662/260611-os-minute-9-q4-outturn-2025-26.pdf	Reigate and Banstead	260611 OS Minute 9 Q4 Outturn 2025-26	normal
E07000215-tandridge-2026-06-25-strategy-resources-committ-19637-2025-26-budget-outturn-strategy-resource.pdf	https://Tandridge.moderngov.co.uk/documents/s19637/2025-26-budget-outturn-strategy-resources-committee.pdf	Tandridge	2025/26 Budget Outturn - Strategy & Resources Committee	normal
E07000215-tandridge-2026-06-25-strategy-resources-committ-19655-appendix-a-outturn-202526.pdf	https://Tandridge.moderngov.co.uk/documents/s19655/appendix-a-outturn-202526.pdf	Tandridge	Appendix A - Outturn 202526	normal
E07000181-west-oxfordshire-2026-06-25-audit-and-governance-commi-17214-westox-annual-treasury-outturn-report-20.pdf	https://meetings.westoxon.gov.uk/documents/s17214/westox-annual-treasury-outturn-report-2025-2026.pdf	West Oxfordshire	WestOx Annual Treasury Outturn Report 2025-2026	normal
E06000062-west-northamptonshire-2026-06-25-council-28948-item-10-revenue-monitoring-report-2025-2.pdf	https://WestNorthants.moderngov.co.uk/documents/s28948/item-10-revenue-monitoring-report-2025-26-provisional-outtur.pdf	West Northamptonshire	Item 10 - Revenue Monitoring Report - 2025-26 Provisional Outturn	normal
E06000062-west-northamptonshire-2026-06-25-council-28949-item-10-appendix-a-revenue-monitoring-re.pdf	https://WestNorthants.moderngov.co.uk/documents/s28949/item-10-appendix-a-revenue-monitoring-report-2025-26-provisi.pdf	West Northamptonshire	Item 10 - Appendix A - Revenue Monitoring Report - 2025-26 Provisional Outturn	normal
E06000062-west-northamptonshire-2026-06-25-council-28950-item-10-appendix-b-2025-26-provisional-r.pdf	https://WestNorthants.moderngov.co.uk/documents/s28950/item-10-appendix-b-2025-26-provisional-revenue-outturn.pdf	West Northamptonshire	Item 10 - Appendix B - 2025-26 Provisional Revenue Outturn	normal
E06000062-west-northamptonshire-2026-06-25-council-28951-item-10-appendix-c-budget-savings-tracke.pdf	https://WestNorthants.moderngov.co.uk/documents/s28951/item-10-appendix-c-budget-savings-tracker-2025-26-outturn.pdf	West Northamptonshire	Item 10 - Appendix C - Budget Savings Tracker 2025-26 - outturn	normal
E07000142-west-lindsey-2026-06-25-thriving-council-committee-51589-budget-and-treasury-monitoring-final-out.pdf	https://democracy.west-lindsey.gov.uk/documents/s51589/budget-and-treasury-monitoring-final-outturn-2025-2026.pdf	West Lindsey	Budget and Treasury Monitoring - Final Outturn 2025/2026	normal
E07000127-west-lancashire-2026-06-25-policy-resources-committee-53804-gra-outturn-2025-26.pdf	https://democracy.westlancs.gov.uk/documents/s53804/gra-outturn-2025-26.pdf	West Lancashire	GRA Outturn 2025/26	normal
E07000127-west-lancashire-2026-06-25-policy-resources-committee-53828-2025-26-gra-capital-outturn.pdf	https://democracy.westlancs.gov.uk/documents/s53828/2025-26-gra-capital-outturn.pdf	West Lancashire	2025/26 GRA Capital Outturn	normal
E07000127-west-lancashire-2026-06-25-policy-resources-committee-53829-appendix-1-for-2025-26-gra-capital-outtu.pdf	https://democracy.westlancs.gov.uk/documents/s53829/appendix-1-for-2025-26-gra-capital-outturn.pdf	West Lancashire	Appendix 1 for 2025/26 GRA Capital Outturn	normal
E07000127-west-lancashire-2026-06-25-policy-resources-committee-53806-hra-outturn-2025-26-revenue-capital.pdf	https://democracy.westlancs.gov.uk/documents/s53806/hra-outturn-2025-26-revenue-capital.pdf	West Lancashire	HRA Outturn 2025/26 - Revenue & Capital	normal
W06000013-bridgend-2026-06-24-council-38071-revenue-budget-outturn-2025-26.pdf	https://democratic.bridgend.gov.uk/documents/s38071/revenue-budget-outturn-2025-26.pdf	Bridgend	Revenue Budget Outturn 2025-26	normal
E09000010-enfield-2026-06-24-cabinet-114072-revenue-and-capital-outturn-2025-26.pdf	https://Enfield.moderngov.co.uk/documents/s114072/revenue-and-capital-outturn-2025-26.pdf	Enfield	Revenue and Capital Outturn 2025/26	normal
E09000010-enfield-2026-06-24-cabinet-114071-treasury-outturn-2025-26.pdf	https://Enfield.moderngov.co.uk/documents/s114071/treasury-outturn-2025-26.pdf	Enfield	Treasury Outturn 2025-26	normal
E07000093-test-valley-2026-06-24-cabinet-40669-amp-outturn-2526-report.pdf	https://TestValley.moderngov.co.uk/documents/s40669/amp-outturn-2526-report.pdf	Test Valley	AMP Outturn 2526 Report	normal
E07000093-test-valley-2026-06-24-cabinet-40673-capital-outturn-report.pdf	https://TestValley.moderngov.co.uk/documents/s40673/capital-outturn-report.pdf	Test Valley	Capital Outturn Report	normal
E07000093-test-valley-2026-06-24-cabinet-40687-capital-outturn-annex.pdf	https://TestValley.moderngov.co.uk/documents/s40687/capital-outturn-annex.pdf	Test Valley	Capital Outturn - Annex	normal
E07000093-test-valley-2026-06-24-cabinet-40688-revenue-outturn-report.pdf	https://TestValley.moderngov.co.uk/documents/s40688/revenue-outturn-report.pdf	Test Valley	Revenue Outturn Report	normal
E07000093-test-valley-2026-06-24-cabinet-40689-revenue-outturn-annex.pdf	https://TestValley.moderngov.co.uk/documents/s40689/revenue-outturn-annex.pdf	Test Valley	Revenue Outturn Annex	normal
E07000093-test-valley-2026-06-24-cabinet-40677-treasury-outturn-report-2025-26.pdf	https://TestValley.moderngov.co.uk/documents/s40677/treasury-outturn-report-2025-26.pdf	Test Valley	Treasury Outturn Report 2025-26	normal
E07000093-test-valley-2026-06-24-cabinet-40676-treasury-outturn-annex.pdf	https://TestValley.moderngov.co.uk/documents/s40676/treasury-outturn-annex.pdf	Test Valley	Treasury Outturn Annex	normal
E07000093-test-valley-2026-06-24-cabinet-40678-valley-housing-outturn-2025-26.pdf	https://TestValley.moderngov.co.uk/documents/s40678/valley-housing-outturn-2025-26.pdf	Test Valley	Valley Housing Outturn 2025-26	normal
E08000008-tameside-2026-06-24-executive-cabinet-207444-2025-26-revenue-outturn-monitoring-repor.pdf	https://tameside.moderngov.co.uk/documents/s207444/2025-26-revenue-outturn-monitoring-report.pdf	Tameside	2025-26 Revenue Outturn Monitoring Report	normal
E08000008-tameside-2026-06-24-executive-cabinet-207445-appendix-1-outturn-2025-26-reserves-and.pdf	https://tameside.moderngov.co.uk/documents/s207445/appendix-1-outturn-2025-26-reserves-and-balances.pdf	Tameside	Appendix 1 Outturn 2025-26 - Reserves and Balances	normal
E08000008-tameside-2026-06-24-executive-cabinet-207446-appendix-2-outturn-2025-26-savings-progr.pdf	https://tameside.moderngov.co.uk/documents/s207446/appendix-2-outturn-2025-26-savings-programme.pdf	Tameside	Appendix 2 Outturn 2025-26 - Savings Programme	normal
E08000008-tameside-2026-06-24-executive-cabinet-207447-appendix-3-outturn-2025-26-directorate-c.pdf	https://tameside.moderngov.co.uk/documents/s207447/appendix-3-outturn-2025-26-directorate-commentary.pdf	Tameside	Appendix 3 Outturn 2025-26 - Directorate Commentary	normal
E08000008-tameside-2026-06-24-executive-cabinet-207448-appendix-4-outturn-2025-26-treasury-mana.pdf	https://tameside.moderngov.co.uk/documents/s207448/appendix-4-outturn-2025-26-treasury-management.pdf	Tameside	Appendix 4 Outturn 2025-26 - Treasury Management	normal
E08000008-tameside-2026-06-24-executive-cabinet-207449-appendix-5-outturn-2025-26-dedicated-sch.pdf	https://tameside.moderngov.co.uk/documents/s207449/appendix-5-outturn-2025-26-dedicated-schools-grant.pdf	Tameside	Appendix 5 Outturn 2025-26 - Dedicated Schools Grant	normal
E08000008-tameside-2026-06-24-executive-cabinet-207450-appendix-6-outturn-2025-26-acceptance-of.pdf	https://tameside.moderngov.co.uk/documents/s207450/appendix-6-outturn-2025-26-acceptance-of-grant-funding.pdf	Tameside	Appendix 6 Outturn 2025-26 - Acceptance of Grant Funding	normal
E08000008-tameside-2026-06-24-executive-cabinet-207454-2025-26-capital-outturn-monitoring-repor.pdf	https://tameside.moderngov.co.uk/documents/s207454/2025-26-capital-outturn-monitoring-report.pdf	Tameside	2025-26 Capital Outturn Monitoring Report	normal
E10000034-worcestershire-2026-06-24-pensions-committee-61112-pc-2026-06-24-wpf-unaudited-financial-st.pdf	http://worcestershire.moderngov.co.uk/documents/s61112/pc-2026-06-24-wpf-unaudited-financial-statements-cover-repor.pdf	Worcestershire	PC 2026 06 24 WPF Unaudited Financial Statements Cover Report	normal
E10000034-worcestershire-2026-06-24-pensions-committee-61113-pc-2026-06-24-wpf-unaudited-financial-st.pdf	http://worcestershire.moderngov.co.uk/documents/s61113/pc-2026-06-24-wpf-unaudited-financial-statements-app-1-2025.pdf	Worcestershire	PC 2026 06 24 WPF Unaudited Financial Statements - App 1 2025.26	normal
E10000034-worcestershire-2026-06-24-pensions-committee-61114-pc-2026-06-24-wpf-unaudited-financial-st.pdf	http://worcestershire.moderngov.co.uk/documents/s61114/pc-2026-06-24-wpf-unaudited-financial-statements-app2-fund-v.pdf	Worcestershire	PC 2026 06 24 WPF Unaudited Financial Statements - App2 -Fund Valuation Variances 2025.26	normal
E06000008-blackburn-with-darwen-2026-06-23-audit-governance-committee-34121-treasury-outturn-report-ag-cttee-25-26.pdf	https://democracy.blackburn.gov.uk/documents/s34121/treasury-outturn-report-ag-cttee-25-26.pdf	Blackburn with Darwen	Treasury Outturn Report AG Cttee 25-26	normal
W06000013-bridgend-2026-06-23-cabinet-38059-revenue-budget-outturn-2025-26-cabinet.pdf	https://democratic.bridgend.gov.uk/documents/s38059/revenue-budget-outturn-2025-26-cabinet.pdf	Bridgend	Revenue Budget Outturn 2025-26 (Cabinet)	normal
E07000174-mansfield-2026-06-23-overview-and-scrutiny-comm-9277-revenue-and-capital-outturn-position-for.pdf	https://Mansfield.moderngov.co.uk/documents/s9277/revenue-and-capital-outturn-position-for-2025-26.pdf	Mansfield	Revenue and Capital Outturn Position for 2025/26	normal
E07000174-mansfield-2026-06-23-overview-and-scrutiny-comm-9278-appendix-1-for-revenue-and-capital-outtu.pdf	https://Mansfield.moderngov.co.uk/documents/s9278/appendix-1-for-revenue-and-capital-outturn-position-for-2025.pdf	Mansfield	Appendix 1 for Revenue and Capital Outturn Position for 2025/26	normal
E07000174-mansfield-2026-06-23-overview-and-scrutiny-comm-9279-appendix-2-for-revenue-and-capital-outtu.pdf	https://Mansfield.moderngov.co.uk/documents/s9279/appendix-2-for-revenue-and-capital-outturn-position-for-2025.pdf	Mansfield	Appendix 2 for Revenue and Capital Outturn Position for 2025/26	normal
E07000174-mansfield-2026-06-23-overview-and-scrutiny-comm-9280-appendix-6-for-revenue-and-capital-outtu.pdf	https://Mansfield.moderngov.co.uk/documents/s9280/appendix-6-for-revenue-and-capital-outturn-position-for-2025.pdf	Mansfield	Appendix 6 for Revenue and Capital Outturn Position for 2025/26	normal
E07000174-mansfield-2026-06-23-overview-and-scrutiny-comm-9281-appendix-3-for-revenue-and-capital-outtu.pdf	https://Mansfield.moderngov.co.uk/documents/s9281/appendix-3-for-revenue-and-capital-outturn-position-for-2025.pdf	Mansfield	Appendix 3 for Revenue and Capital Outturn Position for 2025/26	normal
E07000174-mansfield-2026-06-23-overview-and-scrutiny-comm-9282-appendix-4-for-revenue-and-capital-outtu.pdf	https://Mansfield.moderngov.co.uk/documents/s9282/appendix-4-for-revenue-and-capital-outturn-position-for-2025.pdf	Mansfield	Appendix 4 for Revenue and Capital Outturn Position for 2025/26	normal
E07000174-mansfield-2026-06-23-overview-and-scrutiny-comm-9283-appendix-5-for-revenue-and-capital-outtu.pdf	https://Mansfield.moderngov.co.uk/documents/s9283/appendix-5-for-revenue-and-capital-outturn-position-for-2025.pdf	Mansfield	Appendix 5 for Revenue and Capital Outturn Position for 2025/26	normal
E06000031-peterborough-2026-06-23-cabinet-59282-final-outturn-report-2025-26.pdf	https://Peterborough.moderngov.co.uk/documents/s59282/final-outturn-report-2025-26.pdf	Peterborough	Final Outturn Report 2025-26	normal
E08000005-rochdale-2026-06-23-cabinet-122896-2025-26-finance-outturn-report.pdf	https://Rochdale.moderngov.co.uk/documents/s122896/2025-26-finance-outturn-report.pdf	Rochdale	2025/26 Finance Outturn Report	normal
E08000008-tameside-2026-06-23-audit-committee-207082-item-6-treasury-management-outturn-repor.pdf	https://tameside.moderngov.co.uk/documents/s207082/item-6-treasury-management-outturn-report.pdf	Tameside	ITEM 6 - Treasury Management Outturn Report	normal
E08000031-wolverhampton-2026-06-23-scrutiny-board-324945-performance-and-budget-outturn-covering.pdf	https://wolverhampton.moderngov.co.uk/documents/s324945/performance-and-budget-outturn-covering-report.pdf	Wolverhampton	Performance and Budget Outturn Covering Report	normal
E08000031-wolverhampton-2026-06-23-scrutiny-board-324965-appendix2budgetoutturn20252026.pdf	https://wolverhampton.moderngov.co.uk/documents/s324965/appendix2budgetoutturn20252026.pdf	Wolverhampton	Appendix2BudgetOutturn20252026	normal
E08000031-wolverhampton-2026-06-23-scrutiny-board-324968-appendix4outturnonschoolsbudgets20252026.pdf	https://wolverhampton.moderngov.co.uk/documents/s324968/appendix4outturnonschoolsbudgets20252026.pdf	Wolverhampton	Appendix4OutturnonSchoolsBudgets20252026	normal
E09000003-barnet-2026-06-22-children-and-education-ove-95615-financial-outturn-and-budget-management.pdf	http://barnet.moderngov.co.uk/documents/s95615/financial-outturn-and-budget-management-q4-2025-26.pdf	Barnet	Financial Outturn and Budget Management Q4 2025-26	normal
E08000022-north-tyneside-2026-06-22-cabinet-36511-2025-26-performance-and-financial-manage.pdf	http://democracy.northtyneside.gov.uk/documents/s36511/2025-26-performance-and-financial-management-outturn-report.pdf	North Tyneside	2025-26 Performance and Financial Management Outturn Report to 31 March 2026	normal
E08000022-north-tyneside-2026-06-22-cabinet-36599-annex-2-outturn-outturn-financial-summar.pdf	http://democracy.northtyneside.gov.uk/documents/s36599/annex-2-outturn-outturn-financial-summary.pdf	North Tyneside	Annex 2 outturn - Outturn Financial Summary	normal
E06000040-windsor-and-maidenhead-2026-06-22-audit-and-governance-commi-72363-treasury-outturn-25-26-covering-report.pdf	https://RBWM.moderngov.co.uk/documents/s72363/treasury-outturn-25-26-covering-report.pdf	Windsor and Maidenhead	Treasury outturn 25-26 Covering Report	normal
E06000040-windsor-and-maidenhead-2026-06-22-audit-and-governance-commi-72364-appendix-a-202526-treasury-outturn.pdf	https://RBWM.moderngov.co.uk/documents/s72364/appendix-a-202526-treasury-outturn.pdf	Windsor and Maidenhead	Appendix A 202526 Treasury outturn	normal
mg258-gwynedd-cymraeg-2026-06-19-north-wales-corporate-join-50486-covering-report-cjc-outturn-2025-26.pdf	https://democracy.gwynedd.llyw.cymru/documents/s50486/covering-report-cjc-outturn-2025-26.pdf	Gwynedd Cymraeg	Covering Report - CJC Outturn 2025-26	normal
mg258-gwynedd-cymraeg-2026-06-19-north-wales-corporate-join-50487-appendix-1-cjc-outturn-2025-26.pdf	https://democracy.gwynedd.llyw.cymru/documents/s50487/appendix-1-cjc-outturn-2025-26.pdf	Gwynedd Cymraeg	Appendix 1 - CJC Outturn 2025-26	normal
mg258-gwynedd-cymraeg-2026-06-19-north-wales-corporate-join-50488-appendix-2-growth-deal-outturn-2025-26.pdf	https://democracy.gwynedd.llyw.cymru/documents/s50488/appendix-2-growth-deal-outturn-2025-26.pdf	Gwynedd Cymraeg	Appendix 2 - Growth Deal Outturn 2025-26	normal
mg258-gwynedd-cymraeg-2026-06-19-north-wales-corporate-join-50491-appendix-5-investment-zone-s-2025-26-out.pdf	https://democracy.gwynedd.llyw.cymru/documents/s50491/appendix-5-investment-zone-s-2025-26-outturn-position.pdf	Gwynedd Cymraeg	Appendix 5 - Investment Zone's 2025-26 Outturn Position	normal
mg258-gwynedd-cymraeg-2026-06-19-north-wales-corporate-join-50494-appendix-1-annual-treasury-outturn-repor.pdf	https://democracy.gwynedd.llyw.cymru/documents/s50494/appendix-1-annual-treasury-outturn-report-2025-26-cjc.pdf	Gwynedd Cymraeg	Appendix 1 - Annual Treasury Outturn Report 2025-26 CJC	normal
E10000034-worcestershire-2026-06-19-pension-board-61053-pb-2026-06-19-pension-fund-unaudited-fin.pdf	http://worcestershire.moderngov.co.uk/documents/s61053/pb-2026-06-19-pension-fund-unaudited-financial-statements-co.pdf	Worcestershire	PB 2026 06 19 Pension Fund Unaudited Financial Statements Cover Report	normal
E10000034-worcestershire-2026-06-19-pension-board-61054-pb-2026-06-19-pension-fund-unaudited-fin.pdf	http://worcestershire.moderngov.co.uk/documents/s61054/pb-2026-06-19-pension-fund-unaudited-financial-statements-20.pdf	Worcestershire	PB 2026 06 19 Pension Fund Unaudited Financial Statements 2025.26 (App 1)	normal
W06000013-bridgend-2026-06-18-governance-and-audit-commi-38020-annex-2-detailed-outturn-2526.pdf	https://democratic.bridgend.gov.uk/documents/s38020/annex-2-detailed-outturn-2526.pdf	Bridgend	Annex 2 - Detailed Outturn 2526	normal
W06000015-cardiff-2026-06-18-cabinet-94975-2026-06-18-outturn.pdf	https://cardiff.moderngov.co.uk/documents/s94975/2026-06-18-outturn.pdf	Cardiff	2026-06-18 Outturn	normal
W06000015-cardiff-2026-06-18-cabinet-94976-2026-06-18-outturn-appendix-1.pdf	https://cardiff.moderngov.co.uk/documents/s94976/2026-06-18-outturn-appendix-1.pdf	Cardiff	2026-06-18 Outturn Appendix 1	normal
W06000015-cardiff-2026-06-18-cabinet-94977-2026-06-18-outturn-appendix-2.pdf	https://cardiff.moderngov.co.uk/documents/s94977/2026-06-18-outturn-appendix-2.pdf	Cardiff	2026-06-18 Outturn Appendix 2	normal
W06000015-cardiff-2026-06-18-cabinet-94978-2026-06-18-outturn-appendix-3a.pdf	https://cardiff.moderngov.co.uk/documents/s94978/2026-06-18-outturn-appendix-3a.pdf	Cardiff	2026-06-18 Outturn Appendix 3A	normal
W06000015-cardiff-2026-06-18-cabinet-94979-2026-06-18-outturn-appendix-3b.pdf	https://cardiff.moderngov.co.uk/documents/s94979/2026-06-18-outturn-appendix-3b.pdf	Cardiff	2026-06-18 Outturn Appendix 3B	normal
W06000015-cardiff-2026-06-18-cabinet-94980-2026-06-18-outturn-appendix-4.pdf	https://cardiff.moderngov.co.uk/documents/s94980/2026-06-18-outturn-appendix-4.pdf	Cardiff	2026-06-18 Outturn Appendix 4	normal
W06000015-cardiff-2026-06-18-cabinet-94981-2026-06-18-outturn-appendix-5.pdf	https://cardiff.moderngov.co.uk/documents/s94981/2026-06-18-outturn-appendix-5.pdf	Cardiff	2026-06-18 Outturn Appendix 5	normal
W06000015-cardiff-2026-06-18-cabinet-94982-2026-06-18-outturn-appendix-6.pdf	https://cardiff.moderngov.co.uk/documents/s94982/2026-06-18-outturn-appendix-6.pdf	Cardiff	2026-06-18 Outturn Appendix 6	normal
E07000041-exeter-2026-06-18-customer-focus-scrutiny-co-105465-2025-26-general-fund-capital-monitoring.pdf	https://modgov.exeter.gov.uk/documents/s105465/2025-26-general-fund-capital-monitoring-qtr-4-outturn-report.pdf	Exeter	2025-26 General Fund Capital Monitoring - Qtr 4 Outturn report	normal
E07000041-exeter-2026-06-18-customer-focus-scrutiny-co-105102-appendices-2025-26-qtr-4-outturn-capital.pdf	https://modgov.exeter.gov.uk/documents/s105102/appendices-2025-26-qtr-4-outturn-capital-monitoring-appendic.pdf	Exeter	Appendices 2025-26 Qtr 4 Outturn Capital Monitoring Appendices, 16/06/2026 Council	normal
E07000041-exeter-2026-06-18-customer-focus-scrutiny-co-105466-2025-26-hra-budget-monitoring-report-out.pdf	https://modgov.exeter.gov.uk/documents/s105466/2025-26-hra-budget-monitoring-report-outturn.pdf	Exeter	2025-26 HRA Budget Monitoring Report outturn	normal
E07000041-exeter-2026-06-18-customer-focus-scrutiny-co-105467-25-26-hra-financial-position-at-outturn.pdf	https://modgov.exeter.gov.uk/documents/s105467/25-26-hra-financial-position-at-outturn-chadab-summary-repor.pdf	Exeter	25-26 HRA Financial Position at Outturn CHADAB Summary report	normal
E07000041-exeter-2026-06-18-customer-focus-scrutiny-co-105106-appendix-2-hra-available-resources-outtu.pdf	https://modgov.exeter.gov.uk/documents/s105106/appendix-2-hra-available-resources-outturn-2025-26-16-06-202.pdf	Exeter	Appendix 2 HRA Available Resources Outturn 2025-26, 16/06/2026 Council	normal
E07000041-exeter-2026-06-18-customer-focus-scrutiny-co-105107-appendix-3-hra-capital-outturn-2025-26-1.pdf	https://modgov.exeter.gov.uk/documents/s105107/appendix-3-hra-capital-outturn-2025-26-16-06-2026-council.pdf	Exeter	Appendix 3 HRA Capital Outturn 2025-26, 16/06/2026 Council	normal
E07000176-rushcliffe-2026-06-18-governance-scrutiny-group-19459-capital-and-investment-strategy-outturn.pdf	https://democracy.rushcliffe.gov.uk/documents/s19459/capital-and-investment-strategy-outturn.pdf	Rushcliffe	Capital and Investment Strategy Outturn	normal
E07000215-tandridge-2026-06-18-planning-policy-committee-19483-2025-26-budget-outturn-planning-policy-c.pdf	https://Tandridge.moderngov.co.uk/documents/s19483/2025-26-budget-outturn-planning-policy-committee.pdf	Tandridge	2025/26 Budget Outturn - Planning Policy Committee	normal
E07000215-tandridge-2026-06-18-planning-policy-committee-19484-enc-1-for-2025-26-budget-outturn-plannin.pdf	https://Tandridge.moderngov.co.uk/documents/s19484/enc-1-for-2025-26-budget-outturn-planning-policy-committee.pdf	Tandridge	Enc. 1 for 2025/26 Budget Outturn - Planning Policy Committee	normal
E07000082-stroud-2026-06-18-strategy-and-resources-com-20180-general-fund-and-housing-revenue-account.pdf	https://Stroud.moderngov.co.uk/documents/s20180/general-fund-and-housing-revenue-account-outturn-report-2025.pdf	Stroud	General Fund and Housing Revenue Account Outturn Report 202526_v3	normal
E07000177-cherwell-2026-06-17-audit-and-governance-commi-63386-treasury-management-report-outturn-2025.pdf	https://modgov.cherwell.gov.uk/documents/s63386/treasury-management-report-outturn-2025-26.pdf	Cherwell	Treasury Management Report – Outturn 2025/26	normal
E06000046-isle-of-wight-2026-06-17-isle-of-wight-pension-fund-22812-6a-treasury-strategy-and-activity-update.pdf	https://IOW.moderngov.co.uk/documents/s22812/6a-treasury-strategy-and-activity-update.pdf	Isle of Wight	6a. Treasury Strategy and Activity Update	normal
E07000174-mansfield-2026-06-17-audit-governance-standards-9206-investment-strategy-outturn-position-202.pdf	https://Mansfield.moderngov.co.uk/documents/s9206/investment-strategy-outturn-position-2025-26.pdf	Mansfield	INVESTMENT STRATEGY OUTTURN POSITION 2025/26	normal
W06000022-newport-2026-06-17-cabinet-36071-04-final-25-26-outturn-report-to-cabinet.pdf	https://democracy.newport.gov.uk/documents/s36071/04-final-25-26-outturn-report-to-cabinet.pdf	Newport	04 Final_25-26 Outturn report to Cabinet	normal
W06000022-newport-2026-06-17-cabinet-36068-05-capital-outturn-report-26-26.pdf	https://democracy.newport.gov.uk/documents/s36068/05-capital-outturn-report-26-26.pdf	Newport	05 Capital Outturn Report 26-26	normal
E07000147-north-norfolk-2026-06-17-council-22929-22-05-25-final-annual-treasury-managemen.pdf	https://modgov.north-norfolk.gov.uk/documents/s22929/22-05-25-final-annual-treasury-management-outturn-committee.pdf	North Norfolk	22.05.25 - FINAL - Annual Treasury Management Outturn Committee Report 25.26	normal
E07000147-north-norfolk-2026-06-17-council-22930-22-05-25-final-appendix-a-annual-treasur.pdf	https://modgov.north-norfolk.gov.uk/documents/s22930/22-05-25-final-appendix-a-annual-treasury-management-outturn.pdf	North Norfolk	22.05.25 - FINAL - Appendix A - Annual Treasury Management Outturn Report	normal
E10000028-staffordshire-2026-06-17-cabinet-207832-final-financial-outturn-2025-26.pdf	https://Staffordshire.moderngov.co.uk/documents/s207832/final-financial-outturn-2025-26.pdf	Staffordshire	Final Financial Outturn 2025/26	normal
W06000001-isle-of-anglesey-2026-06-16-the-executive-23537-revenue-budget-monitoring-outturn-2025-2.pdf	https://democracy.anglesey.gov.uk/documents/s23537/revenue-budget-monitoring-outturn-2025-26.pdf	Isle of Anglesey	Revenue Budget Monitoring, Outturn 2025/26	normal
E09000002-barking-and-dagenham-2026-06-16-cabinet-181310-outturn-2025-26-report.pdf	https://LBBD.moderngov.co.uk/documents/s181310/outturn-2025-26-report.pdf	Barking and Dagenham	Outturn 2025-26 Report	normal
E09000002-barking-and-dagenham-2026-06-16-cabinet-181315-outturn-2025-26-app-a-reserves.pdf	https://LBBD.moderngov.co.uk/documents/s181315/outturn-2025-26-app-a-reserves.pdf	Barking and Dagenham	Outturn 2025-26 - App A (Reserves)	normal
E09000002-barking-and-dagenham-2026-06-16-cabinet-181314-outturn-2025-26-app-b-cp-slippage.pdf	https://LBBD.moderngov.co.uk/documents/s181314/outturn-2025-26-app-b-cp-slippage.pdf	Barking and Dagenham	Outturn 2025-26 - App B (CP Slippage)	normal
E09000002-barking-and-dagenham-2026-06-16-cabinet-181313-outturn-2025-26-app-c.pdf	https://LBBD.moderngov.co.uk/documents/s181313/outturn-2025-26-app-c.pdf	Barking and Dagenham	Outturn 2025-26 - App C	normal
mg25-central-bedfordshire-2026-06-16-children-s-services-overvi-83372-260616-q4-outturn-budget-monitoring-cove.pdf	https://centralbeds.moderngov.co.uk/documents/s83372/260616-q4-outturn-budget-monitoring-cover-report-revenue.pdf	Central Bedfordshire	260616 Q4 Outturn budget monitoring cover report REVENUE	normal
mg25-central-bedfordshire-2026-06-16-children-s-services-overvi-83377-260616-q4-outturn-budget-monitoring-cove.pdf	https://centralbeds.moderngov.co.uk/documents/s83377/260616-q4-outturn-budget-monitoring-cover-report-capital.pdf	Central Bedfordshire	260616 Q4 Outturn budget monitoring cover report CAPITAL	normal
E07000041-exeter-2026-06-16-council-105413-2025-26-general-fund-capital-monitoring.pdf	https://modgov.exeter.gov.uk/documents/s105413/2025-26-general-fund-capital-monitoring-qtr-4-outturn-report.pdf	Exeter	2025-26 General Fund Capital Monitoring - Qtr 4 Outturn report	normal
E07000041-exeter-2026-06-16-council-105414-appendices-2025-26-qtr-4-outturn-capital.pdf	https://modgov.exeter.gov.uk/documents/s105414/appendices-2025-26-qtr-4-outturn-capital-monitoring-appendic.pdf	Exeter	Appendices 2025-26 Qtr 4 Outturn Capital Monitoring Appendices	normal
E07000041-exeter-2026-06-16-council-105401-2025-26-hra-budget-monitoring-report-out.pdf	https://modgov.exeter.gov.uk/documents/s105401/2025-26-hra-budget-monitoring-report-outturn.pdf	Exeter	2025-26 HRA Budget Monitoring Report outturn	normal
E07000041-exeter-2026-06-16-council-105403-appendix-2-hra-available-resources-outtu.pdf	https://modgov.exeter.gov.uk/documents/s105403/appendix-2-hra-available-resources-outturn-2025-26.pdf	Exeter	Appendix 2 HRA Available Resources Outturn 2025-26	normal
E07000041-exeter-2026-06-16-council-105404-appendix-3-hra-capital-outturn-2025-26.pdf	https://modgov.exeter.gov.uk/documents/s105404/appendix-3-hra-capital-outturn-2025-26.pdf	Exeter	Appendix 3 HRA Capital Outturn 2025-26	normal
E07000209-guildford-2026-06-16-overview-scrutiny-committe-44543-item-08-2025-26-final-outturn-financial.pdf	https://democracy.guildford.gov.uk/documents/s44543/item-08-2025-26-final-outturn-financial-monitoring-report.pdf	Guildford	Item 08 - 2025-26 Final Outturn Financial Monitoring report	normal
E07000209-guildford-2026-06-16-overview-scrutiny-committe-44535-item-08-appendix-1-final-outturn-summary.pdf	https://democracy.guildford.gov.uk/documents/s44535/item-08-appendix-1-final-outturn-summary-position.pdf	Guildford	Item 08 - Appendix 1 Final outturn summary position	normal
E07000209-guildford-2026-06-16-overview-scrutiny-committe-44538-item-08-appendix-4-gf-capital-outturn.pdf	https://democracy.guildford.gov.uk/documents/s44538/item-08-appendix-4-gf-capital-outturn.pdf	Guildford	Item 08 - Appendix 4 GF Capital outturn	normal
E07000209-guildford-2026-06-16-overview-scrutiny-committe-44539-item-08-appendix-5-hra-capital-outturn.pdf	https://democracy.guildford.gov.uk/documents/s44539/item-08-appendix-5-hra-capital-outturn.pdf	Guildford	Item 08 - Appendix 5 HRA Capital outturn	normal
E07000209-guildford-2026-06-16-overview-scrutiny-committe-44679-item-08-appendix-5u-hra-capital-outturn.pdf	https://democracy.guildford.gov.uk/documents/s44679/item-08-appendix-5u-hra-capital-outturn-16-june.pdf	Guildford	Item 08 - Appendix 5u HRA Capital outturn 16 June	normal
E07000099-north-hertfordshire-2026-06-16-cabinet-31427-6d-revenue-budget-outturn-2025-26.pdf	https://democracy.north-herts.gov.uk/documents/s31427/6d-revenue-budget-outturn-2025-26.pdf	North Hertfordshire	6D - Revenue Budget Outturn 2025-26	normal
E07000099-north-hertfordshire-2026-06-16-cabinet-31227-revenue-budget-outturn-2025-26-final.pdf	https://democracy.north-herts.gov.uk/documents/s31227/revenue-budget-outturn-2025-26-final.pdf	North Hertfordshire	REVENUE BUDGET OUTTURN 2025/26 (FINAL)	normal
E10000025-oxfordshire-2026-06-16-cabinet-82481-provisional-capital-outturn-report-25-26.pdf	https://mycouncil.oxfordshire.gov.uk/documents/s82481/provisional-capital-outturn-report-25-26-updated-final-1.pdf	Oxfordshire	Provisional Capital Outturn Report 25-26_UPDATED FINAL (1)	normal
E10000025-oxfordshire-2026-06-16-cabinet-82621-capital-provisional-outturn-report-25-26.pdf	https://mycouncil.oxfordshire.gov.uk/documents/s82621/capital-provisional-outturn-report-25-26-annexes-1-3.pdf	Oxfordshire	Capital Provisional Outturn Report 25-26 Annexes 1-3	normal
E09000003-barnet-2026-06-15-cabinet-95468-chief-finance-officer-outturn-2025-26.pdf	http://barnet.moderngov.co.uk/documents/s95468/chief-finance-officer-outturn-2025-26.pdf	Barnet	Chief Finance Officer Outturn 2025/26	normal
E09000003-barnet-2026-06-15-cabinet-95470-appendix-b-treasury-management-final-out.pdf	http://barnet.moderngov.co.uk/documents/s95470/appendix-b-treasury-management-final-outturn-report-25-26.pdf	Barnet	Appendix B - Treasury Management Final Outturn Report 25-26	normal
mg25-central-bedfordshire-2026-06-15-social-care-health-housing-83336-schh-osc-outturn-budget-monitoring-cover.pdf	https://centralbeds.moderngov.co.uk/documents/s83336/schh-osc-outturn-budget-monitoring-cover-report.pdf	Central Bedfordshire	SCHH OSC Outturn budget monitoring cover report	normal
mg25-central-bedfordshire-2026-06-15-social-care-health-housing-83335-item-a-executive-prov-outturn-revenue-mo.pdf	https://centralbeds.moderngov.co.uk/documents/s83335/item-a-executive-prov-outturn-revenue-monitoring-2025-26.pdf	Central Bedfordshire	Item A Executive - Prov Outturn Revenue Monitoring 2025-26	normal
mg25-central-bedfordshire-2026-06-15-social-care-health-housing-83325-schh-osc-outturn-budget-monitoring-cover.pdf	https://centralbeds.moderngov.co.uk/documents/s83325/schh-osc-outturn-budget-monitoring-cover-report.pdf	Central Bedfordshire	SCHH OSC Outturn budget monitoring cover report	normal
mg25-central-bedfordshire-2026-06-15-social-care-health-housing-83326-item-b-executive-capital-monitoring-prov.pdf	https://centralbeds.moderngov.co.uk/documents/s83326/item-b-executive-capital-monitoring-provisional-outturn-2025.pdf	Central Bedfordshire	Item B Executive - Capital Monitoring provisional outturn 2025-26	normal
mg25-central-bedfordshire-2026-06-15-social-care-health-housing-83330-schh-osc-outturn-budget-monitoring-cover.pdf	https://centralbeds.moderngov.co.uk/documents/s83330/schh-osc-outturn-budget-monitoring-cover-report.pdf	Central Bedfordshire	SCHH OSC Outturn budget monitoring cover report	normal
mg25-central-bedfordshire-2026-06-15-social-care-health-housing-83329-item-c-outturn-hra-exec-report.pdf	https://centralbeds.moderngov.co.uk/documents/s83329/item-c-outturn-hra-exec-report.pdf	Central Bedfordshire	Item C - Outturn HRA Exec Report	normal
E09000003-barnet-2026-06-11-governance-audit-risk-mana-95465-treasury-outturn-2025-2026-cover-report.pdf	http://barnet.moderngov.co.uk/documents/s95465/treasury-outturn-2025-2026-cover-report-to-garms.pdf	Barnet	Treasury Outturn 2025-2026 - Cover Report to GARMS	normal
E09000003-barnet-2026-06-11-governance-audit-risk-mana-95417-appendix-a-treasury-management-final-out.pdf	http://barnet.moderngov.co.uk/documents/s95417/appendix-a-treasury-management-final-outturn-report-25-26-v.pdf	Barnet	Appendix A - Treasury Management Final Outturn Report 25-26 V.1	normal
mg25-central-bedfordshire-2026-06-11-sustainable-communities-ov-83256-260611-outturn-budget-monitoring-cover-r.pdf	https://centralbeds.moderngov.co.uk/documents/s83256/260611-outturn-budget-monitoring-cover-report-revenue.pdf	Central Bedfordshire	260611 Outturn budget monitoring cover report REVENUE	normal
mg25-central-bedfordshire-2026-06-11-sustainable-communities-ov-83261-260611-outturn-budget-monitoring-cover-r.pdf	https://centralbeds.moderngov.co.uk/documents/s83261/260611-outturn-budget-monitoring-cover-report-capital.pdf	Central Bedfordshire	260611 Outturn budget monitoring cover report CAPITAL	normal
E07000118-chorley-2026-06-11-executive-cabinet-197460-revenue-budget-outturn-2025-26.pdf	https://democracy.chorley.gov.uk/documents/s197460/revenue-budget-outturn-2025-26.pdf	Chorley	Revenue Budget Outturn 2025-26	normal
E07000118-chorley-2026-06-11-executive-cabinet-197465-capital-and-balance-sheet-outturn-2025-2.pdf	https://democracy.chorley.gov.uk/documents/s197465/capital-and-balance-sheet-outturn-2025-26.pdf	Chorley	Capital and Balance Sheet Outturn 2025-26	normal
E07000211-reigate-and-banstead-2026-06-11-overview-and-scrutiny-comm-42277-revenue-and-capital-budget-outturn-2025.pdf	https://REIGATE-BANSTEAD.moderngov.co.uk/documents/s42277/revenue-and-capital-budget-outturn-2025-26.pdf	Reigate and Banstead	Revenue and Capital Budget Outturn 2025-26	normal
E07000211-reigate-and-banstead-2026-06-11-overview-and-scrutiny-comm-42278-annex-1-q4-2025-26-revenue-budget-outtur.pdf	https://REIGATE-BANSTEAD.moderngov.co.uk/documents/s42278/annex-1-q4-2025-26-revenue-budget-outturn.pdf	Reigate and Banstead	Annex 1 - Q4 2025-26 Revenue Budget Outturn	normal
E07000211-reigate-and-banstead-2026-06-11-overview-and-scrutiny-comm-42281-annex-4-q4-2025-26-capital-budget-outtur.pdf	https://REIGATE-BANSTEAD.moderngov.co.uk/documents/s42281/annex-4-q4-2025-26-capital-budget-outturn.pdf	Reigate and Banstead	Annex 4 - Q4 2025-26 Capital Budget Outturn	normal
E07000211-reigate-and-banstead-2026-06-11-overview-and-scrutiny-comm-42284-annex-5-2025-26-treasury-management-outt.pdf	https://REIGATE-BANSTEAD.moderngov.co.uk/documents/s42284/annex-5-2025-26-treasury-management-outturn-report.pdf	Reigate and Banstead	Annex 5 - 2025-26 Treasury Management Outturn Report	normal
E10000031-warwickshire-2026-06-11-cabinet-49701-treasury-management-and-investment-outtu.pdf	https://democracy.warwickshire.gov.uk/documents/s49701/treasury-management-and-investment-outturn-report-2026-v1.pdf	Warwickshire	Treasury Management and Investment Outturn Report 2026_v1	normal
E10000031-warwickshire-2026-06-11-cabinet-49702-appendix-1-for-treasury-management-and-i.pdf	https://democracy.warwickshire.gov.uk/documents/s49702/appendix-1-for-treasury-management-and-investment-outturn-re.pdf	Warwickshire	Appendix 1 for Treasury Management and Investment Outturn Report 2026	normal
E10000031-warwickshire-2026-06-11-cabinet-49703-appendix-2-for-treasury-management-and-i.pdf	https://democracy.warwickshire.gov.uk/documents/s49703/appendix-2-for-treasury-management-and-investment-outturn-re.pdf	Warwickshire	Appendix 2 for Treasury Management and Investment Outturn Report 2026	normal
E10000031-warwickshire-2026-06-11-cabinet-49704-appendix-3-for-treasury-management-and-i.pdf	https://democracy.warwickshire.gov.uk/documents/s49704/appendix-3-for-treasury-management-and-investment-outturn-re.pdf	Warwickshire	Appendix 3 for Treasury Management and Investment Outturn Report 2026	normal
E10000031-warwickshire-2026-06-11-cabinet-49705-financial-outturn-report-2025-26-v1.pdf	https://democracy.warwickshire.gov.uk/documents/s49705/financial-outturn-report-2025-26-v1.pdf	Warwickshire	Financial Outturn Report 2025-26_v1	normal
E10000031-warwickshire-2026-06-11-cabinet-49693-appendix-a-p12-25-26-commentary-on-reven.pdf	https://democracy.warwickshire.gov.uk/documents/s49693/appendix-a-p12-25-26-commentary-on-revenue-outturn-variances.pdf	Warwickshire	Appendix A - P12 25-26 Commentary on revenue outturn variances	normal
E10000031-warwickshire-2026-06-11-cabinet-49688-appendix-b-commentary-on-service-capital.pdf	https://democracy.warwickshire.gov.uk/documents/s49688/appendix-b-commentary-on-service-capital-outturn-docx.pdf	Warwickshire	Appendix B - Commentary on Service Capital Outturn.docx	normal
E07000217-woking-2026-06-11-executive-46041-exe26-032-budget-monitoring-draft-outtur.pdf	https://Woking.moderngov.co.uk/documents/s46041/exe26-032-budget-monitoring-draft-outturn-2025-26.pdf	Woking	EXE26-032 Budget Monitoring Draft Outturn 2025-26	normal
E07000217-woking-2026-06-11-executive-46036-exe26-032-budget-monitoring-draft-outtur.pdf	https://Woking.moderngov.co.uk/documents/s46036/exe26-032-budget-monitoring-draft-outturn-2025-26-appendix-a.pdf	Woking	EXE26-032 Budget Monitoring Draft Outturn 2025-26 Appendix A	normal
E07000217-woking-2026-06-11-executive-46037-exe26-032-budget-monitoring-draft-outtur.pdf	https://Woking.moderngov.co.uk/documents/s46037/exe26-032-budget-monitoring-draft-outturn-2025-26-appendix-b.pdf	Woking	EXE26-032 Budget Monitoring Draft Outturn 2025-26 Appendix B	normal
E07000217-woking-2026-06-11-executive-46038-exe26-032-budget-monitoring-draft-outtur.pdf	https://Woking.moderngov.co.uk/documents/s46038/exe26-032-budget-monitoring-draft-outturn-2025-26-appendix-c.pdf	Woking	EXE26-032 Budget Monitoring Draft Outturn 2025-26 Appendix C	normal
E09000009-ealing-2026-06-10-cabinet-25741-2025-26-revenue-and-capital-outturn.pdf	https://Ealing.moderngov.co.uk/documents/s25741/2025-26-revenue-and-capital-outturn.pdf	Ealing	2025/26 Revenue and Capital Outturn	normal
E09000009-ealing-2026-06-10-cabinet-25742-appendix-1-for-2025-26-revenue-and-capit.pdf	https://Ealing.moderngov.co.uk/documents/s25742/appendix-1-for-2025-26-revenue-and-capital-outturn.pdf	Ealing	Appendix 1 for 2025/26 Revenue and Capital Outturn	normal
E09000009-ealing-2026-06-10-cabinet-25743-appendix-2-for-2025-26-revenue-and-capit.pdf	https://Ealing.moderngov.co.uk/documents/s25743/appendix-2-for-2025-26-revenue-and-capital-outturn.pdf	Ealing	Appendix 2 for 2025/26 Revenue and Capital Outturn	normal
E09000023-lewisham-2026-06-10-mayor-and-cabinet-151435-financial-monitoring-2025-26-outturn-sig.pdf	https://Lewisham.moderngov.co.uk/documents/s151435/financial-monitoring-2025-26-outturn-sign-off-sheet.pdf	Lewisham	Financial Monitoring 2025-26 Outturn SIGN OFF SHEET	normal
E09000023-lewisham-2026-06-10-mayor-and-cabinet-151436-financial-monitoring-2025-26-outturn-rep.pdf	https://Lewisham.moderngov.co.uk/documents/s151436/financial-monitoring-2025-26-outturn-report.pdf	Lewisham	Financial Monitoring 2025-26 Outturn REPORT	normal
E09000023-lewisham-2026-06-10-mayor-and-cabinet-151437-financial-monitoring-2025-26-outturn-app.pdf	https://Lewisham.moderngov.co.uk/documents/s151437/financial-monitoring-2025-26-outturn-appendix-a-period-12fin.pdf	Lewisham	Financial Monitoring 2025-26 Outturn - Appendix A - Period 12final	normal
E09000023-lewisham-2026-06-10-mayor-and-cabinet-151438-financial-monitoring-2025-26-outturn-app.pdf	https://Lewisham.moderngov.co.uk/documents/s151438/financial-monitoring-2025-26-outturn-appendix-b-draft-lbl-cp.pdf	Lewisham	Financial Monitoring 2025-26 Outturn - Appendix B - DRAFT LBL CPD Analysis - 2025-26 Q4 (v3 20.05.26) (1)	normal
E07000099-north-hertfordshire-2026-06-10-finance-audit-and-risk-com-31199-revenue-budget-outturn-2025-26-final.pdf	https://democracy.north-herts.gov.uk/documents/s31199/revenue-budget-outturn-2025-26-final.pdf	North Hertfordshire	REVENUE BUDGET OUTTURN 2025/26 (FINAL)	normal
E07000126-south-ribble-2026-06-10-cabinet-57148-capital-and-balance-sheet-outturn-2025-2.pdf	http://southribble.moderngov.co.uk/documents/s57148/capital-and-balance-sheet-outturn-2025-26.pdf	South Ribble	Capital and Balance Sheet Outturn 2025-26	normal
E07000126-south-ribble-2026-06-10-cabinet-57365-q4capital-balancesheetoutturncpbsrecsjun.pdf	http://southribble.moderngov.co.uk/documents/s57365/q4capital-balancesheetoutturncpbsrecsjune26.pdf	South Ribble	Q4Capital&BalanceSheetOutturnCPBSrecsJune26	normal
E07000126-south-ribble-2026-06-10-cabinet-57151-revenue-budget-outturn-2025-26.pdf	http://southribble.moderngov.co.uk/documents/s57151/revenue-budget-outturn-2025-26.pdf	South Ribble	Revenue Budget Outturn 2025-26	normal
E07000126-south-ribble-2026-06-10-cabinet-57155-appendix-4-for-revenue-budget-outturn-20.pdf	http://southribble.moderngov.co.uk/documents/s57155/appendix-4-for-revenue-budget-outturn-2025-26.pdf	South Ribble	Appendix 4 for Revenue Budget Outturn 2025-26	normal
E07000126-south-ribble-2026-06-10-cabinet-57366-q4revenueoutturncpbsrecsjune26.pdf	http://southribble.moderngov.co.uk/documents/s57366/q4revenueoutturncpbsrecsjune26.pdf	South Ribble	Q4RevenueOutturnCPBSrecsJune26	normal
E07000181-west-oxfordshire-2026-06-10-executive-17075-outturn-report-2025-26-final-29-05-26.pdf	https://meetings.westoxon.gov.uk/documents/s17075/outturn-report-2025-26-final-29-05-26.pdf	West Oxfordshire	Outturn Report 2025-26 FINAL 29.05.26	normal
E07000200-babergh-2026-06-09-mid-suffolk-cabinet-42743-msdc-hra-outturn-final.pdf	http://baberghmidsuffolk.moderngov.co.uk/documents/s42743/msdc-hra-outturn-final.pdf	Babergh	MSDC HRA Outturn Final	normal
E07000200-babergh-2026-06-09-mid-suffolk-cabinet-42800-msdc-cabinet-hra-2526-outturn-addendum-j.pdf	http://baberghmidsuffolk.moderngov.co.uk/documents/s42800/msdc-cabinet-hra-2526-outturn-addendum-jun-26.pdf	Babergh	MSDC CABINET HRA 2526 Outturn Addendum Jun 26	normal
E07000200-babergh-2026-06-09-mid-suffolk-cabinet-42745-msdc-gf-outturn-cabinet-report-final-rev.pdf	http://baberghmidsuffolk.moderngov.co.uk/documents/s42745/msdc-gf-outturn-cabinet-report-final-reviewed.pdf	Babergh	MSDC GF Outturn Cabinet Report Final Reviewed	normal
E07000200-babergh-2026-06-09-babergh-cabinet-42721-bdc-hra-outturn-final.pdf	http://baberghmidsuffolk.moderngov.co.uk/documents/s42721/bdc-hra-outturn-final.pdf	Babergh	BDC HRA Outturn Final	normal
E07000200-babergh-2026-06-09-babergh-cabinet-42723-bdc-gf-outturn-cabinet-report-final-revi.pdf	http://baberghmidsuffolk.moderngov.co.uk/documents/s42723/bdc-gf-outturn-cabinet-report-final-reviewed-1.pdf	Babergh	BDC GF Outturn Cabinet Report Final Reviewed (1)	normal
E07000171-bassetlaw-2026-06-09-cabinet-16937-4a-finance-and-performance-monitoring-ou.pdf	https://Bassetlaw.moderngov.co.uk/documents/s16937/4a-finance-and-performance-monitoring-outturn-report-2025-26.pdf	Bassetlaw	4a - Finance and Performance Monitoring Outturn Report 2025-26	normal
E08000031-wolverhampton-2026-06-10-cabinet-323892-our-future-council-delivering-our-servic.pdf	https://wolverhampton.moderngov.co.uk/documents/s323892/our-future-council-delivering-our-services-performance-and-b.pdf	Wolverhampton	Our Future Council - Delivering Our Services - Performance and Budget Outturn 2025-2026 and Reserves and Provisions 2025-2026	normal
E08000031-wolverhampton-2026-06-10-cabinet-323893-appendix-2-budget-outturn-2025-2026.pdf	https://wolverhampton.moderngov.co.uk/documents/s323893/appendix-2-budget-outturn-2025-2026.pdf	Wolverhampton	Appendix 2 - Budget Outturn 2025-2026	normal
E08000031-wolverhampton-2026-06-10-cabinet-323889-appendix-4-outturn-on-schools-budgets-20.pdf	https://wolverhampton.moderngov.co.uk/documents/s323889/appendix-4-outturn-on-schools-budgets-2025-2026.pdf	Wolverhampton	Appendix 4 - Outturn on Schools Budgets 2025-2026	normal
E08000015-wirral-2026-06-10-policy-and-resources-commi-50142713-2025-26-capital-outturn-report.pdf	https://democracy.wirral.gov.uk/documents/s50142713/2025-26-capital-outturn-report.pdf	Wirral	2025-26 Capital Outturn Report	normal
E08000015-wirral-2026-06-10-policy-and-resources-commi-50142714-appendix-a-movement-between-quarter-3-re.pdf	https://democracy.wirral.gov.uk/documents/s50142714/appendix-a-movement-between-quarter-3-revised-budget-and-out.pdf	Wirral	Appendix A: Movement Between Quarter 3 Revised Budget and Outturn Position	normal
E08000015-wirral-2026-06-10-policy-and-resources-commi-50142299-2025-26-revenue-outturn.pdf	https://democracy.wirral.gov.uk/documents/s50142299/2025-26-revenue-outturn.pdf	Wirral	2025/26 Revenue Outturn	normal
mg25-central-bedfordshire-2026-06-09-corporate-resources-overvi-83200-cr-osc-outturn-revenue-budget-monitoring.pdf	https://centralbeds.moderngov.co.uk/documents/s83200/cr-osc-outturn-revenue-budget-monitoring-cover-report.pdf	Central Bedfordshire	CR OSC Outturn revenue budget monitoring cover report	normal
mg25-central-bedfordshire-2026-06-09-corporate-resources-overvi-83201-item-a-executive-prov-outturn-revenue-mo.pdf	https://centralbeds.moderngov.co.uk/documents/s83201/item-a-executive-prov-outturn-revenue-monitoring-2025-26.pdf	Central Bedfordshire	Item A Executive - Prov Outturn Revenue Monitoring 2025-26	normal
mg25-central-bedfordshire-2026-06-09-corporate-resources-overvi-83205-cr-osc-outturn-budget-monitoring-cover-r.pdf	https://centralbeds.moderngov.co.uk/documents/s83205/cr-osc-outturn-budget-monitoring-cover-report.pdf	Central Bedfordshire	CR OSC Outturn budget monitoring cover report	normal
mg25-central-bedfordshire-2026-06-09-corporate-resources-overvi-83206-item-b-executive-capital-monitoring-prov.pdf	https://centralbeds.moderngov.co.uk/documents/s83206/item-b-executive-capital-monitoring-provisional-outturn-2025.pdf	Central Bedfordshire	Item B Executive - Capital Monitoring provisional outturn 2025-26	normal
S12000026-the-scottish-borders-2026-06-09-executive-committee-98280-capital-2025-26-outturn.pdf	https://scottishborders.moderngov.co.uk/documents/s98280/capital-2025-26-outturn.pdf	The Scottish Borders	Capital 2025-26 Outturn	normal
S12000026-the-scottish-borders-2026-06-09-executive-committee-98256-revenue-2025-26-outturn.pdf	https://scottishborders.moderngov.co.uk/documents/s98256/revenue-2025-26-outturn.pdf	The Scottish Borders	Revenue 2025-26 - Outturn	normal
S12000026-the-scottish-borders-2026-06-09-executive-committee-98257-appendix-1-revenue-outturn-25-26.pdf	https://scottishborders.moderngov.co.uk/documents/s98257/appendix-1-revenue-outturn-25-26.pdf	The Scottish Borders	Appendix 1 - Revenue Outturn 25-26	normal
S12000026-the-scottish-borders-2026-06-09-executive-committee-98258-appendix-2-outturn-25-26-efficiency-savi.pdf	https://scottishborders.moderngov.co.uk/documents/s98258/appendix-2-outturn-25-26-efficiency-savings-progress.pdf	The Scottish Borders	Appendix 2 - Outturn 25-26 Efficiency Savings Progress	normal
S12000026-the-scottish-borders-2026-06-09-executive-committee-98259-appendix-3-outturn-25-26.pdf	https://scottishborders.moderngov.co.uk/documents/s98259/appendix-3-outturn-25-26.pdf	The Scottish Borders	Appendix 3 - Outturn 25-26	normal
S12000026-the-scottish-borders-2026-06-09-executive-committee-98260-appendix-4-outturn-25-26-emb.pdf	https://scottishborders.moderngov.co.uk/documents/s98260/appendix-4-outturn-25-26-emb.pdf	The Scottish Borders	Appendix 4 - Outturn 25-26 (EMB)	normal
S12000026-the-scottish-borders-2026-06-09-executive-committee-98262-balances-at-31-march-2026-outturn.pdf	https://scottishborders.moderngov.co.uk/documents/s98262/balances-at-31-march-2026-outturn.pdf	The Scottish Borders	Balances at 31 March 2026 - Outturn	normal
E06000062-west-northamptonshire-2026-06-09-cabinet-28749-clean-wnc-revenue-monitoring-report-2025.pdf	https://WestNorthants.moderngov.co.uk/documents/s28749/clean-wnc-revenue-monitoring-report-2025-26-provisional-outt.pdf	West Northamptonshire	CLEAN WNC- Revenue Monitoring Report - 2025-26 Provisional Outturn	normal
E06000062-west-northamptonshire-2026-06-09-cabinet-28724-appendix-a-2025-26-provisional-revenue-o.pdf	https://WestNorthants.moderngov.co.uk/documents/s28724/appendix-a-2025-26-provisional-revenue-outturn.pdf	West Northamptonshire	Appendix A - 2025-26 Provisional Revenue Outturn	normal
E06000062-west-northamptonshire-2026-06-09-cabinet-28725-appendix-b-budget-savings-tracker-2025-2.pdf	https://WestNorthants.moderngov.co.uk/documents/s28725/appendix-b-budget-savings-tracker-2025-26-outturn.pdf	West Northamptonshire	Appendix B - Budget Savings Tracker 2025-26 - outturn	normal
E06000062-west-northamptonshire-2026-06-09-cabinet-28728-clean-wnc-cabinet-capital-outturn-report.pdf	https://WestNorthants.moderngov.co.uk/documents/s28728/clean-wnc-cabinet-capital-outturn-report-2025-26.pdf	West Northamptonshire	CLEAN WNC-Cabinet- capital outturn report 2025-26	normal
E06000062-west-northamptonshire-2026-06-09-cabinet-28730-appendix-b-detailed-gf-outturn-position.pdf	https://WestNorthants.moderngov.co.uk/documents/s28730/appendix-b-detailed-gf-outturn-position-by-scheme.pdf	West Northamptonshire	Appendix B - Detailed GF outturn position by scheme	normal
E06000062-west-northamptonshire-2026-06-09-cabinet-28733-appendix-e-detailed-hra-outturn-by-schem.pdf	https://WestNorthants.moderngov.co.uk/documents/s28733/appendix-e-detailed-hra-outturn-by-scheme.pdf	West Northamptonshire	Appendix E - Detailed HRA Outturn by scheme	normal
E06000027-torbay-2026-06-09-cabinet-171035-cabinet-response-to-overview-and-scrutin.pdf	http://www.torbay.gov.uk/DemocraticServices/documents/s171035/cabinet-response-to-overview-and-scrutiny-recommendation-bud.pdf	Torbay	Cabinet Response to Overview and Scrutiny Recommendation Budget Monitoring – Revenue and Capital Outturn 2025 26 Quarter 4	normal
E06000027-torbay-2026-06-09-cabinet-171192-record-of-decision-budget-monitoring-rev.pdf	http://www.torbay.gov.uk/DemocraticServices/documents/s171192/record-of-decision-budget-monitoring-revenue-and-capital-out.pdf	Torbay	Record of Decision Budget Monitoring - Revenue and Capital Outturn 2025/26 Quarter 4	normal
E07000034-chesterfield-2026-06-08-chesterfield-and-district-56582-statement-of-accounts-for-year-ending-31.pdf	https://chesterfield.moderngov.co.uk/documents/s56582/statement-of-accounts-for-year-ending-31st-march-2026-final.pdf	Chesterfield	Statement of Accounts for Year Ending 31st March 2026 FINAL	normal
E07000227-horsham-2026-06-08-finance-and-performance-po-34082-outturn-cover-report-for-psc.pdf	https://horsham.moderngov.co.uk/documents/s34082/outturn-cover-report-for-psc.pdf	Horsham	Outturn Cover report for PSC	normal
E07000227-horsham-2026-06-08-finance-and-performance-po-34083-appendix-a-financial-outturn-highlight-r.pdf	https://horsham.moderngov.co.uk/documents/s34083/appendix-a-financial-outturn-highlight-report.pdf	Horsham	Appendix A - Financial Outturn Highlight Report	normal
E07000227-horsham-2026-06-08-finance-and-performance-po-34084-appendix-b-revenue-outturn.pdf	https://horsham.moderngov.co.uk/documents/s34084/appendix-b-revenue-outturn.pdf	Horsham	Appendix B - Revenue Outturn	normal
E07000227-horsham-2026-06-08-finance-and-performance-po-34085-appendix-c-capital-outturn.pdf	https://horsham.moderngov.co.uk/documents/s34085/appendix-c-capital-outturn.pdf	Horsham	Appendix C Capital Outturn	normal
E07000227-horsham-2026-06-08-finance-and-performance-po-34088-appendix-f-kpi-and-annual-plan-outturn.pdf	https://horsham.moderngov.co.uk/documents/s34088/appendix-f-kpi-and-annual-plan-outturn.pdf	Horsham	Appendix F KPI and annual plan outturn	normal
E07000126-south-ribble-2026-06-08-corporate-performance-and-57037-revenue-budget-outturn-2025-26.pdf	http://southribble.moderngov.co.uk/documents/s57037/revenue-budget-outturn-2025-26.pdf	South Ribble	Revenue Budget Outturn 2025-26	normal
E07000126-south-ribble-2026-06-08-corporate-performance-and-57144-appendix-4-for-revenue-budget-outturn-20.pdf	http://southribble.moderngov.co.uk/documents/s57144/appendix-4-for-revenue-budget-outturn-2025-26.pdf	South Ribble	Appendix 4 for Revenue Budget Outturn 2025-26	normal
E07000126-south-ribble-2026-06-08-corporate-performance-and-57041-capital-and-balance-sheet-outturn-2025-2.pdf	http://southribble.moderngov.co.uk/documents/s57041/capital-and-balance-sheet-outturn-2025-26.pdf	South Ribble	Capital and Balance Sheet Outturn 2025-26	normal
E08000018-rotherham-2026-06-08-cabinet-158527-june-cabinet-report-25-26-outturn-update.pdf	https://moderngov.rotherham.gov.uk/documents/s158527/june-cabinet-report-25-26-outturn-update.pdf	Rotherham	June Cabinet Report 25-26 Outturn Update	normal
E47000012-york-and-north-yorkshi-2026-06-05-cabinet-1720-250605-report-2025-26-budget-outturn-rep.pdf	https://YorkNorthYorks-CA.moderngov.co.uk/documents/s1720/250605-report-2025-26-budget-outturn-report.pdf	York and North Yorkshire	250605 - Report - 2025-26 Budget Outturn Report	normal
mg258-gwynedd-cymraeg-2026-06-04-north-wales-cjc-governance-49256-annual-treasury-outturn-report-2025-26-c.pdf	https://democracy.gwynedd.llyw.cymru/documents/s49256/annual-treasury-outturn-report-2025-26-cjc.pdf	Gwynedd Cymraeg	Annual Treasury Outturn Report 2025-26 CJC	normal
mg258-gwynedd-cymraeg-2026-06-04-north-wales-cjc-governance-49261-appendix-1-cjc-outturn-2025-26-s.pdf	https://democracy.gwynedd.llyw.cymru/documents/s49261/appendix-1-cjc-outturn-2025-26-s.pdf	Gwynedd Cymraeg	Appendix 1 - CJC Outturn 2025-26 (S)	normal
mg258-gwynedd-cymraeg-2026-06-04-north-wales-cjc-governance-49262-appendix-2-growth-deal-outturn-2025-26-s.pdf	https://democracy.gwynedd.llyw.cymru/documents/s49262/appendix-2-growth-deal-outturn-2025-26-s.pdf	Gwynedd Cymraeg	Appendix 2 - Growth Deal Outturn 2025-26 (S)	normal
mg258-gwynedd-cymraeg-2026-06-04-north-wales-cjc-governance-49265-appendix-5-investment-zone-outturn-2025.pdf	https://democracy.gwynedd.llyw.cymru/documents/s49265/appendix-5-investment-zone-outturn-2025-26-s.pdf	Gwynedd Cymraeg	Appendix 5 - Investment Zone Outturn 2025-26 (S)	normal
mg258-gwynedd-cymraeg-2026-06-04-north-wales-cjc-governance-49266-appendix-6-psrh-outturn-s.pdf	https://democracy.gwynedd.llyw.cymru/documents/s49266/appendix-6-psrh-outturn-s.pdf	Gwynedd Cymraeg	Appendix 6 - PSRh Outturn (S)	normal
W06000021-monmouthshire-2026-06-04-governance-and-audit-commi-45160-2-g-ac-treasury-outturn-report-covering.pdf	https://democracy.monmouthshire.gov.uk/documents/s45160/2-g-ac-treasury-outturn-report-covering-report.pdf	Monmouthshire	2. G&AC - Treasury Outturn Report - Covering Report	normal
E07000181-west-oxfordshire-2026-06-03-overview-and-scrutiny-comm-17000-outturn-report-2025-26-final-22-05-26.pdf	https://meetings.westoxon.gov.uk/documents/s17000/outturn-report-2025-26-final-22-05-26.pdf	West Oxfordshire	Outturn Report 2025-26 FINAL 22.05.26	normal
E07000181-west-oxfordshire-2026-06-03-overview-and-scrutiny-comm-17008-investment-property-outturn-report-2526.pdf	https://meetings.westoxon.gov.uk/documents/s17008/investment-property-outturn-report-2526.pdf	West Oxfordshire	Investment Property Outturn Report 2526	normal
mg25-central-bedfordshire-2026-06-02-executive-83073-revenue-budget-monitoring-provisional-ou.pdf	https://centralbeds.moderngov.co.uk/documents/s83073/revenue-budget-monitoring-provisional-outturn-subject-to-aud.pdf	Central Bedfordshire	Revenue Budget Monitoring Provisional Outturn subject to audit (March) 202526	normal
mg25-central-bedfordshire-2026-06-02-executive-83286-capital-budget-monitoring-provisional-ou.pdf	https://centralbeds.moderngov.co.uk/documents/s83286/capital-budget-monitoring-provisional-outturn-subject-to-aud.pdf	Central Bedfordshire	Capital Budget Monitoring Provisional Outturn subject to audit (March) 202526	normal
mg25-central-bedfordshire-2026-06-02-executive-83075-housing-revenue-account-hra-revenue-budg.pdf	https://centralbeds.moderngov.co.uk/documents/s83075/housing-revenue-account-hra-revenue-budget-monitoring-provis.pdf	Central Bedfordshire	Housing Revenue Account (HRA) Revenue Budget Monitoring Provisional Outturn subject to Audit 202526	normal
E07000147-north-norfolk-2026-06-02-governance-risk-and-audit-22896-annual-treasury-management-outturn-commi.pdf	https://modgov.north-norfolk.gov.uk/documents/s22896/annual-treasury-management-outturn-committee-report.pdf	North Norfolk	Annual Treasury Management Outturn Committee Report	normal
E07000147-north-norfolk-2026-06-02-governance-risk-and-audit-22897-appendix-a-annual-treasury-management-ou.pdf	https://modgov.north-norfolk.gov.uk/documents/s22897/appendix-a-annual-treasury-management-outturn-report.pdf	North Norfolk	Appendix A - Annual Treasury Management Outturn Report	normal
W06000020-torfaen-2026-06-02-cabinet-77979-financial-outturn-2025-26-cabinet-june-2.pdf	https://Torfaen.moderngov.co.uk/documents/s77979/financial-outturn-2025-26-cabinet-june-2026.pdf	Torfaen	Financial Outturn 2025-26 - Cabinet June 2026	normal
E06000023-city-of-bristol-2026-05-29-homes-and-housing-delivery-126869-finance-update-p12-provisional-outturn-r.pdf	https://Democracy.Bristol.gov.uk/documents/s126869/finance-update-p12-provisional-outturn-report.pdf	City of Bristol	Finance Update P12 Provisional Outturn Report	normal
W06000022-newport-2026-05-28-governance-and-audit-commi-35916-treasury-management-outturn-report-2025.pdf	https://democracy.newport.gov.uk/documents/s35916/treasury-management-outturn-report-2025-26.pdf	Newport	Treasury Management Outturn Report - 2025/26	normal
E06000027-torbay-2026-05-27-audit-committee-170478-tm-outturn-25-26-report-final.pdf	http://www.torbay.gov.uk/DemocraticServices/documents/s170478/tm-outturn-25-26-report-final.pdf	Torbay	TM Outturn 25-26 report - Final	normal
E06000027-torbay-2026-05-27-audit-committee-170479-tm-outturn-2025-26-appendix-1.pdf	http://www.torbay.gov.uk/DemocraticServices/documents/s170479/tm-outturn-2025-26-appendix-1.pdf	Torbay	TM Outturn 2025-26 Appendix 1	normal
E06000027-torbay-2026-05-27-audit-committee-170480-tm-outturn-2025-26-appendix-2.pdf	http://www.torbay.gov.uk/DemocraticServices/documents/s170480/tm-outturn-2025-26-appendix-2.pdf	Torbay	TM Outturn 2025-26 Appendix 2	normal
E06000023-city-of-bristol-2026-05-26-strategy-and-resources-pol-126697-01-committee-report-template-p12-2025-26.pdf	https://Democracy.Bristol.gov.uk/documents/s126697/01-committee-report-template-p12-2025-26-provisional-outturn.pdf	City of Bristol	01. Committee Report Template P12 2025-26 Provisional Outturn FINAL	normal
E06000023-city-of-bristol-2026-05-26-strategy-and-resources-pol-126698-02-appendix-a1a-bcc-2025-26-provisional.pdf	https://Democracy.Bristol.gov.uk/documents/s126698/02-appendix-a1a-bcc-2025-26-provisional-outturn-revenue-fina.pdf	City of Bristol	02. Appendix A1a BCC 2025-26 Provisional Outturn - Revenue FINAL	normal
E06000023-city-of-bristol-2026-05-26-strategy-and-resources-pol-126699-03-appendix-a1b-bcc-2025-26-provisional.pdf	https://Democracy.Bristol.gov.uk/documents/s126699/03-appendix-a1b-bcc-2025-26-provisional-outturn-capital-inve.pdf	City of Bristol	03. Appendix A1b BCC 2025-26 Provisional Outturn - Capital & Investments FINAL	normal
E06000023-city-of-bristol-2026-05-26-strategy-and-resources-pol-126700-04-appendix-a2-savings-report-outturn-20.pdf	https://Democracy.Bristol.gov.uk/documents/s126700/04-appendix-a2-savings-report-outturn-2025-26-final.pdf	City of Bristol	04. Appendix A2 Savings Report Outturn 2025-26 FINAL	normal
E06000023-city-of-bristol-2026-05-26-strategy-and-resources-pol-126701-05-appendix-a3-capital-programme-summary.pdf	https://Democracy.Bristol.gov.uk/documents/s126701/05-appendix-a3-capital-programme-summary-2025-26-outturn-fin.pdf	City of Bristol	05. Appendix A3 Capital Programme Summary 2025-26 Outturn FINAL	normal
mg430-north-yorkshire-2026-05-26-executive-68510-260526-4-capital-outturn-q4-2026.pdf	http://edemocracy.northyorks.gov.uk/documents/s68510/260526-4-capital-outturn-q4-2026.pdf	North Yorkshire	260526 - 4 Capital Outturn Q4 2026	normal
E07000213-spelthorne-2026-05-26-corporate-policy-and-resou-78312-detailed-2025-26-revenue-and-capital-out.pdf	http://democracy.spelthorne.gov.uk/documents/s78312/detailed-2025-26-revenue-and-capital-outturn-budget-monitori.pdf	Spelthorne	Detailed 2025-26 Revenue and Capital Outturn Budget Monitoring v1.0	normal
mg258-gwynedd-cymraeg-2026-05-21-governance-and-audit-commi-49182-revenue-outturn-2025-26.pdf	https://democracy.gwynedd.llyw.cymru/documents/s49182/revenue-outturn-2025-26.pdf	Gwynedd Cymraeg	Revenue Outturn 2025.26	normal
mg258-gwynedd-cymraeg-2026-05-21-governance-and-audit-commi-49172-quarterly-treasury-outturn-report.pdf	https://democracy.gwynedd.llyw.cymru/documents/s49172/quarterly-treasury-outturn-report.pdf	Gwynedd Cymraeg	Quarterly Treasury Outturn Report	normal
E10000019-lincolnshire-2026-05-20-greater-lincolnshire-combi-73697-7-0-provisional-outturn-and-key-statemen.pdf	https://lincolnshire.moderngov.co.uk/documents/s73697/7-0-provisional-outturn-and-key-statement-of-accounts-inform.pdf	Lincolnshire	7.0 Provisional Outturn and Key Statement of Accounts Information	normal
E07000141-south-kesteven-2026-05-05-cabinet-50964-provisional-outturn-2025-26-budget-carry.pdf	https://southkesteven.moderngov.co.uk/documents/s50964/provisional-outturn-2025-26-budget-carry-forwards.pdf	South Kesteven	Provisional Outturn 2025/26 – Budget Carry Forwards	normal
E07000170-ashfield-2026-04-13-cabinet-36702-2025-26-forecast-outturn-for-general-fun.pdf	https://democracy.ashfield.gov.uk/documents/s36702/2025-26-forecast-outturn-for-general-fund-housing-revenue-ac.pdf	Ashfield	2025/26 Forecast Outturn for General Fund, Housing Revenue Account (HRA) and Capital Programme	normal
E07000170-ashfield-2026-04-13-cabinet-36703-enc-1-for-2025-26-forecast-outturn-for-g.pdf	https://democracy.ashfield.gov.uk/documents/s36703/enc-1-for-2025-26-forecast-outturn-for-general-fund-housing.pdf	Ashfield	Enc. 1 for 2025/26 Forecast Outturn for General Fund, Housing Revenue Account (HRA) and Capital Programme	normal
E07000170-ashfield-2026-04-13-cabinet-36704-enc-2-for-2025-26-forecast-outturn-for-g.pdf	https://democracy.ashfield.gov.uk/documents/s36704/enc-2-for-2025-26-forecast-outturn-for-general-fund-housing.pdf	Ashfield	Enc. 2 for 2025/26 Forecast Outturn for General Fund, Housing Revenue Account (HRA) and Capital Programme	normal
E07000170-ashfield-2026-04-13-cabinet-36705-enc-3-for-2025-26-forecast-outturn-for-g.pdf	https://democracy.ashfield.gov.uk/documents/s36705/enc-3-for-2025-26-forecast-outturn-for-general-fund-housing.pdf	Ashfield	Enc. 3 for 2025/26 Forecast Outturn for General Fund, Housing Revenue Account (HRA) and Capital Programme	normal
E07000170-ashfield-2026-04-13-cabinet-36706-enc-4-for-2025-26-forecast-outturn-for-g.pdf	https://democracy.ashfield.gov.uk/documents/s36706/enc-4-for-2025-26-forecast-outturn-for-general-fund-housing.pdf	Ashfield	Enc. 4 for 2025/26 Forecast Outturn for General Fund, Housing Revenue Account (HRA) and Capital Programme	normal
E10000007-derbyshire-2026-03-25-council-34157-performance-monitoring-and-budget-monito.pdf	https://democracy.derbyshire.gov.uk/documents/s34157/performance-monitoring-and-budget-monitoring-forecast-outtur.pdf	Derbyshire	Performance Monitoring and Budget Monitoring/Forecast Outturn	normal
E09000030-tower-hamlets-2026-03-24-cabinet-269499-budget-monitoring-2025-26-quarter-3-fore.pdf	https://TowerHamlets.moderngov.co.uk/documents/s269499/budget-monitoring-2025-26-quarter-3-forecast-outturn.pdf	Tower Hamlets	Budget Monitoring 2025-26 - Quarter 3 Forecast Outturn	normal
E09000030-tower-hamlets-2026-03-24-cabinet-269491-appendix-1-2025-26-quarter-3-forecast-ou.pdf	https://TowerHamlets.moderngov.co.uk/documents/s269491/appendix-1-2025-26-quarter-3-forecast-outturn.pdf	Tower Hamlets	Appendix 1 - 2025-26 Quarter 3 Forecast Outturn	normal
E09000030-tower-hamlets-2026-03-24-cabinet-269492-appendix-2-2025-26-quarter-3-forecast-ou.pdf	https://TowerHamlets.moderngov.co.uk/documents/s269492/appendix-2-2025-26-quarter-3-forecast-outturn-variances.pdf	Tower Hamlets	Appendix 2 - 2025-26 Quarter 3 Forecast Outturn Variances	normal
E09000030-tower-hamlets-2026-03-23-overview-scrutiny-committe-269409-budget-monitoring-2025-26-quarter-3-fore.pdf	https://TowerHamlets.moderngov.co.uk/documents/s269409/budget-monitoring-2025-26-quarter-3-forecast-outturn-final-1.pdf	Tower Hamlets	Budget Monitoring 2025-26 - Quarter 3 Forecast Outturn final_16Mar	normal
E09000030-tower-hamlets-2026-03-23-overview-scrutiny-committe-269410-appendix-1-2025-26-quarter-3-forecast-ou.pdf	https://TowerHamlets.moderngov.co.uk/documents/s269410/appendix-1-2025-26-quarter-3-forecast-outturn-general-fund-r.pdf	Tower Hamlets	Appendix 1 - 2025-26 Quarter 3 Forecast Outturn General Fund Revenue by Service Area	normal
E09000030-tower-hamlets-2026-03-23-overview-scrutiny-committe-269411-appendix-2-2025-26-quarter-3-forecast-ou.pdf	https://TowerHamlets.moderngov.co.uk/documents/s269411/appendix-2-2025-26-quarter-3-forecast-outturn-general-fund-v.pdf	Tower Hamlets	Appendix 2 - 2025-26 Quarter 3 Forecast Outturn General Fund Variances	normal
E06000049-cheshire-east-2026-07-30-corporate-governance-overv-134923-medium-term-financial-strategy-assumptio.pdf	http://moderngov.cheshireeast.gov.uk/ecminutes/documents/s134923/medium-term-financial-strategy-assumptions-and-reporting-cyc.pdf	Cheshire East	Medium Term Financial Strategy Assumptions and Reporting Cycle for 2027/28 to 2031/32Cabinet and Committee Report Template	normal
E06000034-thurrock-2026-07-15-cabinet-53322-appendix-2-summary-mtfs-savings.pdf	https://democracy.thurrock.gov.uk/documents/s53322/appendix-2-summary-mtfs-savings.pdf	Thurrock	Appendix 2 - Summary MTFS Savings	normal
E09000033-westminster-2026-07-13-cabinet-73060-medium-term-financial-planning-2027-28-2.pdf	https://committees.westminster.gov.uk/documents/s73060/medium-term-financial-planning-2027-28-2030-31.pdf	Westminster	Medium Term Financial Planning (2027/28 - 2030/31)	normal
E06000017-rutland-2026-06-30-audit-and-risk-committee-32779-appendix-b-fm-code-mtfs-assessment-2026.pdf	https://RutlandCounty.moderngov.co.uk/documents/s32779/appendix-b-fm-code-mtfs-assessment-2026-27.pdf	Rutland	Appendix B - FM Code MTFS Assessment 2026.27	normal
E06000058-bournemouth-christchur-2026-06-24-cabinet-66862-medium-term-financial-plan-mtfp-update.pdf	https://bcpcouncil.moderngov.co.uk/documents/s66862/medium-term-financial-plan-mtfp-update.pdf	Bournemouth, Christchurch and Poole	Medium Term Financial Plan (MTFP) Update	normal
E06000058-bournemouth-christchur-2026-06-24-cabinet-66863-appendix-1-for-medium-term-financial-pla.pdf	https://bcpcouncil.moderngov.co.uk/documents/s66863/appendix-1-for-medium-term-financial-plan-mtfp-update.pdf	Bournemouth, Christchurch and Poole	Appendix 1 for Medium Term Financial Plan (MTFP) Update	normal
E06000058-bournemouth-christchur-2026-06-24-cabinet-66864-appendix-2-for-medium-term-financial-pla.pdf	https://bcpcouncil.moderngov.co.uk/documents/s66864/appendix-2-for-medium-term-financial-plan-mtfp-update.pdf	Bournemouth, Christchurch and Poole	Appendix 2 for Medium Term Financial Plan (MTFP) Update	normal
E06000058-bournemouth-christchur-2026-06-24-cabinet-66865-appendix-3-for-medium-term-financial-pla.pdf	https://bcpcouncil.moderngov.co.uk/documents/s66865/appendix-3-for-medium-term-financial-plan-mtfp-update.pdf	Bournemouth, Christchurch and Poole	Appendix 3 for Medium Term Financial Plan (MTFP) Update	normal
E06000058-bournemouth-christchur-2026-06-15-overview-and-scrutiny-boar-66752-medium-term-financial-plan-mtfp-update.pdf	https://bcpcouncil.moderngov.co.uk/documents/s66752/medium-term-financial-plan-mtfp-update.pdf	Bournemouth, Christchurch and Poole	Medium Term Financial Plan (MTFP) Update	normal
E06000058-bournemouth-christchur-2026-06-15-overview-and-scrutiny-boar-66753-appendix-1-for-medium-term-financial-pla.pdf	https://bcpcouncil.moderngov.co.uk/documents/s66753/appendix-1-for-medium-term-financial-plan-mtfp-update.pdf	Bournemouth, Christchurch and Poole	Appendix 1 for Medium Term Financial Plan (MTFP) Update	normal
E06000058-bournemouth-christchur-2026-06-15-overview-and-scrutiny-boar-66754-appendix-2-for-medium-term-financial-pla.pdf	https://bcpcouncil.moderngov.co.uk/documents/s66754/appendix-2-for-medium-term-financial-plan-mtfp-update.pdf	Bournemouth, Christchurch and Poole	Appendix 2 for Medium Term Financial Plan (MTFP) Update	normal
E06000058-bournemouth-christchur-2026-06-15-overview-and-scrutiny-boar-66755-appendix-3-for-medium-term-financial-pla.pdf	https://bcpcouncil.moderngov.co.uk/documents/s66755/appendix-3-for-medium-term-financial-plan-mtfp-update.pdf	Bournemouth, Christchurch and Poole	Appendix 3 for Medium Term Financial Plan (MTFP) Update	normal
E06000066-somerset-2026-06-10-scrutiny-committee-corpora-66944-medium-term-financial-strategy-mtfs-2027.pdf	https://Somerset.moderngov.co.uk/documents/s66944/medium-term-financial-strategy-mtfs-2027-2028-2031-2032-upda.pdf	Somerset	Medium Term Financial Strategy (MTFS) 2027/2028 - 2031/2032 Update	normal
E06000066-somerset-2026-06-10-scrutiny-committee-corpora-66945-appendix-a-medium-term-financial-strateg.pdf	https://Somerset.moderngov.co.uk/documents/s66945/appendix-a-medium-term-financial-strategy-mtfs-2027-2028-to.pdf	Somerset	Appendix A: Medium Term Financial Strategy (MTFS) 2027-2028 to 2031-2032	normal
E06000066-somerset-2026-06-03-executive-66757-appendix-a-medium-term-financial-strateg.pdf	https://Somerset.moderngov.co.uk/documents/s66757/appendix-a-medium-term-financial-strategy-2027-28-to-2031-32.pdf	Somerset	Appendix A - Medium Term Financial Strategy 2027-28 to 2031-32	normal
E06000034-thurrock-2026-03-26-place-overview-and-scrutin-52167-appendix-3-mtfs-savings-tracker-quarter.pdf	https://democracy.thurrock.gov.uk/documents/s52167/appendix-3-mtfs-savings-tracker-quarter-3-place.pdf	Thurrock	Appendix 3 MTFS Savings Tracker Quarter 3 - Place	normal
W06000022-newport-2026-07-30-governance-and-audit-commi-36406-statement-of-accounts-2024-2025-cover-re.pdf	https://democracy.newport.gov.uk/documents/s36406/statement-of-accounts-2024-2025-cover-report.pdf	Newport	Statement of Accounts 2024/2025-Cover Report	normal
W06000022-newport-2026-07-30-governance-and-audit-commi-36407-statement-of-accounts-2024-2025.pdf	https://democracy.newport.gov.uk/documents/s36407/statement-of-accounts-2024-2025.pdf	Newport	Statement of Accounts 2024/2025	normal
W06000022-newport-2026-07-30-governance-and-audit-commi-36404-draft-statement-of-accounts-2025-2026-co.pdf	https://democracy.newport.gov.uk/documents/s36404/draft-statement-of-accounts-2025-2026-cover-report.pdf	Newport	Draft Statement of Accounts 2025/2026- Cover Report	normal
W06000022-newport-2026-07-30-governance-and-audit-commi-36405-draft-statement-of-accounts-2025-2026.pdf	https://democracy.newport.gov.uk/documents/s36405/draft-statement-of-accounts-2025-2026.pdf	Newport	Draft Statement of Accounts 2025/2026	normal
E07000092-rushmoor-2026-07-30-audit-and-governance-commi-16531-fin2615-treasury-management-q4-report.pdf	https://democracy.rushmoor.gov.uk/documents/s16531/fin2615-treasury-management-q4-report.pdf	Rushmoor	FIN2615 - Treasury Management Q4 report	normal
E07000092-rushmoor-2026-07-30-audit-and-governance-commi-16532-fin2616-treasury-management-q1-report.pdf	https://democracy.rushmoor.gov.uk/documents/s16532/fin2616-treasury-management-q1-report.pdf	Rushmoor	FIN2616 - Treasury Management Q1 report	normal
E07000092-rushmoor-2026-07-30-audit-and-governance-commi-16525-fin2614-statement-of-accounts-2526.pdf	https://democracy.rushmoor.gov.uk/documents/s16525/fin2614-statement-of-accounts-2526.pdf	Rushmoor	FIN2614 - Statement of Accounts 2526	normal
E07000142-west-lindsey-2026-07-30-thriving-council-committee-52143-final-budget-and-treasury-monitoring-q1.pdf	https://democracy.west-lindsey.gov.uk/documents/s52143/final-budget-and-treasury-monitoring-q1-2026-27.pdf	West Lindsey	FINAL Budget and Treasury Monitoring - Q1 2026-27	normal
E07000108-dover-2026-07-29-governance-committee-67824-app-1-draft-statement-of-accounts-2025-2.pdf	https://moderngov.dover.gov.uk/documents/s67824/app-1-draft-statement-of-accounts-2025-26.pdf	Dover	App 1 Draft Statement of Accounts 2025-26	normal
E06000057-northumberland-2026-07-29-audit-and-standards-commit-32370-treasury-managment-annual-report-for-the.pdf	https://Northumberland.moderngov.co.uk/documents/s32370/treasury-managment-annual-report-for-the-financial-year-25-2.pdf	Northumberland	Treasury Managment Annual Report for the Financial Year 25 26	normal
E06000057-northumberland-2026-07-29-audit-and-standards-commit-32368-appendix-1-treasury-management-annual-re.pdf	https://Northumberland.moderngov.co.uk/documents/s32368/appendix-1-treasury-management-annual-report-for-the-financi.pdf	Northumberland	Appendix 1 Treasury Management Annual Report for the Financial Year 25 26	normal
E06000057-northumberland-2026-07-29-audit-and-standards-commit-32369-appendix-2-treasury-management-annual-re.pdf	https://Northumberland.moderngov.co.uk/documents/s32369/appendix-2-treasury-management-annual-report-for-the-financi.pdf	Northumberland	Appendix 2 Treasury Management Annual Report for the Financial Year 2025 26	normal
E07000068-brentwood-2026-07-28-audit-governance-standards-31069-statement-of-accounts-2025-26.pdf	http://brentwood.moderngov.co.uk/documents/s31069/statement-of-accounts-2025-26.pdf	Brentwood	Statement of Accounts 2025/26	normal
E07000068-brentwood-2026-07-28-audit-governance-standards-31070-appendix-1-for-statement-of-accounts-202.pdf	http://brentwood.moderngov.co.uk/documents/s31070/appendix-1-for-statement-of-accounts-2025-26.pdf	Brentwood	Appendix 1 for Statement of Accounts 2025/26	normal
E07000068-brentwood-2026-07-28-audit-governance-standards-31071-treasury-annual-report-2025-26.pdf	http://brentwood.moderngov.co.uk/documents/s31071/treasury-annual-report-2025-26.pdf	Brentwood	Treasury Annual Report 2025/26	normal
E10000028-staffordshire-2026-07-28-corporate-overview-and-scr-208748-treasury-management-report-for-the-year.pdf	https://Staffordshire.moderngov.co.uk/documents/s208748/treasury-management-report-for-the-year-ended-31-march-2026.pdf	Staffordshire	Treasury Management Report for the year ended 31 March 2026	normal
E08000018-rotherham-2026-07-28-audit-committee-159519-treasury-management-monitoring-report-q1.pdf	https://moderngov.rotherham.gov.uk/documents/s159519/treasury-management-monitoring-report-q1-2026-27.pdf	Rotherham	Treasury Management Monitoring Report Q1 2026-27	normal
E07000200-babergh-2026-07-27-joint-audit-and-standards-43188-babergh-dc-statement-of-accounts-2025-26.pdf	http://baberghmidsuffolk.moderngov.co.uk/documents/s43188/babergh-dc-statement-of-accounts-2025-26-draft-final-1.pdf	Babergh	Babergh DC Statement of Accounts 2025.26 Draft Final (1)	normal
E07000200-babergh-2026-07-27-joint-audit-and-standards-43187-statement-of-accounts-2025-26.pdf	http://baberghmidsuffolk.moderngov.co.uk/documents/s43187/statement-of-accounts-2025-26.pdf	Babergh	Statement of Accounts 2025.26	normal
E07000129-blaby-2026-07-27-audit-and-corporate-govern-55640-unaudited-statement-of-accounts-2025-26.pdf	https://democracy.blaby.gov.uk/documents/s55640/unaudited-statement-of-accounts-2025-26.pdf	Blaby	Unaudited Statement of Accounts 2025-26	normal
E07000129-blaby-2026-07-27-audit-and-corporate-govern-55641-appendix-a-unaudited-statement-of-accoun.pdf	https://democracy.blaby.gov.uk/documents/s55641/appendix-a-unaudited-statement-of-accounts-2025-26.pdf	Blaby	Appendix A - Unaudited Statement of Accounts 2025-26	normal
E07000129-blaby-2026-07-27-audit-and-corporate-govern-55621-appendix-b-unaudited-statement-of-accoun.pdf	https://democracy.blaby.gov.uk/documents/s55621/appendix-b-unaudited-statement-of-accounts-2025-26.pdf	Blaby	Appendix B - Unaudited Statement of Accounts 2025-26	normal
E07000129-blaby-2026-07-27-audit-and-corporate-govern-55623-appendix-d-unaudited-statement-of-accoun.pdf	https://democracy.blaby.gov.uk/documents/s55623/appendix-d-unaudited-statement-of-accounts-2025-26.pdf	Blaby	Appendix D- Unaudited Statement of Accounts 2025-26	normal
E08000033-calderdale-2026-07-27-audit-committee-19939-5-unaudited-statement-of-accounts-2025-2.pdf	https://Calderdale.moderngov.co.uk/documents/s19939/5-unaudited-statement-of-accounts-2025-26.pdf	Calderdale	5. Unaudited Statement of Accounts 2025-26	normal
E08000033-calderdale-2026-07-27-audit-committee-19943-8-annual-treasury-management-report-2025.pdf	https://Calderdale.moderngov.co.uk/documents/s19943/8-annual-treasury-management-report-2025-26-audit-committee.pdf	Calderdale	8. Annual Treasury Management Report 2025-26 Audit Committee 27 July 2026 v2	normal
E07000079-cotswold-2026-07-27-audit-governance-committee-16363-draft-statement-of-accounts-2025-26-a-g.pdf	https://meetings.cotswold.gov.uk/documents/s16363/draft-statement-of-accounts-2025-26-a-g-report-final.pdf	Cotswold	Draft Statement of Accounts 2025-26 A&G Report FINAL	normal
E07000079-cotswold-2026-07-27-audit-governance-committee-16364-annex-a-statement-of-accounts-2025-2026.pdf	https://meetings.cotswold.gov.uk/documents/s16364/annex-a-statement-of-accounts-2025-2026-30-6-26.pdf	Cotswold	Annex A STATEMENT OF ACCOUNTS 2025-2026_30.6.26	normal
E10000019-lincolnshire-2026-07-27-audit-committee-74880-audit-committee-report-draft-statement-o.pdf	https://lincolnshire.moderngov.co.uk/documents/s74880/audit-committee-report-draft-statement-of-accounts-2025-26-d.pdf	Lincolnshire	Audit Committee report - Draft Statement of Accounts 2025 26 Draft	normal
E10000019-lincolnshire-2026-07-27-audit-committee-74704-appendix-a-lincolnshire-county-council-d.pdf	https://lincolnshire.moderngov.co.uk/documents/s74704/appendix-a-lincolnshire-county-council-draft-annual-financia.pdf	Lincolnshire	Appendix A - Lincolnshire County Council draft annual financial statements 2025-26	normal
mg362-mid-and-west-wales-fir-2026-07-27-performance-audit-and-scru-7762-letter-of-representation-regarding-the-2.pdf	https://midwestwalesfire.moderngov.co.uk/documents/s7762/letter-of-representation-regarding-the-2025-26-financial-sta.pdf	Mid and West Wales Fire	Letter of Representation regarding the 2025/26 Financial Statements Report	normal
mg362-mid-and-west-wales-fir-2026-07-27-performance-audit-and-scru-7763-appendix-a-letter-of-representation-rega.pdf	https://midwestwalesfire.moderngov.co.uk/documents/s7763/appendix-a-letter-of-representation-regarding-the-2025-26-fi.pdf	Mid and West Wales Fire	Appendix A - Letter of Representation regarding the 2025/26 Financial Statements	normal
mg362-mid-and-west-wales-fir-2026-07-27-performance-audit-and-scru-7765-audit-of-financial-statements-2025-26-re.pdf	https://midwestwalesfire.moderngov.co.uk/documents/s7765/audit-of-financial-statements-2025-26-report.pdf	Mid and West Wales Fire	Audit of Financial Statements 2025/26 Report	normal
mg362-mid-and-west-wales-fir-2026-07-27-performance-audit-and-scru-7764-audited-statement-of-accounts-for-2025-2.pdf	https://midwestwalesfire.moderngov.co.uk/documents/s7764/audited-statement-of-accounts-for-2025-26-including-the-annu.pdf	Mid and West Wales Fire	Audited Statement of Accounts for 2025/26, including the Annual Governance Statement Report	normal
mg362-mid-and-west-wales-fir-2026-07-27-performance-audit-and-scru-7781-appendix-1-statement-of-accounts-and-ann.pdf	https://midwestwalesfire.moderngov.co.uk/documents/s7781/appendix-1-statement-of-accounts-and-annual-governance-state.pdf	Mid and West Wales Fire	Appendix 1 - Statement of Accounts and Annual Governance Statement 2025/26	normal
E08000028-sandwell-2026-07-27-audit-and-risk-assurance-c-35119-draft-statement-of-accounts-2025-26.pdf	https://Sandwell.moderngov.co.uk/documents/s35119/draft-statement-of-accounts-2025-26.pdf	Sandwell	Draft Statement of Accounts 2025/26	normal
E08000028-sandwell-2026-07-27-audit-and-risk-assurance-c-35120-appendix-1-draft-statement-of-accounts-2.pdf	https://Sandwell.moderngov.co.uk/documents/s35120/appendix-1-draft-statement-of-accounts-2025-26.pdf	Sandwell	Appendix 1 - Draft Statement of Accounts 2025/26	normal
E07000107-dartford-2026-07-23-cabinet-82149-annual-treasury-report-2025-26.pdf	https://Dartford.moderngov.co.uk/documents/s82149/annual-treasury-report-2025-26.pdf	Dartford	Annual Treasury Report 2025-26	normal
E07000107-dartford-2026-07-23-cabinet-82150-annual-treasury-report-appendix-a-intern.pdf	https://Dartford.moderngov.co.uk/documents/s82150/annual-treasury-report-appendix-a-internally-externally-mana.pdf	Dartford	Annual Treasury Report Appendix A Internally Externally Managed Investments 31-03-2026	normal
E07000107-dartford-2026-07-23-cabinet-82151-annual-treasury-report-appendix-b-invest.pdf	https://Dartford.moderngov.co.uk/documents/s82151/annual-treasury-report-appendix-b-investment-properties-31-0.pdf	Dartford	Annual Treasury Report Appendix B Investment Properties 31-03-2026	normal
E09000014-haringey-2026-07-23-audit-committee-158536-cover-report-draft-statement-of-accounts.pdf	http://www.minutes.haringey.gov.uk/documents/s158536/cover-report-draft-statement-of-accounts-2025-26.pdf	Haringey	Cover Report - Draft Statement of Accounts 2025-26	normal
E10000013-gloucestershire-2026-07-23-audit-and-governance-commi-119222-treasury-management-annual-report-202526.pdf	https://Gloucestershire.moderngov.co.uk/documents/s119222/treasury-management-annual-report-202526.pdf	Gloucestershire	Treasury Management Annual Report 202526	normal
E47000004-liverpool-city-region-2026-07-23-lcr-audit-governance-commi-85733-2025-26-statement-of-accounts-external-a.pdf	https://liverpoolcityregion-ca.moderngov.co.uk/documents/s85733/2025-26-statement-of-accounts-external-audit-update.pdf	Liverpool City Region	2025/26 Statement of Accounts - External Audit Update	normal
E06000002-middlesbrough-2026-07-23-audit-committee-44212-appendix-1-draft-statement-of-accounts-2.pdf	https://middlesbrough.moderngov.co.uk/documents/s44212/appendix-1-draft-statement-of-accounts-2025-2026.pdf	Middlesbrough	Appendix 1 - Draft Statement of Accounts 2025/2026	normal
W06000021-monmouthshire-2026-07-23-governance-and-audit-commi-45647-20260723-g-ac-mcc-draft-statement-of-acc.pdf	https://democracy.monmouthshire.gov.uk/documents/s45647/20260723-g-ac-mcc-draft-statement-of-accounts-covering-repor.pdf	Monmouthshire	20260723 - G&AC - MCC Draft Statement of Accounts - Covering report	normal
W06000021-monmouthshire-2026-07-23-governance-and-audit-commi-45648-20260723-g-ac-mcc-draft-statement-of-acc.pdf	https://democracy.monmouthshire.gov.uk/documents/s45648/20260723-g-ac-mcc-draft-statement-of-accounts-appendix-1-sum.pdf	Monmouthshire	20260723 - G&AC - MCC Draft Statement of Accounts - Appendix 1 - Summary of accounts	normal
W06000021-monmouthshire-2026-07-23-governance-and-audit-commi-45649-background-paper-1-cipfa-understanding-l.pdf	https://democracy.monmouthshire.gov.uk/documents/s45649/background-paper-1-cipfa-understanding-local-authority-finan.pdf	Monmouthshire	Background paper 1 - CIPFA understanding local authority financial statements	normal
E07000213-spelthorne-2026-07-23-audit-committee-79566-statement-of-accounts-202526-delay-in-pu.pdf	http://democracy.spelthorne.gov.uk/documents/s79566/statement-of-accounts-202526-delay-in-publication.pdf	Spelthorne	Statement of Accounts 202526 delay in publication	normal
E07000217-woking-2026-07-23-council-46562-exe26-035-treasury-management-annual-rep.pdf	https://Woking.moderngov.co.uk/documents/s46562/exe26-035-treasury-management-annual-report-2025-26.pdf	Woking	EXE26-035 Treasury Management Annual Report 2025-26	normal
E07000141-south-kesteven-2026-07-23-governance-and-audit-commi-51933-treasury-management-annual-report-2025-2.pdf	https://southkesteven.moderngov.co.uk/documents/s51933/treasury-management-annual-report-2025-26.pdf	South Kesteven	Treasury Management Annual Report 2025/26	normal
E07000141-south-kesteven-2026-07-23-governance-and-audit-commi-51934-appendix-a-for-treasury-management-annua.pdf	https://southkesteven.moderngov.co.uk/documents/s51934/appendix-a-for-treasury-management-annual-report-2025-26.pdf	South Kesteven	Appendix A for Treasury Management Annual Report 2025/26	normal
E07000141-south-kesteven-2026-07-23-governance-and-audit-commi-51935-treasury-management-report-quarter-1-202.pdf	https://southkesteven.moderngov.co.uk/documents/s51935/treasury-management-report-quarter-1-2026-27.pdf	South Kesteven	Treasury Management Report Quarter 1 2026/27	normal
E07000141-south-kesteven-2026-07-23-governance-and-audit-commi-51936-appendix-a-for-treasury-management-repor.pdf	https://southkesteven.moderngov.co.uk/documents/s51936/appendix-a-for-treasury-management-report-quarter-1-2026-27.pdf	South Kesteven	Appendix A for Treasury Management Report Quarter 1 2026/27	normal
E09000030-tower-hamlets-2026-07-23-audit-committee-273948-202526-darft-statement-of-accounts-v1.pdf	https://TowerHamlets.moderngov.co.uk/documents/s273948/202526-darft-statement-of-accounts-v1.pdf	Tower Hamlets	202526 Darft Statement of Accounts_v1	normal
E09000030-tower-hamlets-2026-07-23-audit-committee-274039-appendix-1-2025-26-draft-statement-of-ac.pdf	https://TowerHamlets.moderngov.co.uk/documents/s274039/appendix-1-2025-26-draft-statement-of-accounts.pdf	Tower Hamlets	Appendix 1 - 2025-26 Draft statement of accounts	normal
E09000030-tower-hamlets-2026-07-23-audit-committee-273944-appendix-2-briefing-note-statement-of-ac.pdf	https://TowerHamlets.moderngov.co.uk/documents/s273944/appendix-2-briefing-note-statement-of-accounts-draft-unaudit.pdf	Tower Hamlets	Appendix 2 - Briefing Note - Statement of Accounts (Draft, Unaudited)	normal
E07000177-cherwell-2026-07-22-audit-and-governance-commi-63849-treasury-management-report-q1-26-27.pdf	https://modgov.cherwell.gov.uk/documents/s63849/treasury-management-report-q1-26-27.pdf	Cherwell	Treasury Management Report Q1 26 27	normal
E07000177-cherwell-2026-07-22-audit-and-governance-commi-63850-appendix-1-treasury-management-report-q1.pdf	https://modgov.cherwell.gov.uk/documents/s63850/appendix-1-treasury-management-report-q1-26-27.pdf	Cherwell	Appendix 1 Treasury Management Report Q1 26 27	normal
E07000177-cherwell-2026-07-22-audit-and-governance-commi-63851-draft-statement-of-accounts-2025-26.pdf	https://modgov.cherwell.gov.uk/documents/s63851/draft-statement-of-accounts-2025-26.pdf	Cherwell	Draft Statement of Accounts 2025-26	normal
E08000002-bury-2026-07-22-audit-committee-50900-audit-committee-statement-of-accounts-20.pdf	https://councildecisions.bury.gov.uk/documents/s50900/audit-committee-statement-of-accounts-2025-26-report.pdf	Bury	Audit Committee Statement of Accounts 2025-26 Report	normal
E08000002-bury-2026-07-22-audit-committee-50901-appendix-1-bury-unaudited-draft-2025-26.pdf	https://councildecisions.bury.gov.uk/documents/s50901/appendix-1-bury-unaudited-draft-2025-26-statement-of-account.pdf	Bury	Appendix 1 Bury Unaudited Draft 2025-26 Statement of Accounts	normal
E08000017-doncaster-2026-07-22-audit-committee-52779-i11-audit-220726-statement-of-accounts-2.pdf	https://doncaster.moderngov.co.uk/documents/s52779/i11-audit-220726-statement-of-accounts-2025-26-covering-repo.pdf	Doncaster	i11 Audit 220726 Statement of Accounts 2025-26 covering report	normal
E09000009-ealing-2026-07-22-audit-committee-26511-statement-of-accounts-2025-26.pdf	https://Ealing.moderngov.co.uk/documents/s26511/statement-of-accounts-2025-26.pdf	Ealing	Statement of Accounts 2025-26	normal
E09000009-ealing-2026-07-22-audit-committee-26512-appendix-1-draft-statement-of-accounts-a.pdf	https://Ealing.moderngov.co.uk/documents/s26512/appendix-1-draft-statement-of-accounts-and-ags-2025-26.pdf	Ealing	Appendix 1 - Draft Statement of Accounts and AGS 2025-26	normal
E08000004-oldham-2026-07-22-audit-committee-160686-statement-of-accounts-2025-26-draft-fina.pdf	http://committees.oldham.gov.uk/documents/s160686/statement-of-accounts-2025-26-draft-final.pdf	Oldham	Statement of Accounts 2025-26 DRAFT FINAL -	normal
mg57-greenwich-2026-07-21-audit-and-risk-management-20255-draft-statement-of-accounts-202526.pdf	https://committees.royalgreenwich.gov.uk/documents/s20255/draft-statement-of-accounts-202526.pdf	Greenwich	Draft Statement of Accounts 202526	normal
mg57-greenwich-2026-07-21-audit-and-risk-management-20256-appendix-a-draft-statement-of-accounts-2.pdf	https://committees.royalgreenwich.gov.uk/documents/s20256/appendix-a-draft-statement-of-accounts-2025-26.pdf	Greenwich	Appendix A - Draft Statement of Accounts 2025-26	normal
E06000031-peterborough-2026-07-21-shareholder-cabinet-commit-59729-medesham-homes-financial-statements-2025.pdf	https://Peterborough.moderngov.co.uk/documents/s59729/medesham-homes-financial-statements-2025-26.pdf	Peterborough	Medesham Homes Financial Statements 2025-26	normal
E07000142-west-lindsey-2026-07-21-governance-and-audit-commi-52063-unaudited-statement-of-accounts-2025-26.pdf	https://democracy.west-lindsey.gov.uk/documents/s52063/unaudited-statement-of-accounts-2025-26.pdf	West Lindsey	Unaudited Statement of Accounts 2025/26	normal
E07000142-west-lindsey-2026-07-21-governance-and-audit-commi-52064-appendix-1-unaudited-statement-of-accoun.pdf	https://democracy.west-lindsey.gov.uk/documents/s52064/appendix-1-unaudited-statement-of-accounts-2025-26.pdf	West Lindsey	Appendix 1 Unaudited Statement of Accounts 2025/26	normal
E47000012-york-and-north-yorkshi-2026-07-21-audit-and-governance-commi-1833-financial-statements-covering-paper.pdf	https://YorkNorthYorks-CA.moderngov.co.uk/documents/s1833/financial-statements-covering-paper.pdf	York and North Yorkshire	Financial Statements covering paper	normal
E07000172-broxtowe-2026-07-20-governance-audit-and-stand-42908-statement-of-accounts-2025-26-going-conc.pdf	http://democracy.broxtowe.gov.uk/documents/s42908/statement-of-accounts-2025-26-going-concern.pdf	Broxtowe	Statement of Accounts 2025/26 - Going Concern	normal
E07000172-broxtowe-2026-07-20-governance-audit-and-stand-42909-enc-1-for-statement-of-accounts-2025-26.pdf	http://democracy.broxtowe.gov.uk/documents/s42909/enc-1-for-statement-of-accounts-2025-26-going-concern.pdf	Broxtowe	Enc. 1 for Statement of Accounts 2025/26 - Going Concern	normal
E07000177-cherwell-2026-07-20-council-63826-appendix-1-treasury-management-outurn-re.pdf	https://modgov.cherwell.gov.uk/documents/s63826/appendix-1-treasury-management-outurn-report-2025-2026.pdf	Cherwell	Appendix 1 - Treasury Management Outurn Report 2025-2026	normal
E07000107-dartford-2026-07-20-cabinet-advisory-panel-a-81996-annual-treasury-report-2025-26.pdf	https://Dartford.moderngov.co.uk/documents/s81996/annual-treasury-report-2025-26.pdf	Dartford	Annual Treasury Report 2025-26	normal
E07000107-dartford-2026-07-20-cabinet-advisory-panel-a-81997-annual-treasury-report-appendix-a-intern.pdf	https://Dartford.moderngov.co.uk/documents/s81997/annual-treasury-report-appendix-a-internally-externally-mana.pdf	Dartford	Annual Treasury Report Appendix A Internally Externally Managed Investments 31-03-2026	normal
E07000107-dartford-2026-07-20-cabinet-advisory-panel-a-81998-annual-treasury-report-appendix-b-invest.pdf	https://Dartford.moderngov.co.uk/documents/s81998/annual-treasury-report-appendix-b-investment-properties-31-0.pdf	Dartford	Annual Treasury Report Appendix B Investment Properties 31-03-2026	normal
E09000015-harrow-2026-07-20-governance-audit-risk-mana-201000-10-1-appendix-1-draft-2025-26-statement.pdf	https://moderngov.harrow.gov.uk/documents/s201000/10-1-appendix-1-draft-2025-26-statement-of-accounts-unaudite.pdf	Harrow	10.1) Appendix 1 -Draft 2025-26 Statement of Accounts (Unaudited)	normal
E06000031-peterborough-2026-07-20-audit-committee-59547-07-appendix-a-draft-statement-of-account.pdf	https://Peterborough.moderngov.co.uk/documents/s59547/07-appendix-a-draft-statement-of-accounts-2025-26.pdf	Peterborough	07 Appendix A Draft Statement of Accounts 2025-26	normal
E06000031-peterborough-2026-07-20-audit-committee-59548-07-statement-of-accounts-report-2025-26.pdf	https://Peterborough.moderngov.co.uk/documents/s59548/07-statement-of-accounts-report-2025-26-20-july-26.pdf	Peterborough	07 Statement of Accounts Report 2025-26- 20 July 26	normal
E06000031-peterborough-2026-07-20-audit-committee-59725-draft-statement-of-accounts-2025-26-1607.pdf	https://Peterborough.moderngov.co.uk/documents/s59725/draft-statement-of-accounts-2025-26-16072026.pdf	Peterborough	Draft Statement of Accounts 2025-26 16072026	normal
W06000001-isle-of-anglesey-2026-07-16-governance-and-audit-commi-23631-statement-of-accounts-25-26-amended.pdf	https://democracy.anglesey.gov.uk/documents/s23631/statement-of-accounts-25-26-amended.pdf	Isle of Anglesey	Statement of Accounts 25.26 (Amended)	normal
E07000171-bassetlaw-2026-07-16-audit-governance-committee-17266-5d-draft-statement-of-accounts-2025-26.pdf	https://Bassetlaw.moderngov.co.uk/documents/s17266/5d-draft-statement-of-accounts-2025-26.pdf	Bassetlaw	5d Draft Statement of Accounts 2025-26	normal
E07000171-bassetlaw-2026-07-16-audit-governance-committee-17267-5d-appendix-1-draft-statement-of-account.pdf	https://Bassetlaw.moderngov.co.uk/documents/s17267/5d-appendix-1-draft-statement-of-accounts-2025-26.pdf	Bassetlaw	5d Appendix 1 - Draft Statement of Accounts 2025-26	normal
E07000084-basingstoke-and-deane-2026-07-16-council-500004333-treasury-management-annual-report-2025-2.pdf	https://democracy.basingstoke.gov.uk/documents/s500004333/treasury-management-annual-report-2025-26.pdf	Basingstoke and Deane	TREASURY MANAGEMENT ANNUAL REPORT 2025_26	normal
mg361-bridgend-cymraeg-2026-07-16-governance-and-audit-commi-38217-draft-statement-of-accounts-2025-26.pdf	https://democratic.bridgend.gov.uk/documents/s38217/draft-statement-of-accounts-2025-26.pdf	Bridgend Cymraeg	Draft Statement of Accounts 2025-26	normal
mg361-bridgend-cymraeg-2026-07-16-governance-and-audit-commi-38218-appendix-a-draft-statement-of-accounts-2.pdf	https://democratic.bridgend.gov.uk/documents/s38218/appendix-a-draft-statement-of-accounts-2025-26.pdf	Bridgend Cymraeg	Appendix A - Draft Statement of Accounts 2025-26	normal
E07000074-maldon-2026-07-16-performance-governance-and-42314-10-pre-audit-statement-of-accounts-2025.pdf	https://democracy.maldon.gov.uk/documents/s42314/10-pre-audit-statement-of-accounts-2025-26.pdf	Maldon	10 Pre-Audit Statement Of Accounts 2025-26	normal
E07000075-rochford-2026-07-16-audit-governance-and-stand-5726-statement-of-accounts-2025-26.pdf	https://rochford.moderngov.co.uk/documents/s5726/statement-of-accounts-2025-26.pdf	Rochford	Statement of Accounts 2025/26	normal
E07000075-rochford-2026-07-16-audit-governance-and-stand-5727-appendix-a-for-statement-of-accounts-202.pdf	https://rochford.moderngov.co.uk/documents/s5727/appendix-a-for-statement-of-accounts-2025-26.pdf	Rochford	Appendix A for Statement of Accounts 2025/26	normal
E07000075-rochford-2026-07-16-audit-governance-and-stand-5838-treasury-annual-report-2025-26.pdf	https://rochford.moderngov.co.uk/documents/s5838/treasury-annual-report-2025-26.pdf	Rochford	Treasury Annual Report 2025-26	normal
E07000117-burnley-2026-07-15-full-council-51051-annual-treasury-mgt-report-review-of-202.pdf	https://burnley.moderngov.co.uk/documents/s51051/annual-treasury-mgt-report-review-of-2025-26activity.pdf	Burnley	Annual Treasury Mgt Report Review of 2025-26Activity	normal
E07000117-burnley-2026-07-15-full-council-51052-annual-treasury-mgmt-report-appendix-1.pdf	https://burnley.moderngov.co.uk/documents/s51052/annual-treasury-mgmt-report-appendix-1.pdf	Burnley	Annual Treasury Mgmt Report - Appendix 1	normal
mg424-north-lincolnshire-2026-07-15-audit-committee-28280-unaudited-statement-of-accounts-2025-202.pdf	https://northlincolnshire.moderngov.co.uk/documents/s28280/unaudited-statement-of-accounts-2025-2026.pdf	North Lincolnshire	Unaudited Statement of Accounts 2025-2026	normal
mg424-north-lincolnshire-2026-07-15-audit-committee-28281-unaudited-statement-of-accounts-2025-202.pdf	https://northlincolnshire.moderngov.co.uk/documents/s28281/unaudited-statement-of-accounts-2025-2026-appendix-1.pdf	North Lincolnshire	Unaudited Statement of Accounts 2025-2026 - Appendix 1	normal
E06000038-reading-2026-07-15-audit-and-governance-commi-40437-2026-07-15-draft-statement-of-accounts-2.pdf	https://democracy.reading.gov.uk/documents/s40437/2026-07-15-draft-statement-of-accounts-2025-26.pdf	Reading	2026 07 15 - Draft Statement of Accounts 2025-26	normal
E06000038-reading-2026-07-15-audit-and-governance-commi-40438-app-1-statement-of-accounts-2025-26-draf.pdf	https://democracy.reading.gov.uk/documents/s40438/app-1-statement-of-accounts-2025-26-draft.pdf	Reading	App 1 - Statement of Accounts 2025-26 - Draft	normal
E10000025-oxfordshire-2026-07-15-audit-governance-committee-83010-statement-of-accounts-15-july-2026.pdf	https://mycouncil.oxfordshire.gov.uk/documents/s83010/statement-of-accounts-15-july-2026.pdf	Oxfordshire	Statement of Accounts - 15 July 2026	normal
E10000028-staffordshire-2026-07-15-cabinet-208344-treasury-management-report-for-the-year.pdf	https://Staffordshire.moderngov.co.uk/documents/s208344/treasury-management-report-for-the-year-ended-31-march-2026.pdf	Staffordshire	Treasury Management Report for the Year Ended 31 March 2026	normal
E10000028-staffordshire-2026-07-15-cabinet-208345-appendix-1-treasury-management-report-fo.pdf	https://Staffordshire.moderngov.co.uk/documents/s208345/appendix-1-treasury-management-report-for-the-year-ended-31.pdf	Staffordshire	Appendix 1 - Treasury Management Report for the Year Ended 31 March 2026	normal
E10000028-staffordshire-2026-07-15-cabinet-208346-appendix-2-treasury-management-report-fo.pdf	https://Staffordshire.moderngov.co.uk/documents/s208346/appendix-2-treasury-management-report-for-the-year-ended-31.pdf	Staffordshire	Appendix 2 - Treasury Management Report for the Year Ended 31 March 2026	normal
E10000028-staffordshire-2026-07-15-cabinet-208347-appendix-3-treasury-management-report-fo.pdf	https://Staffordshire.moderngov.co.uk/documents/s208347/appendix-3-treasury-management-report-for-the-year-ended-31.pdf	Staffordshire	Appendix 3 - Treasury Management Report for the Year Ended 31 March 2026	normal
E10000028-staffordshire-2026-07-15-cabinet-208348-appendix-4-treasury-management-report-fo.pdf	https://Staffordshire.moderngov.co.uk/documents/s208348/appendix-4-treasury-management-report-for-the-year-ended-31.pdf	Staffordshire	Appendix 4 - Treasury Management Report for the Year Ended 31 March 2026	normal
E10000028-staffordshire-2026-07-15-cabinet-208349-appendix-5-treasury-management-report-fo.pdf	https://Staffordshire.moderngov.co.uk/documents/s208349/appendix-5-treasury-management-report-for-the-year-ended-31.pdf	Staffordshire	Appendix 5 - Treasury Management Report for the Year Ended 31 March 2026	normal
E08000031-wolverhampton-2026-07-15-council-326673-our-future-council-managing-our-money-we.pdf	https://wolverhampton.moderngov.co.uk/documents/s326673/our-future-council-managing-our-money-well-treasury-manageme.pdf	Wolverhampton	Our Future Council: Managing Our Money Well - Treasury Management - Annual Report 2025-2026 and Activity Monitoring Quarter One 2026-2027	normal
E08000031-wolverhampton-2026-07-15-council-326443-our-future-council-managing-our-money-we.pdf	https://wolverhampton.moderngov.co.uk/documents/s326443/our-future-council-managing-our-money-well-treasury-manageme.pdf	Wolverhampton	Our Future Council: Managing Our Money Well - Treasury Management - Annual Report 2025-2026 and Activity Monitoring Quarter One 2026-2027	normal
E07000073-harlow-2026-07-14-audit-standards-committee-30996-draft-statement-of-accounts-2025-26.pdf	https://Harlow.moderngov.co.uk/documents/s30996/draft-statement-of-accounts-2025-26.pdf	Harlow	Draft Statement of Accounts 2025-26	normal
E47000010-north-east-2026-07-14-audit-and-standards-commit-1649-6-draft-statement-of-accounts-covering-r.pdf	https://NorthEast-CA.moderngov.co.uk/documents/s1649/6-draft-statement-of-accounts-covering-report.pdf	North East	6 Draft Statement of Accounts - Covering Report	normal
E47000010-north-east-2026-07-14-audit-and-standards-commit-1650-6a-draft-statement-of-accounts-appendix.pdf	https://NorthEast-CA.moderngov.co.uk/documents/s1650/6a-draft-statement-of-accounts-appendix-1.pdf	North East	6a Draft Statement of Accounts - Appendix 1	normal
E47000010-north-east-2026-07-14-audit-and-standards-commit-1671-6b-draft-statement-of-accounts-appendix.pdf	https://NorthEast-CA.moderngov.co.uk/documents/s1671/6b-draft-statement-of-accounts-appendix-2.pdf	North East	6b Draft Statement of Accounts - Appendix 2	normal
E47000010-north-east-2026-07-14-audit-and-standards-commit-1702-draft-statement-of-accounts-presentation.pdf	https://NorthEast-CA.moderngov.co.uk/documents/s1702/draft-statement-of-accounts-presentation-slides.pdf	North East	Draft Statement of Accounts Presentation Slides	normal
E07000224-arun-2026-07-13-audit-governance-and-stand-25178-final-report-draft-statement-of-accounts.pdf	https://democracy.arun.gov.uk/documents/s25178/final-report-draft-statement-of-accounts-2025-26.pdf	Arun	Final Report - Draft Statement of Accounts 2025-26	normal
E07000224-arun-2026-07-13-audit-governance-and-stand-25179-draft-statement-of-accounts-2025-26-appe.pdf	https://democracy.arun.gov.uk/documents/s25179/draft-statement-of-accounts-2025-26-appendix-a.pdf	Arun	Draft Statement of Accounts 2025-26 - Appendix A	normal
E07000041-exeter-2026-07-13-councillors-information-bu-105803-treasury-management-2026-27-q1-update.pdf	https://modgov.exeter.gov.uk/documents/s105803/treasury-management-2026-27-q1-update.pdf	Exeter	Treasury Management 2026-27 Q1 Update	normal
mg19-bromsgrove-2026-07-13-audit-standards-and-govern-67883-cover-report-bdc-statement-of-accounts-2.pdf	https://moderngovwebpublic.bromsgrove.gov.uk/documents/s67883/cover-report-bdc-statement-of-accounts-202324-and-202425.pdf	Bromsgrove	Cover report_BDC_Statement of Accounts 202324 and 202425	normal
mg19-bromsgrove-2026-07-13-audit-standards-and-govern-67885-cover-draft-statement-of-accounts-2025-2.pdf	https://moderngovwebpublic.bromsgrove.gov.uk/documents/s67885/cover-draft-statement-of-accounts-2025-26.pdf	Bromsgrove	Cover Draft Statement of Accounts 2025-26	normal
E07000090-havant-2026-07-13-governance-committee-61107-report-202526-draft-statement-of-account.pdf	http://havant.moderngov.co.uk/documents/s61107/report-202526-draft-statement-of-accounts.pdf	Havant	Report - 202526 Draft Statement of Accounts	normal
E07000081-gloucester-2026-07-13-audit-and-governance-commi-67326-statement-of-accounts-2024-25.pdf	https://democracy.Gloucester.gov.uk/documents/s67326/statement-of-accounts-2024-25.pdf	Gloucester	Statement of Accounts 2024-25	normal
E07000081-gloucester-2026-07-13-audit-and-governance-commi-67327-appendix-1-statement-of-accounts.pdf	https://democracy.Gloucester.gov.uk/documents/s67327/appendix-1-statement-of-accounts.pdf	Gloucester	Appendix 1 Statement of Accounts	normal
E06000016-leicester-2026-07-13-governance-and-audit-commi-172870-draft-statutory-statement-of-accounts-an.pdf	https://cabinet.leicester.gov.uk/documents/s172870/draft-statutory-statement-of-accounts-annual-governance-stat.pdf	Leicester	Draft Statutory Statement of Accounts & Annual Governance Statement 2025-26 - 03.07.26	normal
E06000016-leicester-2026-07-13-governance-and-audit-commi-172871-appendix-1-draft-annual-statement-of-acc.pdf	https://cabinet.leicester.gov.uk/documents/s172871/appendix-1-draft-annual-statement-of-accounts-annual-governa.pdf	Leicester	Appendix 1 - Draft Annual Statement of Accounts & Annual Governance Statement 2025-26	normal
E06000062-west-northamptonshire-2026-07-13-council-29134-item-10-appendix-e-wnc-treasury-manageme.pdf	https://WestNorthants.moderngov.co.uk/documents/s29134/item-10-appendix-e-wnc-treasury-management-annual-report-202.pdf	West Northamptonshire	Item 10 - Appendix E - WNC Treasury Management Annual Report 2025-26	normal
mg258-gwynedd-cymraeg-2026-07-09-governance-and-audit-commi-50816-report-on-the-2025-26-statement-of-accou.pdf	https://democracy.gwynedd.llyw.cymru/documents/s50816/report-on-the-2025-26-statement-of-accounts.pdf	Gwynedd Cymraeg	Report on the 2025-26 Statement of Accounts	normal
mg258-gwynedd-cymraeg-2026-07-09-governance-and-audit-commi-50817-2025-26-statement-of-accounts-subject-to.pdf	https://democracy.gwynedd.llyw.cymru/documents/s50817/2025-26-statement-of-accounts-subject-to-audit.pdf	Gwynedd Cymraeg	2025-26 Statement of Accounts Subject to Audit	normal
mg258-gwynedd-cymraeg-2026-07-09-governance-and-audit-commi-50809-appendix-2-gwe-statement-of-accounts-202.pdf	https://democracy.gwynedd.llyw.cymru/documents/s50809/appendix-2-gwe-statement-of-accounts-2025-26-subject-to-audi.pdf	Gwynedd Cymraeg	Appendix 2- GwE Statement of Accounts 2025-26 (subject to audit)	normal
E07000085-east-hampshire-2026-07-09-audit-committee-30310-2026-statement-of-accounts-25-26-coverin.pdf	http://easthants.moderngov.co.uk/documents/s30310/2026-statement-of-accounts-25-26-covering-report.pdf	East Hampshire	2026 Statement of Accounts 25-26 Covering Report	normal
E07000085-east-hampshire-2026-07-09-audit-committee-30298-ehdc-statement-of-accounts-202526.pdf	http://easthants.moderngov.co.uk/documents/s30298/ehdc-statement-of-accounts-202526.pdf	East Hampshire	EHDC Statement of Accounts 202526	normal
E07000085-east-hampshire-2026-07-09-audit-committee-30311-ehdc-2526-treasury-management-report-fin.pdf	http://easthants.moderngov.co.uk/documents/s30311/ehdc-2526-treasury-management-report-final.pdf	East Hampshire	EHDC 2526 Treasury Management Report Final	normal
E07000085-east-hampshire-2026-07-09-cabinet-30266-statement-of-accounts-25-26-covering-rep.pdf	http://easthants.moderngov.co.uk/documents/s30266/statement-of-accounts-25-26-covering-report.pdf	East Hampshire	Statement of Accounts 25-26 Covering Report	normal
E07000085-east-hampshire-2026-07-09-cabinet-30280-appendix-a-statement-of-accounts-202526.pdf	http://easthants.moderngov.co.uk/documents/s30280/appendix-a-statement-of-accounts-202526.pdf	East Hampshire	Appendix A Statement of Accounts 202526	normal
E07000209-guildford-2026-07-09-audit-and-risk-committee-44973-item-10-statement-of-accounts-2025-26.pdf	https://democracy.guildford.gov.uk/documents/s44973/item-10-statement-of-accounts-2025-26.pdf	Guildford	Item 10 - Statement of Accounts 2025-26	normal
E07000209-guildford-2026-07-09-audit-and-risk-committee-44974-item-10-1-statement-of-accounts-2025-26.pdf	https://democracy.guildford.gov.uk/documents/s44974/item-10-1-statement-of-accounts-2025-26-app-1-draft-soa-2025.pdf	Guildford	Item 10 (1) - Statement of Accounts 2025-26 - App 1 - Draft SoA 2025-26	normal
E47000002-south-yorkshire-mayora-2026-07-09-audit-standards-and-risk-c-21844-18-mca-statement-of-accounts-25-26.pdf	https://southyorkshire-ca.moderngov.co.uk/documents/s21844/18-mca-statement-of-accounts-25-26.pdf	South Yorkshire Mayoral Combined Authority	18. MCA Statement of Accounts 25 26	normal
E47000002-south-yorkshire-mayora-2026-07-09-audit-standards-and-risk-c-21845-18-i-2025-2026-appendix-a-symca-statemen.pdf	https://southyorkshire-ca.moderngov.co.uk/documents/s21845/18-i-2025-2026-appendix-a-symca-statement-of-accounts-unaudi.pdf	South Yorkshire Mayoral Combined Authority	18.i. 2025-2026 Appendix A SYMCA Statement of Accounts - Unaudited	normal
E07000217-woking-2026-07-09-executive-46537-exe26-035-treasury-management-annual-rep.pdf	https://Woking.moderngov.co.uk/documents/s46537/exe26-035-treasury-management-annual-report-2025-26.pdf	Woking	EXE26-035 Treasury Management Annual Report 2025-26	normal
E08000001-bolton-2026-07-08-executive-cabinet-member-d-15769-treasury-management-quarter-four-report.pdf	https://Bolton.moderngov.co.uk/documents/s15769/treasury-management-quarter-four-report-2025-26.pdf	Bolton	Treasury Management Quarter Four Report 2025-26	normal
E07000117-burnley-2026-07-08-executive-50955-annual-treasury-mgt-report-review-of-202.pdf	https://burnley.moderngov.co.uk/documents/s50955/annual-treasury-mgt-report-review-of-2025-26activity.pdf	Burnley	Annual Treasury Mgt Report Review of 2025-26Activity	normal
E07000117-burnley-2026-07-08-executive-50956-annual-treasury-mgmt-report-appendix-1.pdf	https://burnley.moderngov.co.uk/documents/s50956/annual-treasury-mgmt-report-appendix-1.pdf	Burnley	Annual Treasury Mgmt Report - Appendix 1	normal
E07000175-newark-and-sherwood-2026-07-08-audit-accounts-committee-26695-08-07-26-unaudited-statement-of-accounts.pdf	https://democracy.newark-sherwooddc.gov.uk/documents/s26695/08-07-26-unaudited-statement-of-accounts-and-ags.pdf	Newark and Sherwood	08.07.26 - Unaudited Statement of Accounts and AGS	normal
E07000175-newark-and-sherwood-2026-07-08-audit-accounts-committee-26696-08-07-26-unaudited-statement-of-accounts.pdf	https://democracy.newark-sherwooddc.gov.uk/documents/s26696/08-07-26-unaudited-statement-of-accounts.pdf	Newark and Sherwood	08.07.26 - Unaudited Statement of Accounts	normal
E09000031-waltham-forest-2026-07-08-audit-and-governance-commi-109727-2-draft-statement-of-accounts-2025-26.pdf	https://democracy.walthamforest.gov.uk/documents/s109727/2-draft-statement-of-accounts-2025-26.pdf	Waltham Forest	2. Draft Statement of Accounts 2025-26	normal
E09000031-waltham-forest-2026-07-08-audit-and-governance-commi-109728-appendix-1-draft-statement-of-accounts-2.pdf	https://democracy.walthamforest.gov.uk/documents/s109728/appendix-1-draft-statement-of-accounts-2025-26.pdf	Waltham Forest	Appendix 1 - Draft Statement of Accounts 2025-26	normal
E08000031-wolverhampton-2026-07-08-cabinet-326183-our-future-council-managing-our-money-we.pdf	https://wolverhampton.moderngov.co.uk/documents/s326183/our-future-council-managing-our-money-well-treasury-manageme.pdf	Wolverhampton	Our Future Council: Managing Our Money Well - Treasury Management - Annual Report 2025-2026 and Activity Monitoring Quarter One 2026-2027	normal
E07000228-mid-sussex-2026-07-07-audit-committee-23273-item-1-treasury-management-report-2025-2.pdf	https://midsussex.moderngov.co.uk/documents/s23273/item-1-treasury-management-report-2025-26.pdf	Mid Sussex	Item 1 - Treasury Management Report 2025-26	normal
E07000082-stroud-2026-07-07-audit-and-standards-commit-20414-unaudited-statement-of-accounts-2025-26.pdf	https://Stroud.moderngov.co.uk/documents/s20414/unaudited-statement-of-accounts-2025-26.pdf	Stroud	Unaudited Statement of Accounts 2025/26	normal
E07000082-stroud-2026-07-07-audit-and-standards-commit-20419-item-18-appendix-a-statement-of-accounts.pdf	https://Stroud.moderngov.co.uk/documents/s20419/item-18-appendix-a-statement-of-accounts-2025-26-unaudited.pdf	Stroud	Item 18 - Appendix A - Statement of Accounts 2025-26 Unaudited	normal
E08000018-rotherham-2026-07-06-cabinet-159003-treasury-management-annual-report-2025-2.pdf	https://moderngov.rotherham.gov.uk/documents/s159003/treasury-management-annual-report-2025-26.pdf	Rotherham	Treasury Management Annual Report 2025-26	normal
W06000020-torfaen-2026-07-02-governance-audit-committee-78284-statement-of-accounts-2024-25-soa-update.pdf	https://Torfaen.moderngov.co.uk/documents/s78284/statement-of-accounts-2024-25-soa-update-report-for-g-ac-jul.pdf	Torfaen	Statement of Accounts 2024-25 SOA Update Report for G&AC - July 2026	normal
E47000003-west-yorkshire-2026-07-02-governance-audit-committee-44783-item-11-statement-of-accounts-2025-26-up.pdf	http://westyorkshire.moderngov.co.uk/documents/s44783/item-11-statement-of-accounts-2025-26-update.pdf	West Yorkshire	Item 11 - Statement of Accounts 2025-26 Update	normal
mg288-bedfordshire-fire-and-2026-07-01-audit-and-standards-commit-7573-item-08-draft-2025-26-statement-of-accou.pdf	http://BedsFireResAuth.moderngov.co.uk/documents/s7573/item-08-draft-2025-26-statement-of-accounts.pdf	Bedfordshire Fire and Rescue	Item 08 Draft 2025-26 Statement of Accounts	normal
E09000016-havering-2026-06-30-audit-committee-84718-treasury-management-annual-review-report.pdf	https://democracy.havering.gov.uk/documents/s84718/treasury-management-annual-review-report-2025-26-ac-meeting.pdf	Havering	Treasury Management Annual Review report 2025-26 AC meeting 30 June 2026	normal
mg178-merseyside-fire-and-re-2026-06-30-audit-committee-35777-treasury-management-2025-26-annual-repor.pdf	http://mfra.merseyfire.gov.uk/documents/s35777/treasury-management-2025-26-annual-report.pdf	Merseyside Fire and Rescue Authority	Treasury Management 2025-26 Annual Report	normal
mg178-merseyside-fire-and-re-2026-06-30-audit-committee-35778-appendix-a-treasury-management-2025-26-a.pdf	http://mfra.merseyfire.gov.uk/documents/s35778/appendix-a-treasury-management-2025-26-annual-report.pdf	Merseyside Fire and Rescue Authority	Appendix A: Treasury Management 2025-26 Annual Report	normal
E07000195-newcastle-under-lyme-2026-06-29-audit-and-standards-commit-47330-draft-statement-of-accounts-2025-26-cove.pdf	http://moderngov.newcastle-staffs.gov.uk/documents/s47330/draft-statement-of-accounts-2025-26-covering-report.pdf	Newcastle-under-Lyme	Draft Statement of Accounts 2025-26 Covering Report	normal
E07000195-newcastle-under-lyme-2026-06-29-audit-and-standards-commit-47331-draft-statement-of-accounts-2025-26.pdf	http://moderngov.newcastle-staffs.gov.uk/documents/s47331/draft-statement-of-accounts-2025-26.pdf	Newcastle-under-Lyme	Draft Statement of Accounts 2025-26	normal
E07000195-newcastle-under-lyme-2026-06-29-audit-and-standards-commit-47328-treasury-management-annual-report-2025-2.pdf	http://moderngov.newcastle-staffs.gov.uk/documents/s47328/treasury-management-annual-report-2025-26-covering-report.pdf	Newcastle-under-Lyme	Treasury Management Annual Report 2025-26 Covering Report	normal
E07000195-newcastle-under-lyme-2026-06-29-audit-and-standards-commit-47329-treasury-management-annual-report-2025-2.pdf	http://moderngov.newcastle-staffs.gov.uk/documents/s47329/treasury-management-annual-report-2025-26.pdf	Newcastle-under-Lyme	Treasury Management Annual Report 2025-26	normal
E06000004-stockton-on-tees-2026-06-29-audit-and-governance-commi-22700-draft-statement-of-accounts-committee-re.pdf	https://moderngov.stockton.gov.uk/documents/s22700/draft-statement-of-accounts-committee-report-25-26.pdf	Stockton-on-Tees	Draft Statement of Accounts - Committee Report 25-26	normal
E06000004-stockton-on-tees-2026-06-29-audit-and-governance-commi-22701-draft-annual-statement-of-accounts-2025.pdf	https://moderngov.stockton.gov.uk/documents/s22701/draft-annual-statement-of-accounts-2025-26.pdf	Stockton-on-Tees	Draft Annual Statement of Accounts 2025-26	normal
E07000142-west-lindsey-2026-06-29-council-51817-fin-20-27-annual-treasury-management-rep.pdf	https://democracy.west-lindsey.gov.uk/documents/s51817/fin-20-27-annual-treasury-management-report-202526-council.pdf	West Lindsey	FIN-20-27 Annual Treasury Management Report 202526 Council	normal
mg473-avon-fire-and-rescue-2026-06-25-audit-governance-and-overs-5562-2025-26-draft-statement-of-accounts-and.pdf	https://AvonFire.moderngov.co.uk/documents/s5562/2025-26-draft-statement-of-accounts-and-narrative-repoet.pdf	Avon Fire and Rescue	2025/26 Draft Statement of Accounts and Narrative Repoet	normal
E07000170-ashfield-2026-06-25-audit-committee-37765-treasury-management-4th-quarter.pdf	https://democracy.ashfield.gov.uk/documents/s37765/treasury-management-4th-quarter.pdf	Ashfield	Treasury Management - 4th Quarter.	normal
E07000170-ashfield-2026-06-25-audit-committee-37766-enc-1-for-treasury-management-4th-quarte.pdf	https://democracy.ashfield.gov.uk/documents/s37766/enc-1-for-treasury-management-4th-quarter.pdf	Ashfield	Enc. 1 for Treasury Management - 4th Quarter.	normal
E47000008-cambridgeshire-and-pet-2026-06-25-audit-and-governance-commi-7086-appendix-1-draft-statement-of-accounts-2.pdf	https://cambridgeshirepeterborough-ca.moderngov.co.uk/documents/s7086/appendix-1-draft-statement-of-accounts-2025-26.pdf	Cambridgeshire and Peterborough	Appendix 1 Draft Statement of Accounts 2025-26	normal
E07000173-gedling-2026-06-25-cabinet-45224-annual-treasury-activity-report-2025-26.pdf	https://democracy.gedling.gov.uk/documents/s45224/annual-treasury-activity-report-2025-26.pdf	Gedling	Annual Treasury Activity Report 2025/26	normal
E07000173-gedling-2026-06-25-cabinet-45225-appendix-1-treasury-activity-2025-26.pdf	https://democracy.gedling.gov.uk/documents/s45225/appendix-1-treasury-activity-2025-26.pdf	Gedling	Appendix 1 - Treasury Activity 2025/26	normal
S12000036-city-of-edinburgh-2026-06-25-city-of-edinburgh-council-100577-item-7-1-appendix-1-2026-unaudited-finan.pdf	https://democracy.edinburgh.gov.uk/documents/s100577/item-7-1-appendix-1-2026-unaudited-financial-statements.pdf	City of Edinburgh	Item 7.1 - Appendix 1 - 2026 - Unaudited Financial Statements	normal
E07000102-three-rivers-2026-06-25-audit-committee-18559-statement-of-accounts-2025-26-update.pdf	https://moderngov.threerivers.gov.uk/documents/s18559/statement-of-accounts-2025-26-update.pdf	Three Rivers	Statement of Accounts 2025/26 Update	normal
E07000102-three-rivers-2026-06-25-audit-committee-18617-appendix-1-draft-statement-of-accounts-2.pdf	https://moderngov.threerivers.gov.uk/documents/s18617/appendix-1-draft-statement-of-accounts-2025-26.pdf	Three Rivers	Appendix 1 - Draft Statement of Accounts 2025-26	normal
E06000062-west-northamptonshire-2026-06-25-council-28953-item-10-appendix-e-wnc-treasury-manageme.pdf	https://WestNorthants.moderngov.co.uk/documents/s28953/item-10-appendix-e-wnc-treasury-management-annual-report-202.pdf	West Northamptonshire	Item 10 - Appendix E - WNC Treasury Management Annual Report 2025-26	normal
E07000142-west-lindsey-2026-06-25-thriving-council-committee-51590-annual-treasury-management-report-2025-2.pdf	https://democracy.west-lindsey.gov.uk/documents/s51590/annual-treasury-management-report-2025-26.pdf	West Lindsey	Annual Treasury Management Report 2025/26	normal
E08000001-bolton-2026-06-24-audit-committee-15709-draft-statement-of-accounts-2025-26.pdf	https://Bolton.moderngov.co.uk/documents/s15709/draft-statement-of-accounts-2025-26.pdf	Bolton	Draft Statement of Accounts 2025-26	normal
E08000005-rochdale-2026-06-24-audit-and-governance-commi-122949-draft-statement-of-accounts-2025-26.pdf	https://Rochdale.moderngov.co.uk/documents/s122949/draft-statement-of-accounts-2025-26.pdf	Rochdale	Draft Statement of Accounts 2025/26	normal
E08000005-rochdale-2026-06-24-audit-and-governance-commi-122950-append-1-for-draft-statement-of-accounts.pdf	https://Rochdale.moderngov.co.uk/documents/s122950/append-1-for-draft-statement-of-accounts-2025-26.pdf	Rochdale	Append. 1 for Draft Statement of Accounts 2025/26	normal
E06000060-buckinghamshire-2026-06-23-high-wycombe-town-committe-121005-report-for-capital-programme-and-cil-bal.pdf	https://Buckinghamshire.moderngov.co.uk/documents/s121005/report-for-capital-programme-and-cil-balance-update.pdf	Buckinghamshire	Report for Capital Programme and CIL balance update	normal
E07000134-north-west-leicestersh-2026-06-23-cabinet-51476-treasury-management-stewardship-report-2.pdf	http://minutes-1.nwleics.gov.uk/documents/s51476/treasury-management-stewardship-report-2025-26-cabinet-repor.pdf	North West Leicestershire	Treasury Management Stewardship Report 2025/26 Cabinet Report	normal
E07000134-north-west-leicestersh-2026-06-23-cabinet-51477-appendix-a-treasury-management-activity.pdf	http://minutes-1.nwleics.gov.uk/documents/s51477/appendix-a-treasury-management-activity-report-out-turn.pdf	North West Leicestershire	Appendix A - Treasury Management Activity Report - Out Turn	normal
E07000103-watford-2026-06-23-audit-committee-54268-statement-of-accounts-2025-26-update.pdf	https://watford.moderngov.co.uk/documents/s54268/statement-of-accounts-2025-26-update.pdf	Watford	Statement of Accounts 2025-26 Update	normal
E07000103-watford-2026-06-23-audit-committee-54269-appendix-1-for-statement-of-accounts-202.pdf	https://watford.moderngov.co.uk/documents/s54269/appendix-1-for-statement-of-accounts-2025-26-update.pdf	Watford	Appendix 1 for Statement of Accounts 2025-26 Update	normal
E09000010-enfield-2026-06-22-audit-committee-114178-draft-statement-of-accounts-2025-26.pdf	https://Enfield.moderngov.co.uk/documents/s114178/draft-statement-of-accounts-2025-26.pdf	Enfield	Draft Statement of Accounts 2025/26	normal
E08000032-bradford-2026-06-18-governance-and-audit-commi-56200-doc-c-financial-statements-2025-26-unaud.pdf	https://bradford.moderngov.co.uk/documents/s56200/doc-c-financial-statements-2025-26-unaudited.pdf	Bradford	Doc C - Financial Statements 2025-26 (unaudited)	normal
E08000032-bradford-2026-06-18-governance-and-audit-commi-56201-doc-c-financial-statements-2025-26-unaud.pdf	https://bradford.moderngov.co.uk/documents/s56201/doc-c-financial-statements-2025-26-unaudited-appendix-1.pdf	Bradford	Doc C - Financial Statements 2025-26 (unaudited) - Appendix 1	normal
E08000032-bradford-2026-06-18-governance-and-audit-commi-56199-doc-e-annual-treasury-management-report.pdf	https://bradford.moderngov.co.uk/documents/s56199/doc-e-annual-treasury-management-report-25-26.pdf	Bradford	Doc E - Annual Treasury Management Report 25-26	normal
mg496-royal-wootton-bassett-2026-06-18-revenue-resources-committe-3079-financial-statements-june-2026.pdf	https://RoyalWoottonBassett.moderngov.co.uk/documents/s3079/financial-statements-june-2026.pdf	Royal Wootton Bassett Town Council	Financial Statements June 2026	normal
mg456-chippenham-2026-06-17-full-council-8881-year-end-accounts-and-financial-statemen.pdf	https://Chippenham.moderngov.co.uk/documents/s8881/year-end-accounts-and-financial-statements-for-2025-2026.pdf	Chippenham	Year End Accounts and Financial Statements for 2025-2026	normal
mg456-chippenham-2026-06-17-full-council-8883-appendix-b-unaudited-financial-statement.pdf	https://Chippenham.moderngov.co.uk/documents/s8883/appendix-b-unaudited-financial-statements-2025-2026.pdf	Chippenham	Appendix B - Unaudited Financial Statements 2025-2026	normal
E09000012-hackney-2026-06-17-audit-committee-98596-treasury-management-update-report-june-2.pdf	https://Hackney.moderngov.co.uk/documents/s98596/treasury-management-update-report-june-26.pdf	Hackney	Treasury Management Update Report June 26	normal
W06000022-newport-2026-06-17-cabinet-36072-06-treasury-management-report-25-26.pdf	https://democracy.newport.gov.uk/documents/s36072/06-treasury-management-report-25-26.pdf	Newport	06 Treasury Management Report 25-26	normal
mg68-huntingdonshire-2026-06-17-corporate-governance-commi-144936-approval-for-publication-of-draft-2025-2.pdf	http://democracy.huntingdonshire.gov.uk/moderngov/documents/s144936/approval-for-publication-of-draft-2025-26-statement-of-accou.pdf	Huntingdonshire	Approval for Publication of Draft 2025-26 Statement of Accounts	normal
mg68-huntingdonshire-2026-06-17-corporate-governance-commi-144938-appendix-2-statement-of-accounts-2025-26.pdf	http://democracy.huntingdonshire.gov.uk/moderngov/documents/s144938/appendix-2-statement-of-accounts-2025-26.pdf	Huntingdonshire	Appendix 2 - Statement of Accounts 2025-26	normal
E07000209-guildford-2026-06-16-overview-scrutiny-committe-44542-item-08-appendix-9-treasury-management-r.pdf	https://democracy.guildford.gov.uk/documents/s44542/item-08-appendix-9-treasury-management-report-202526.pdf	Guildford	Item 08 - Appendix 9 Treasury Management report 202526	normal
E07000124-ribble-valley-2026-06-16-policy-and-finance-11832-treasury-management-monitoring-2025-26.pdf	https://RibbleValley.moderngov.co.uk/documents/s11832/treasury-management-monitoring-2025-26.pdf	Ribble Valley	Treasury Management Monitoring 2025/26	normal
E07000128-wyre-2026-06-16-audit-and-standards-commit-33067-must-know-guide-the-statement-of-account.pdf	https://wyre.moderngov.co.uk/documents/s33067/must-know-guide-the-statement-of-accounts-local-government-a.pdf	Wyre	Must know guide_ The statement of accounts _ Local Government Association	normal
E07000128-wyre-2026-06-16-audit-and-standards-commit-33068-statement-of-accounts-frequently-asked-q.pdf	https://wyre.moderngov.co.uk/documents/s33068/statement-of-accounts-frequently-asked-questions.pdf	Wyre	Statement of Accounts – Frequently Asked Questions	normal
E07000128-wyre-2026-06-16-audit-and-standards-commit-33069-understanding-financial-statements-audit.pdf	https://wyre.moderngov.co.uk/documents/s33069/understanding-financial-statements-audit-and-standards-commi.pdf	Wyre	Understanding Financial Statements - Audit and Standards Committee Overview	normal
E08000018-rotherham-2026-06-16-audit-committee-158767-publication-of-unaudited-statement-of-ac.pdf	https://moderngov.rotherham.gov.uk/documents/s158767/publication-of-unaudited-statement-of-accounts-2025-26.pdf	Rotherham	Publication of unaudited Statement of Accounts 2025-26	normal
E08000018-rotherham-2026-06-16-audit-committee-158770-appendix-3-unaudited-statement-of-accoun.pdf	https://moderngov.rotherham.gov.uk/documents/s158770/appendix-3-unaudited-statement-of-accounts-2025-26.pdf	Rotherham	Appendix 3 Unaudited Statement of Accounts 2025-26	normal
S12000045-east-dunbartonshire-2026-06-11-audit-risk-management-comm-17038-response-to-forvis-mazars-questionnaire.pdf	https://EastDunbarton.moderngov.co.uk/documents/s17038/response-to-forvis-mazars-questionnaire-supporting-audit-of.pdf	East Dunbartonshire	RESPONSE TO FORVIS MAZARS QUESTIONNAIRE SUPPORTING AUDIT OF FINANCIAL STATEMENTS 24/25	normal
S12000045-east-dunbartonshire-2026-06-11-audit-risk-management-comm-17039-appendix-1-for-response-to-forvis-mazars.pdf	https://EastDunbarton.moderngov.co.uk/documents/s17039/appendix-1-for-response-to-forvis-mazars-questionnaire-suppo.pdf	East Dunbartonshire	Appendix 1 for RESPONSE TO FORVIS MAZARS QUESTIONNAIRE SUPPORTING AUDIT OF FINANCIAL STATEMENTS 24/25	normal
S12000045-east-dunbartonshire-2026-06-11-audit-risk-management-comm-17040-appendix-2-for-response-to-forvis-mazars.pdf	https://EastDunbarton.moderngov.co.uk/documents/s17040/appendix-2-for-response-to-forvis-mazars-questionnaire-suppo.pdf	East Dunbartonshire	Appendix 2 for RESPONSE TO FORVIS MAZARS QUESTIONNAIRE SUPPORTING AUDIT OF FINANCIAL STATEMENTS 24/25	normal
S12000045-east-dunbartonshire-2026-06-11-audit-risk-management-comm-17041-appendix-3-for-response-to-forvis-mazars.pdf	https://EastDunbarton.moderngov.co.uk/documents/s17041/appendix-3-for-response-to-forvis-mazars-questionnaire-suppo.pdf	East Dunbartonshire	Appendix 3 for RESPONSE TO FORVIS MAZARS QUESTIONNAIRE SUPPORTING AUDIT OF FINANCIAL STATEMENTS 24/25	normal
S12000045-east-dunbartonshire-2026-06-11-audit-risk-management-comm-17042-appendix-4-for-response-to-forvis-mazars.pdf	https://EastDunbarton.moderngov.co.uk/documents/s17042/appendix-4-for-response-to-forvis-mazars-questionnaire-suppo.pdf	East Dunbartonshire	Appendix 4 for RESPONSE TO FORVIS MAZARS QUESTIONNAIRE SUPPORTING AUDIT OF FINANCIAL STATEMENTS 24/25	normal
E07000134-north-west-leicestersh-2026-06-10-audit-and-governance-commi-51292-treasury-management-stewardship-report-2.pdf	http://minutes-1.nwleics.gov.uk/documents/s51292/treasury-management-stewardship-report-2025-26-audit-and-gov.pdf	North West Leicestershire	Treasury Management Stewardship Report 2025/26 Audit and Governance Committee Report	normal
E07000134-north-west-leicestersh-2026-06-10-audit-and-governance-commi-51293-appendix-a-treasury-management-activity.pdf	http://minutes-1.nwleics.gov.uk/documents/s51293/appendix-a-treasury-management-activity-report-out-turn.pdf	North West Leicestershire	Appendix A - Treasury Management Activity Report - Out Turn	normal
E07000134-north-west-leicestersh-2026-06-10-audit-and-governance-commi-51287-key-judgements-and-estimates-in-the-stat.pdf	http://minutes-1.nwleics.gov.uk/documents/s51287/key-judgements-and-estimates-in-the-statement-of-accounts-au.pdf	North West Leicestershire	Key judgements and estimates in the statement of accounts Audit and Governance Committee Report	normal
E08000015-wirral-2026-06-10-policy-and-resources-commi-50142723-treasury-management-annual-report-2025-2.pdf	https://democracy.wirral.gov.uk/documents/s50142723/treasury-management-annual-report-2025-26.pdf	Wirral	Treasury Management Annual Report 2025-26	normal
E07000036-erewash-2026-06-09-audit-committee-42492-item-4-draft-statement-of-accounts-2025.pdf	https://moderngov.erewash.gov.uk/documents/s42492/item-4-draft-statement-of-accounts-2025-26-report.pdf	Erewash	Item 4, Draft Statement of Accounts 2025/26 Report	normal
E06000062-west-northamptonshire-2026-06-09-cabinet-28727-appendix-d-wnc-treasury-management-annua.pdf	https://WestNorthants.moderngov.co.uk/documents/s28727/appendix-d-wnc-treasury-management-annual-report-2025-26.pdf	West Northamptonshire	Appendix D - WNC Treasury Management Annual Report 2025-26	normal
E07000171-bassetlaw-2026-06-04-audit-governance-committee-16845-6e-changes-to-financial-statements-accou.pdf	https://Bassetlaw.moderngov.co.uk/documents/s16845/6e-changes-to-financial-statements-accounting-policies-and-r.pdf	Bassetlaw	6e - Changes to Financial Statements, Accounting Policies and Regulatory Changes for 2025-26	normal
W06000021-monmouthshire-2026-06-04-governance-and-audit-commi-45161-2a-g-ac-treasury-otturn-report-appendix.pdf	https://democracy.monmouthshire.gov.uk/documents/s45161/2a-g-ac-treasury-otturn-report-appendix-1.pdf	Monmouthshire	2a. G&AC - Treasury Otturn Report - Appendix 1	normal
E08000031-wolverhampton-2026-06-04-resources-and-equality-scr-323328-our-future-council-managing-our-money-we.pdf	https://wolverhampton.moderngov.co.uk/documents/s323328/our-future-council-managing-our-money-well-treasury-manageme.pdf	Wolverhampton	Our Future Council: Managing Our Money Well - Treasury Management Activity Monitoring Quarter Three 2025-2026	normal
E08000031-wolverhampton-2026-06-04-resources-and-equality-scr-323329-appendix-a-treasury-management-activity.pdf	https://wolverhampton.moderngov.co.uk/documents/s323329/appendix-a-treasury-management-activity-monitoring-quarter-t.pdf	Wolverhampton	Appendix A Treasury Management Activity Monitoring Quarter Three 2025-2026	normal
E08000022-north-tyneside-2026-06-03-audit-committee-36109-5-annual-statement-of-accounts.pdf	http://democracy.northtyneside.gov.uk/documents/s36109/5-annual-statement-of-accounts.pdf	North Tyneside	5. Annual Statement of Accounts	normal
E07000102-three-rivers-2026-05-28-audit-committee-18074-statement-of-accounts-update-2025-26.pdf	https://moderngov.threerivers.gov.uk/documents/s18074/statement-of-accounts-update-2025-26.pdf	Three Rivers	Statement of Accounts Update 2025/26	normal
E07000102-three-rivers-2026-05-28-audit-committee-18075-appendix-1-for-statement-of-accounts-upd.pdf	https://moderngov.threerivers.gov.uk/documents/s18075/appendix-1-for-statement-of-accounts-update-2025-26.pdf	Three Rivers	Appendix 1 for Statement of Accounts Update 2025/26	normal
E07000243-stevenage-2026-05-21-council-42990-appendix-j-statement-of-accounts-t-of-r.pdf	https://democracy.stevenage.gov.uk/documents/s42990/appendix-j-statement-of-accounts-t-of-r.pdf	Stevenage	Appendix J - Statement of Accounts T of R	normal
E10000019-lincolnshire-2026-05-20-greater-lincolnshire-combi-73681-7-1-appendix-a-key-information-to-be-inc.pdf	https://lincolnshire.moderngov.co.uk/documents/s73681/7-1-appendix-a-key-information-to-be-included-in-the-draft-s.pdf	Lincolnshire	7.1 - Appendix A Key Information to be included in the Draft Statement of Accounts 2025	normal
E07000103-watford-2026-05-20-audit-committee-53726-statement-of-accounts-2025-26-update.pdf	https://watford.moderngov.co.uk/documents/s53726/statement-of-accounts-2025-26-update.pdf	Watford	Statement of Accounts 2025-26 - UPDATE	normal
E07000103-watford-2026-05-20-audit-committee-53727-appendix-1-for-statement-of-accounts-202.pdf	https://watford.moderngov.co.uk/documents/s53727/appendix-1-for-statement-of-accounts-2025-26-update.pdf	Watford	Appendix 1 for Statement of Accounts 2025-26 - UPDATE	normal
E07000200-babergh-2026-04-27-joint-audit-and-standards-42370-statement-of-accounts-update.pdf	http://baberghmidsuffolk.moderngov.co.uk/documents/s42370/statement-of-accounts-update.pdf	Babergh	Statement of Accounts Update	normal
E06000005-darlington-2026-04-27-audit-committee-27843-accounting-policies-to-be-applied-to-the.pdf	https://democracy.darlington.gov.uk/documents/s27843/accounting-policies-to-be-applied-to-the-2025-26-financial-s.pdf	Darlington	Accounting Policies to be applied to the 2025-26 Financial Statements	normal
E09000012-hackney-2026-04-16-audit-committee-97928-treasury-management-update-report-april.pdf	https://Hackney.moderngov.co.uk/documents/s97928/treasury-management-update-report-april-26.pdf	Hackney	Treasury Management Update Report April 26	normal
E06000049-cheshire-east-2026-04-13-children-and-families-comm-132063-children-and-families-capital-programme.pdf	http://moderngov.cheshireeast.gov.uk/ecminutes/documents/s132063/children-and-families-capital-programme-2026-27-decision-rep.pdf	Cheshire East	Children and Families Capital Programme 2026/27 Decision Report Template (delete as appropriate)	normal
E06000049-cheshire-east-2026-04-13-children-and-families-comm-132064-appendix-2-children-and-families-capital.pdf	http://moderngov.cheshireeast.gov.uk/ecminutes/documents/s132064/appendix-2-children-and-families-capital-programme-updates.pdf	Cheshire East	Appendix 2 - Children and Families Capital Programme updates	normal
E07000041-exeter-2026-04-13-councillors-information-bu-104179-treasury-management-2025-26-q3-update.pdf	https://modgov.exeter.gov.uk/documents/s104179/treasury-management-2025-26-q3-update.pdf	Exeter	Treasury Management 2025-26 Q3 Update	normal
E07000079-cotswold-2026-04-09-audit-governance-committee-15510-cdc-treasury-management-indicators-25-26.pdf	https://meetings.cotswold.gov.uk/documents/s15510/cdc-treasury-management-indicators-25-26-quarter-three-final.pdf	Cotswold	CDC Treasury Management Indicators 25_26 Quarter Three_FINAL	normal
E06000063-cumberland-2026-04-07-executive-55557-appendix-c-treasury-management-activity.pdf	https://Cumberland.moderngov.co.uk/documents/s55557/appendix-c-treasury-management-activity-q3-2025-26.pdf	Cumberland	Appendix C - Treasury Management Activity Q3 2025-26	normal
E08000001-bolton-2026-04-01-audit-committee-14105-treasury-management-quarter-three-report.pdf	https://Bolton.moderngov.co.uk/documents/s14105/treasury-management-quarter-three-report-2025-26.pdf	Bolton	Treasury Management Quarter Three Report 2025-26	normal
E06000066-somerset-2026-03-30-tenants-strategic-group-64639-capital-programme-round-up.pdf	https://Somerset.moderngov.co.uk/documents/s64639/capital-programme-round-up.pdf	Somerset	Capital Programme round up	normal
E06000057-northumberland-2026-03-26-audit-and-standards-commit-30089-statement-of-accounts-group-boundary-rev.pdf	https://Northumberland.moderngov.co.uk/documents/s30089/statement-of-accounts-group-boundary-review-2025-26.pdf	Northumberland	Statement of Accounts – Group Boundary Review 2025-26	normal
E06000057-northumberland-2026-03-26-audit-and-standards-commit-30086-consideration-of-going-concern-status-fo.pdf	https://Northumberland.moderngov.co.uk/documents/s30086/consideration-of-going-concern-status-for-the-statement-of-a.pdf	Northumberland	Consideration of Going Concern Status for the Statement of Accounts for the year ended 31 March 2026	normal
E07000212-runnymede-2026-03-26-overview-and-scrutiny-sele-17383-q3-treasury-management-report-2025-26.pdf	https://Runnymede.moderngov.co.uk/documents/s17383/q3-treasury-management-report-2025-26.pdf	Runnymede	Q3 Treasury Management Report 2025-26	normal
mg496-royal-wootton-bassett-2026-03-26-revenue-resources-committe-2881-r-r-26mar-26-financial-statements.pdf	https://RoyalWoottonBassett.moderngov.co.uk/documents/s2881/r-r-26mar-26-financial-statements.pdf	Royal Wootton Bassett Town Council	R&R 26Mar'26 Financial Statements	normal
W06000019-blaenau-gwent-2026-03-25-special-meeting-of-the-cou-18914-sco2603d7-treasury-management-report.pdf	https://Blaenau-Gwent.moderngov.co.uk/documents/s18914/sco2603d7-treasury-management-report.pdf	Blaenau Gwent	SCO2603D7 Treasury Management Report	normal
E07000174-mansfield-2026-03-25-governance-standards-commi-8302-statement-of-accounts-2025-26-approval-o.pdf	https://Mansfield.moderngov.co.uk/documents/s8302/statement-of-accounts-2025-26-approval-of-accounting-policie.pdf	Mansfield	Statement of Accounts 2025/26 - Approval of Accounting Policies	normal
E07000174-mansfield-2026-03-25-governance-standards-commi-8303-appendix-1-for-statement-of-accounts-202.pdf	https://Mansfield.moderngov.co.uk/documents/s8303/appendix-1-for-statement-of-accounts-2025-26-approval-of-acc.pdf	Mansfield	Appendix 1 for Statement of Accounts 2025/26 - Approval of Accounting Policies	normal
E10000016-kent-2026-03-25-governance-and-audit-commi-136178-statement-of-accounts-2025-26-preparatio.pdf	https://democracy.kent.gov.uk/documents/s136178/statement-of-accounts-2025-26-preparation-and-accounting-pol.pdf	Kent	Statement of Accounts 2025/26 Preparation and Accounting Policies Update	normal
E07000147-north-norfolk-2026-03-25-council-22671-treasury-management-q3-report-25-26.pdf	https://modgov.north-norfolk.gov.uk/documents/s22671/treasury-management-q3-report-25-26.pdf	North Norfolk	Treasury Management Q3 Report 25.26	normal
E07000147-north-norfolk-2026-03-25-council-22672-appx-a-nndc-treasury-report-q3-2025-26.pdf	https://modgov.north-norfolk.gov.uk/documents/s22672/appx-a-nndc-treasury-report-q3-2025-26.pdf	North Norfolk	Appx A NNDC Treasury Report Q3 2025.26	normal
E07000099-north-hertfordshire-2026-03-25-finance-audit-and-risk-com-30485-uploaded-3rd-qrt-treasury-management-bud.pdf	https://democracy.north-herts.gov.uk/documents/s30485/uploaded-3rd-qrt-treasury-management-budget-monitoring-2025.pdf	North Hertfordshire	Uploaded 3rd Qrt Treasury Management Budget Monitoring 2025-26	normal
W06000011-swansea-2026-03-25-council-116697-09-1-of-3-statement-of-accounts-2024-25.pdf	https://democracy.swansea.gov.uk/documents/s116697/09-1-of-3-statement-of-accounts-2024-25.pdf	Swansea	09 (1 of 3) Statement of Accounts 2024-25	normal
W06000011-swansea-2026-03-25-council-116698-09-2-of-3-statement-of-accounts-2024-25.pdf	https://democracy.swansea.gov.uk/documents/s116698/09-2-of-3-statement-of-accounts-2024-25-for-council.pdf	Swansea	09 (2 of 3) Statement of Accounts 2024-25 for Council	normal
E07000171-bassetlaw-2026-03-24-overview-scrutiny-committe-16308-appendix-f-treasury-managment-update-q3.pdf	https://Bassetlaw.moderngov.co.uk/documents/s16308/appendix-f-treasury-managment-update-q3.pdf	Bassetlaw	Appendix F - Treasury Managment Update Q3	normal
E07000147-north-norfolk-2026-03-24-governance-risk-and-audit-22538-treasury-management-q3-report-25-26.pdf	https://modgov.north-norfolk.gov.uk/documents/s22538/treasury-management-q3-report-25-26.pdf	North Norfolk	Treasury Management Q3 Report 25.26	normal
E07000147-north-norfolk-2026-03-24-governance-risk-and-audit-22539-appx-a-nndc-treasury-report-q3-2025-26.pdf	https://modgov.north-norfolk.gov.uk/documents/s22539/appx-a-nndc-treasury-report-q3-2025-26.pdf	North Norfolk	Appx A NNDC Treasury Report Q3 2025.26	normal
E07000082-stroud-2026-03-24-audit-and-standards-commit-18207-3rd-quarter-treasury-management-activity.pdf	https://Stroud.moderngov.co.uk/documents/s18207/3rd-quarter-treasury-management-activity-report-2025-26.pdf	Stroud	3rd Quarter Treasury Management Activity Report 2025-26	normal
E07000102-three-rivers-2026-03-24-audit-committee-17639-statement-of-accounts-update-2025-26.pdf	https://moderngov.threerivers.gov.uk/documents/s17639/statement-of-accounts-update-2025-26.pdf	Three Rivers	Statement of Accounts Update 2025/26	normal
E07000172-broxtowe-2026-03-23-governance-audit-and-stand-41282-statement-of-accounts-2025-26-accounting.pdf	http://democracy.broxtowe.gov.uk/documents/s41282/statement-of-accounts-2025-26-accounting-policies.pdf	Broxtowe	Statement of Accounts 2025/26 – Accounting Policies	normal
E07000172-broxtowe-2026-03-23-governance-audit-and-stand-41283-enc-1-for-statement-of-accounts-2025-26.pdf	http://democracy.broxtowe.gov.uk/documents/s41283/enc-1-for-statement-of-accounts-2025-26-accounting-policies.pdf	Broxtowe	Enc. 1 for Statement of Accounts 2025/26 – Accounting Policies	normal
E07000172-broxtowe-2026-03-23-governance-audit-and-stand-41284-statement-of-accounts-2025-26-underlying.pdf	http://democracy.broxtowe.gov.uk/documents/s41284/statement-of-accounts-2025-26-underlying-pension-assumptions.pdf	Broxtowe	Statement of Accounts 2025/26 - Underlying Pension Assumptions	normal
E07000172-broxtowe-2026-03-23-governance-audit-and-stand-41285-enc-1-for-statement-of-accounts-2025-26.pdf	http://democracy.broxtowe.gov.uk/documents/s41285/enc-1-for-statement-of-accounts-2025-26-underlying-pension-a.pdf	Broxtowe	Enc. 1 for Statement of Accounts 2025/26 - Underlying Pension Assumptions	normal
E10000019-lincolnshire-2026-03-23-audit-committee-72749-statement-of-accounts-2025-26-accounting.pdf	https://lincolnshire.moderngov.co.uk/documents/s72749/statement-of-accounts-2025-26-accounting-policies-final.pdf	Lincolnshire	Statement of Accounts 2025 26 - Accounting Policies FINAL	normal
mg258-gwynedd-cymraeg-2026-03-20-north-wales-corporate-join-48684-treasury-management-report-coversheet-20.pdf	https://democracy.gwynedd.llyw.cymru/documents/s48684/treasury-management-report-coversheet-20-03-26.pdf	Gwynedd Cymraeg	Treasury Management Report Coversheet 20-03-26	normal
E07000170-ashfield-2026-03-19-audit-committee-36519-accounting-policies-for-2025-26-and-othe.pdf	https://democracy.ashfield.gov.uk/documents/s36519/accounting-policies-for-2025-26-and-other-statement-of-accou.pdf	Ashfield	Accounting Policies for 2025/26 and other Statement of Accounts Matters	normal
E07000170-ashfield-2026-03-19-audit-committee-36520-enc-1-for-accounting-policies-for-2025-2.pdf	https://democracy.ashfield.gov.uk/documents/s36520/enc-1-for-accounting-policies-for-2025-26-and-other-statemen.pdf	Ashfield	Enc. 1 for Accounting Policies for 2025/26 and other Statement of Accounts Matters	normal
E07000170-ashfield-2026-03-19-audit-committee-36523-pension-assumptions-for-2025-26-statemen.pdf	https://democracy.ashfield.gov.uk/documents/s36523/pension-assumptions-for-2025-26-statement-of-accounts.pdf	Ashfield	Pension Assumptions for 2025/26 Statement of Accounts	normal
E07000170-ashfield-2026-03-19-audit-committee-36524-enc-1-for-pension-assumptions-for-2025-2.pdf	https://democracy.ashfield.gov.uk/documents/s36524/enc-1-for-pension-assumptions-for-2025-26-statement-of-accou.pdf	Ashfield	Enc. 1 for Pension Assumptions for 2025/26 Statement of Accounts	normal
E07000170-ashfield-2026-03-19-audit-committee-36521-treasury-management-performance-report-q.pdf	https://democracy.ashfield.gov.uk/documents/s36521/treasury-management-performance-report-q3.pdf	Ashfield	Treasury Management Performance Report – Q3	normal
E07000170-ashfield-2026-03-19-audit-committee-36522-enc-1-for-treasury-management-performanc.pdf	https://democracy.ashfield.gov.uk/documents/s36522/enc-1-for-treasury-management-performance-report-q3.pdf	Ashfield	Enc. 1 for Treasury Management Performance Report – Q3	normal
E07000130-charnwood-2026-08-12-housing-management-advisor-22629-housing-revenue-account-hra-outturn-v1.pdf	http://charnwood.moderngov.co.uk/documents/s22629/housing-revenue-account-hra-outturn-v1.pdf	Charnwood	Housing Revenue Account HRA Outturn_v1	normal
E07000130-charnwood-2026-08-12-housing-management-advisor-22630-enc-1-for-housing-revenue-account-hra-ou.pdf	http://charnwood.moderngov.co.uk/documents/s22630/enc-1-for-housing-revenue-account-hra-outturn.pdf	Charnwood	Enc. 1 for Housing Revenue Account HRA Outturn	normal
E07000134-north-west-leicestersh-2026-08-18-coalville-special-expenses-52171-coalville-special-expenses-finance-updat.pdf	http://minutes-1.nwleics.gov.uk/documents/s52171/coalville-special-expenses-finance-update-2025-26-provisiona.pdf	North West Leicestershire	Coalville Special Expenses Finance Update - 2025/26 Provisional Outturn	normal
E07000134-north-west-leicestersh-2026-08-18-coalville-special-expenses-52172-appendix-a-provisional-outturn-2025-26.pdf	http://minutes-1.nwleics.gov.uk/documents/s52172/appendix-a-provisional-outturn-2025-26.pdf	North West Leicestershire	Appendix A - Provisional Outturn 2025-26	normal
S12000006-dumfries-and-galloway-2026-08-20-castle-douglas-common-good-77856-20-08-26-cdcg-final-outturn-and-plan-fin.pdf	http://DumfriesGalloway.moderngov.co.uk/documents/s77856/20-08-26-cdcg-final-outturn-and-plan-final-report.pdf	Dumfries and Galloway	20.08.26 CDCG Final Outturn and Plan Final report	normal
S12000006-dumfries-and-galloway-2026-08-20-castle-douglas-common-good-77857-20-08-26-cdcg-final-outturn-appendix-1.pdf	http://DumfriesGalloway.moderngov.co.uk/documents/s77857/20-08-26-cdcg-final-outturn-appendix-1.pdf	Dumfries and Galloway	20.08.26 CDCG Final Outturn Appendix 1	normal
S12000006-dumfries-and-galloway-2026-08-20-castle-douglas-common-good-77858-20-08-26-cdcg-final-outturn-appendix-2.pdf	http://DumfriesGalloway.moderngov.co.uk/documents/s77858/20-08-26-cdcg-final-outturn-appendix-2.pdf	Dumfries and Galloway	20.08.26 CDCG Final Outturn Appendix 2	normal
E06000037-west-berkshire-2026-07-28-audit-and-risk-committee-146132-5a-appendix-a-borrowing-position-31-marc.pdf	http://decisionmaking.westberks.gov.uk/documents/s146132/5a-appendix-a-borrowing-position-31-march-2026.pdf	West Berkshire	5a. Appendix A - Borrowing Position 31 March 2026	normal
E06000037-west-berkshire-2026-07-28-audit-and-risk-committee-146249-3a-draft-annual-governance-statement-202.pdf	http://decisionmaking.westberks.gov.uk/documents/s146249/3a-draft-annual-governance-statement-2025-26.pdf	West Berkshire	3a. Draft Annual Governance Statement 2025 26	normal
E07000033-bolsover-2026-07-27-executive-34197-executive-annual-corporate-debt-report-2.pdf	https://committees.bolsover.gov.uk/documents/s34197/executive-annual-corporate-debt-report-26-new-version.pdf	Bolsover	Executive annual corporate debt report 26 new version	normal
E06000049-cheshire-east-2026-07-27-audit-and-governance-commi-134911-draft-annual-governance-statement-2025-2.pdf	http://moderngov.cheshireeast.gov.uk/ecminutes/documents/s134911/draft-annual-governance-statement-2025-26-covering-report.pdf	Cheshire East	Draft Annual Governance Statement 2025-26 Covering Report	normal
E06000049-cheshire-east-2026-07-27-audit-and-governance-commi-134912-appendix-1-for-draft-annual-governance-s.pdf	http://moderngov.cheshireeast.gov.uk/ecminutes/documents/s134912/appendix-1-for-draft-annual-governance-statement-2025-26.pdf	Cheshire East	Appendix 1 for Draft Annual Governance Statement 2025-26	normal
E07000038-north-east-derbyshire-2026-07-27-audit-committee-26420-appendix-1-annual-governance-statement-2.pdf	https://ne-derbyshire.moderngov.co.uk/documents/s26420/appendix-1-annual-governance-statement-2025-26.pdf	North East Derbyshire	Appendix 1 Annual Governance Statement 2025-26	normal
E08000036-wakefield-2026-07-27-audit-committee-138232-2-annual-governance-statement-2025-26.pdf	https://mg.wakefield.gov.uk/documents/s138232/2-annual-governance-statement-2025-26.pdf	Wakefield	2 - Annual Governance Statement 2025-26	normal
E07000033-bolsover-2026-07-23-finance-and-corporate-over-34089-scrutiny-annual-corporate-debt-report-26.pdf	https://committees.bolsover.gov.uk/documents/s34089/scrutiny-annual-corporate-debt-report-26.pdf	Bolsover	Scrutiny annual corporate debt report 26	normal
E08000037-gateshead-2026-07-23-tyne-and-wear-trading-stan-49958-7-outturn-position-202526-and-first-quar.pdf	https://Gateshead.moderngov.co.uk/documents/s49958/7-outturn-position-202526-and-first-quarter-review-202627.pdf	Gateshead	7.Outturn position 202526 and first quarter review 202627	normal
E06000060-buckinghamshire-2026-07-22-bmkfa-overview-audit-commi-122403-item-9a-draft-annual-governance-statemen.pdf	https://Buckinghamshire.moderngov.co.uk/documents/s122403/item-9a-draft-annual-governance-statement-2526-300626.pdf	Buckinghamshire	ITEM 9a_DRAFT Annual Governance Statement 2526 300626	normal
E06000039-slough-2026-07-22-audit-and-corporate-govern-88864-annual-governance-statement-202526-repor.pdf	https://democracy.slough.gov.uk/documents/s88864/annual-governance-statement-202526-report.pdf	Slough	Annual Governance Statement 202526 Report	normal
E06000055-bedford-2026-07-21-audit-committee-81499-item-14-draft-annual-governance-statemen.pdf	https://councillorsupport.bedford.gov.uk/documents/s81499/item-14-draft-annual-governance-statement-2025-2026-cover.pdf	Bedford	Item 14 - Draft Annual Governance Statement 2025-2026 - cover	normal
E06000055-bedford-2026-07-21-audit-committee-81500-annual-governance-statement-2025-26-fina.pdf	https://councillorsupport.bedford.gov.uk/documents/s81500/annual-governance-statement-2025-26-final-draft-13-july-2026.pdf	Bedford	Annual Governance Statement 2025-26 - final draft 13 July 2026	normal
E10000034-worcestershire-2026-07-21-audit-and-governance-commi-61430-au-2026-07-21-debt-management.pdf	http://worcestershire.moderngov.co.uk/documents/s61430/au-2026-07-21-debt-management.pdf	Worcestershire	au 2026 07 21 Debt Management	normal
E10000034-worcestershire-2026-07-21-audit-and-governance-commi-61431-au-2026-07-21-debt-management-app-1.pdf	http://worcestershire.moderngov.co.uk/documents/s61431/au-2026-07-21-debt-management-app-1.pdf	Worcestershire	au 2026 07 21 Debt Management - App 1	normal
E06000003-redcar-and-cleveland-2026-07-20-governance-committee-11782-9-1-2026-annual-governance-statement-wor.pdf	https://RCBC.moderngov.co.uk/documents/s11782/9-1-2026-annual-governance-statement-working-draft-for-gov-c.pdf	Redcar and Cleveland	9.1 2026 Annual Governance Statement - working draft for Gov Cttee - App 1	normal
E06000033-southend-on-sea-2026-07-20-audit-governance-committee-72129-annual-governance-statement-2025-26-repo.pdf	https://democracy.southend.gov.uk/documents/s72129/annual-governance-statement-2025-26-report.pdf	Southend-on-Sea	Annual Governance Statement 2025-26 Report	normal
E06000033-southend-on-sea-2026-07-20-audit-governance-committee-72130-appendix-1-draft-annual-governance-state.pdf	https://democracy.southend.gov.uk/documents/s72130/appendix-1-draft-annual-governance-statement-2025-26.pdf	Southend-on-Sea	Appendix 1 - Draft Annual Governance Statement 2025-26	normal
E08000015-wirral-2026-07-20-health-and-wellbeing-board-50145030-better-care-fund-section-75-update-outtu.pdf	https://democracy.wirral.gov.uk/documents/s50145030/better-care-fund-section-75-update-outturn-2025-26-and-bette.pdf	Wirral	BETTER CARE FUND SECTION 75 UPDATE, OUTTURN 2025/26 AND BETTER CARE FUND PLAN 2026/27	normal
E47000004-liverpool-city-region-2026-07-17-liverpool-city-region-comb-85336-combined-authority-financial-outturn-202.pdf	https://liverpoolcityregion-ca.moderngov.co.uk/documents/s85336/combined-authority-financial-outturn-2025-26-and-2026-27-bud.pdf	Liverpool City Region	Combined Authority Financial Outturn 2025/26 and 2026/27 Budget Revisions	normal
E47000004-liverpool-city-region-2026-07-17-liverpool-city-region-comb-85377-appendix-2-2025-26-external-grant-outtur.pdf	https://liverpoolcityregion-ca.moderngov.co.uk/documents/s85377/appendix-2-2025-26-external-grant-outturn-position.pdf	Liverpool City Region	Appendix 2 - 2025-26 External Grant Outturn Position	normal
E06000043-brighton-and-hove-2026-07-16-cabinet-216428-appendix-5-corporate-debt.pdf	https://democracy.brighton-hove.gov.uk/documents/s216428/appendix-5-corporate-debt.pdf	Brighton and Hove	Appendix 5 - Corporate Debt	normal
mg234-powys-welsh-2026-07-16-bwrdd-tyfu-canolbarth-cymr-105616-260716-gmw-board-p07-1-gmw-outturn-2025.pdf	https://powys.moderngov.co.uk/documents/s105616/260716-gmw-board-p07-1-gmw-outturn-2025-26-cover-report-en.pdf	Powys Welsh	260716_GMW-Board_P07.1_GMW Outturn 2025-26_Cover_Report_EN	normal
mg234-powys-welsh-2026-07-16-bwrdd-tyfu-canolbarth-cymr-105617-260716-gmw-board-p07-2-appendix-1-gmw-ou.pdf	https://powys.moderngov.co.uk/documents/s105617/260716-gmw-board-p07-2-appendix-1-gmw-outturn-2025-26.pdf	Powys Welsh	260716_GMW-Board_P07.2_Appendix 1_GMW Outturn 2025-26	normal
E06000042-milton-keynes-2026-07-16-schools-forum-29521-item-2a-final-outturn-2025-26.pdf	https://milton-keynes.moderngov.co.uk/documents/s29521/item-2a-final-outturn-2025-26.pdf	Milton Keynes	Item 2a Final Outturn 2025-26	normal
E08000013-st-helens-2026-07-16-schools-forum-179964-dsg-outturn-25-26.pdf	https://StHelens.moderngov.co.uk/documents/s179964/dsg-outturn-25-26.pdf	St. Helens	DSG Outturn 25-26	normal
E47000002-south-yorkshire-mayora-2026-07-14-mayoral-combined-authority-21882-10-financial-outturn-2025-26-and-q1-budg.pdf	https://southyorkshire-ca.moderngov.co.uk/documents/s21882/10-financial-outturn-2025-26-and-q1-budget-2026-27.pdf	South Yorkshire Mayoral Combined Authority	10. Financial Outturn 2025-26 and Q1 Budget 2026-27	normal
E47000002-south-yorkshire-mayora-2026-07-14-mayoral-combined-authority-21883-10-i-appendix-a-outturn-detail.pdf	https://southyorkshire-ca.moderngov.co.uk/documents/s21883/10-i-appendix-a-outturn-detail.pdf	South Yorkshire Mayoral Combined Authority	10.i. Appendix A Outturn Detail	normal
E47000002-south-yorkshire-mayora-2026-07-14-mayoral-combined-authority-21885-10-iii-appendix-c-syftl-outturn.pdf	https://southyorkshire-ca.moderngov.co.uk/documents/s21885/10-iii-appendix-c-syftl-outturn.pdf	South Yorkshire Mayoral Combined Authority	10.iii. Appendix C SYFTL Outturn	normal
E47000002-south-yorkshire-mayora-2026-07-14-mayoral-combined-authority-21886-10-iv-appendix-d-policing-and-reform-out.pdf	https://southyorkshire-ca.moderngov.co.uk/documents/s21886/10-iv-appendix-d-policing-and-reform-outturn.pdf	South Yorkshire Mayoral Combined Authority	10.iv. Appendix D Policing and Reform Outturn	normal
E47000002-south-yorkshire-mayora-2026-07-14-mayoral-combined-authority-21887-10-v-appendix-e-treasury-outturn-report.pdf	https://southyorkshire-ca.moderngov.co.uk/documents/s21887/10-v-appendix-e-treasury-outturn-report-2025-26.pdf	South Yorkshire Mayoral Combined Authority	10.v. Appendix E - Treasury Outturn Report 2025-26	normal
mg362-mid-and-west-wales-fir-2026-07-13-resource-management-commit-7721-budget-outturn-for-the-financial-year-20.pdf	https://midwestwalesfire.moderngov.co.uk/documents/s7721/budget-outturn-for-the-financial-year-2025-26-report.pdf	Mid and West Wales Fire	Budget Outturn for the financial year 2025_26 Report	normal
E10000025-oxfordshire-2026-07-13-thames-valley-fire-control-82936-copy-of-appendix-a-outturn-statement-qtr.pdf	https://mycouncil.oxfordshire.gov.uk/documents/s82936/copy-of-appendix-a-outturn-statement-qtr-4-2025-26-final-inc.pdf	Oxfordshire	Copy of Appendix A - Outturn Statement Qtr 4 2025-26 final including commentary	normal
mg213-peak-district-2026-07-10-national-park-authority-63837-financial-outturn-2025-26-final.pdf	https://PeakDistrict.moderngov.co.uk/documents/s63837/financial-outturn-2025-26-final.pdf	Peak District	Financial outturn 2025-26 final	normal
mg213-peak-district-2026-07-10-national-park-authority-63838-appendix-a-revenue-outturn-2025-26.pdf	https://PeakDistrict.moderngov.co.uk/documents/s63838/appendix-a-revenue-outturn-2025-26.pdf	Peak District	Appendix A-Revenue Outturn 2025-26	normal
mg213-peak-district-2026-07-10-national-park-authority-63840-appendix-c-capital-outturn-2025-26.pdf	https://PeakDistrict.moderngov.co.uk/documents/s63840/appendix-c-capital-outturn-2025-26.pdf	Peak District	Appendix C Capital Outturn 2025-26	normal
E09000031-waltham-forest-2026-07-09-budget-performance-and-coo-109766-capital-and-revenue-outturn-2025-26.pdf	https://democracy.walthamforest.gov.uk/documents/s109766/capital-and-revenue-outturn-2025-26.pdf	Waltham Forest	Capital and Revenue Outturn 2025-26	normal
E09000031-waltham-forest-2026-07-09-budget-performance-and-coo-109767-appendix-a-cabinet-report-revenue-capita.pdf	https://democracy.walthamforest.gov.uk/documents/s109767/appendix-a-cabinet-report-revenue-capital-outturn-2025-26.pdf	Waltham Forest	Appendix A - Cabinet Report - Revenue & Capital Outturn 2025-26	normal
E09000031-waltham-forest-2026-07-09-budget-performance-and-coo-109768-appendix-1-2025-26-revenue-outturn-servi.pdf	https://democracy.walthamforest.gov.uk/documents/s109768/appendix-1-2025-26-revenue-outturn-service-narrative.pdf	Waltham Forest	Appendix 1 - 2025-26 Revenue Outturn Service Narrative	normal
E09000031-waltham-forest-2026-07-09-budget-performance-and-coo-109769-appendix-2-2025-26-capital-outturn-narra.pdf	https://democracy.walthamforest.gov.uk/documents/s109769/appendix-2-2025-26-capital-outturn-narrative.pdf	Waltham Forest	Appendix 2 - 2025-26 Capital Outturn Narrative	normal
E09000031-waltham-forest-2026-07-09-budget-performance-and-coo-109771-appendix-4-2025-26-capital-outturn-movem.pdf	https://democracy.walthamforest.gov.uk/documents/s109771/appendix-4-2025-26-capital-outturn-movements.pdf	Waltham Forest	Appendix 4 - 2025-26 Capital Outturn Movements	normal
E09000031-waltham-forest-2026-07-09-budget-performance-and-coo-109772-appendix-5-eqia-screen-template-outturn.pdf	https://democracy.walthamforest.gov.uk/documents/s109772/appendix-5-eqia-screen-template-outturn-2025-26.pdf	Waltham Forest	Appendix 5 - EqIA-screen-template-Outturn 2025-26	normal
E10000028-staffordshire-2026-07-09-schools-forum-208325-8-schools-budget-final-outturn-2025-26-f.pdf	https://Staffordshire.moderngov.co.uk/documents/s208325/8-schools-budget-final-outturn-2025-26-final.pdf	Staffordshire	8. Schools Budget - Final Outturn 2025-26 Final	normal
E07000012-south-cambridgeshire-2026-07-09-audit-and-corporate-govern-143624-committee-report-annual-governance-state.pdf	https://scambs.moderngov.co.uk/documents/s143624/committee-report-annual-governance-statement.pdf	South Cambridgeshire	Committee Report - Annual Governance Statement	normal
E07000012-south-cambridgeshire-2026-07-09-audit-and-corporate-govern-143625-2025-2026-annual-governance-statement.pdf	https://scambs.moderngov.co.uk/documents/s143625/2025-2026-annual-governance-statement.pdf	South Cambridgeshire	2025-2026 Annual Governance Statement	normal
E07000130-charnwood-2026-07-08-housing-management-advisor-22452-housing-revenue-account-hra-outturn.pdf	http://charnwood.moderngov.co.uk/documents/s22452/housing-revenue-account-hra-outturn.pdf	Charnwood	Housing Revenue Account (HRA) Outturn	normal
E07000130-charnwood-2026-07-08-housing-management-advisor-22453-enc-1-for-housing-revenue-account-hra-ou.pdf	http://charnwood.moderngov.co.uk/documents/s22453/enc-1-for-housing-revenue-account-hra-outturn.pdf	Charnwood	Enc. 1 for Housing Revenue Account (HRA) Outturn	normal
mg57-greenwich-2026-07-08-schools-forum-20115-2025-26-dedicated-schools-grant-dsg-outt.pdf	https://committees.royalgreenwich.gov.uk/documents/s20115/2025-26-dedicated-schools-grant-dsg-outturn-position.pdf	Greenwich	2025-26 Dedicated Schools Grant (DSG) Outturn Position	normal
E09000023-lewisham-2026-07-07-public-accounts-select-com-151928-5-pasc-202526-financial-outturn-report.pdf	https://Lewisham.moderngov.co.uk/documents/s151928/5-pasc-202526-financial-outturn-report.pdf	Lewisham	5. PASC 202526 Financial Outturn Report	normal
E09000023-lewisham-2026-07-07-public-accounts-select-com-151929-5a-financial-monitoring-2025-26-outturn.pdf	https://Lewisham.moderngov.co.uk/documents/s151929/5a-financial-monitoring-2025-26-outturn-report.pdf	Lewisham	5a. Financial Monitoring 2025-26 Outturn REPORT	normal
E09000023-lewisham-2026-07-07-public-accounts-select-com-151930-5b-financial-monitoring-2025-26-outturn.pdf	https://Lewisham.moderngov.co.uk/documents/s151930/5b-financial-monitoring-2025-26-outturn-appendix-a-period-12.pdf	Lewisham	5b. Financial Monitoring 2025-26 Outturn - Appendix A - Period 12final	normal
E09000023-lewisham-2026-07-07-public-accounts-select-com-151931-5c-financial-monitoring-2025-26-outturn.pdf	https://Lewisham.moderngov.co.uk/documents/s151931/5c-financial-monitoring-2025-26-outturn-appendix-b-draft-lbl.pdf	Lewisham	5c. Financial Monitoring 2025-26 Outturn - Appendix B - DRAFT LBL CPD Analysis - 2025-26 Q4 v3 20.05.26	normal
E06000062-west-northamptonshire-2026-07-07-west-northamptonshire-scho-29168-dsg-provisional-outturn-including-carry.pdf	https://WestNorthants.moderngov.co.uk/documents/s29168/dsg-provisional-outturn-including-carry-forward-requests-and.pdf	West Northamptonshire	DSG Provisional Outturn including carry forward requests and school balances	normal
E07000224-arun-2026-07-06-housing-and-wellbeing-comm-25110-09-0-hra-draft-outturn-2025-26-2026-27-f.pdf	https://democracy.arun.gov.uk/documents/s25110/09-0-hra-draft-outturn-2025-26-2026-27-forecast.pdf	Arun	09.0 HRA Draft Outturn 2025/26 & 2026/27 Forecast	normal
E08000028-sandwell-2026-07-06-schools-forum-34876-report-dsg-outturn-2025-26.pdf	https://Sandwell.moderngov.co.uk/documents/s34876/report-dsg-outturn-2025-26.pdf	Sandwell	Report - DSG Outturn 2025-26	normal
E08000001-bolton-2026-07-03-schools-forum-15774-dsg-financial-monitoring-2025-26-outturn.pdf	https://Bolton.moderngov.co.uk/documents/s15774/dsg-financial-monitoring-2025-26-outturn.pdf	Bolton	DSG Financial Monitoring - 2025-26 Outturn	normal
E07000062-hastings-2026-07-02-audit-committee-59417-hbc-annual-governance-statement-2026-27.pdf	http://hastings.moderngov.co.uk/documents/s59417/hbc-annual-governance-statement-2026-27.pdf	Hastings	HBC Annual Governance Statement 2026-27	normal
E09000014-haringey-2026-07-02-haringey-schools-forum-158320-item-11-dsg-2025-26-outturn-and-finance.pdf	http://www.minutes.haringey.gov.uk/documents/s158320/item-11-dsg-2025-26-outturn-and-finance-update.pdf	Haringey	Item 11 - DSG 2025-26 Outturn and Finance Update	normal
E10000032-west-sussex-2026-07-02-sussex-police-and-crime-pa-60630-item-8-pcp-cover-report-for-pcc-s-annual.pdf	https://westsussex.moderngov.co.uk/documents/s60630/item-8-pcp-cover-report-for-pcc-s-annual-report-and-financia.pdf	West Sussex	Item_8_-_PCP_Cover_Report_for_PCC's_Annual_Report_and_Financial_Outturn_Report_2025-26	normal
E10000032-west-sussex-2026-07-02-sussex-police-and-crime-pa-60631-item-8-ospcc-annual-report-financial-out.pdf	https://westsussex.moderngov.co.uk/documents/s60631/item-8-ospcc-annual-report-financial-outturn-repor-2025-26-c.pdf	West Sussex	Item_8_OSPCC_Annual_Report_Financial_Outturn_Repor_ 2025_-_26_-_Covering_Report	normal
E10000032-west-sussex-2026-07-02-sussex-police-and-crime-pa-60632-item-8-ospcc-annual-report-financial-out.pdf	https://westsussex.moderngov.co.uk/documents/s60632/item-8-ospcc-annual-report-financial-outturn-report-2025-26.pdf	West Sussex	Item_8_OSPCC_Annual_Report_Financial_Outturn_Report_2025-26_-_v.21	normal
mg473-avon-fire-and-rescue-2026-07-01-avon-fire-authority-5635-2025-26-revenue-budget-final-outturn-pos.pdf	https://AvonFire.moderngov.co.uk/documents/s5635/2025-26-revenue-budget-final-outturn-position.pdf	Avon Fire and Rescue	2025/26 Revenue Budget Final Outturn Position	normal
mg473-avon-fire-and-rescue-2026-07-01-avon-fire-authority-5637-2025-26-capital-programme-final-outturn.pdf	https://AvonFire.moderngov.co.uk/documents/s5637/2025-26-capital-programme-final-outturn-position.pdf	Avon Fire and Rescue	2025/26 Capital Programme Final Outturn Position	normal
mg473-avon-fire-and-rescue-2026-07-01-avon-fire-authority-5638-appendix-1-202526-capital-programme-full.pdf	https://AvonFire.moderngov.co.uk/documents/s5638/appendix-1-202526-capital-programme-full-year-outturn.pdf	Avon Fire and Rescue	Appendix 1 202526 Capital Programme - Full Year Outturn	normal
E09000009-ealing-2026-07-01-ealing-schools-forum-26117-appendix-1-outturn-balances-for-ealing-s.pdf	https://Ealing.moderngov.co.uk/documents/s26117/appendix-1-outturn-balances-for-ealing-schools-excl-academie.pdf	Ealing	Appendix 1 Outturn Balances for Ealing Schools Excl Academies 2025-26 Provisional	normal
S12000006-dumfries-and-galloway-2026-07-01-stranraer-common-good-fund-77648-20260701-scg-final-outturn-25-26-and-fin.pdf	http://DumfriesGalloway.moderngov.co.uk/documents/s77648/20260701-scg-final-outturn-25-26-and-financial-plan-for-2025.pdf	Dumfries and Galloway	20260701 SCG Final Outturn 25 - 26 and Financial Plan for 2025-26 - Final Report	normal
S12000006-dumfries-and-galloway-2026-07-01-stranraer-common-good-fund-77649-20260701-scg-final-outturn-25-26-and-fin.pdf	http://DumfriesGalloway.moderngov.co.uk/documents/s77649/20260701-scg-final-outturn-25-26-and-financial-plan-for-2025.pdf	Dumfries and Galloway	20260701 SCG Final Outturn 25 - 26 and Financial Plan for 2025-26 - App 1	normal
S12000006-dumfries-and-galloway-2026-07-01-stranraer-common-good-fund-77650-20260701-scg-final-outturn-25-26-and-fin.pdf	http://DumfriesGalloway.moderngov.co.uk/documents/s77650/20260701-scg-final-outturn-25-26-and-financial-plan-for-2025.pdf	Dumfries and Galloway	20260701 SCG Final Outturn 25 - 26 and Financial Plan for 2025-26 - App 2	normal
E07000177-cherwell-2026-06-30-budget-planning-committee-63624-finance-outturn-report-25-26.pdf	https://modgov.cherwell.gov.uk/documents/s63624/finance-outturn-report-25-26.pdf	Cherwell	Finance Outturn Report 25-26	normal
S12000006-dumfries-and-galloway-2026-06-30-education-skills-and-commu-77443-education-skills-community-wellbeing-rev.pdf	http://DumfriesGalloway.moderngov.co.uk/documents/s77443/education-skills-community-wellbeing-revenue-budget-outturn.pdf	Dumfries and Galloway	Education, Skills & Community Wellbeing Revenue Budget Outturn 202526 Report	normal
S12000006-dumfries-and-galloway-2026-06-30-education-skills-and-commu-77444-education-skills-community-wellbeing-rev.pdf	http://DumfriesGalloway.moderngov.co.uk/documents/s77444/education-skills-community-wellbeing-revenue-budget-outturn.pdf	Dumfries and Galloway	Education Skills Community Wellbeing Revenue Budget Outturn 202526 Appendix 1	normal
S12000006-dumfries-and-galloway-2026-06-30-education-skills-and-commu-77445-education-skills-community-wellbeing-rev.pdf	http://DumfriesGalloway.moderngov.co.uk/documents/s77445/education-skills-community-wellbeing-revenue-budget-outturn.pdf	Dumfries and Galloway	Education Skills Community Wellbeing Revenue Budget Outturn 202526 Appendix 2	normal
S12000006-dumfries-and-galloway-2026-06-30-education-skills-and-commu-77446-education-skills-community-wellbeing-rev.pdf	http://DumfriesGalloway.moderngov.co.uk/documents/s77446/education-skills-community-wellbeing-revenue-budget-outturn.pdf	Dumfries and Galloway	Education Skills Community Wellbeing Revenue Budget Outturn 202526 Appendix 3	normal
E09000013-hammersmith-and-fulham-2026-06-30-schools-forum-135169-item-3-2025-26-dedicated-schools-grant-o.pdf	https://democracy.lbhf.gov.uk/documents/s135169/item-3-2025-26-dedicated-schools-grant-outturn.pdf	Hammersmith and Fulham	Item 3 2025-26 Dedicated Schools Grant Outturn	normal
E09000013-hammersmith-and-fulham-2026-06-30-schools-forum-135561-appendix-1-hnb-outturn-analysis-by-categ.pdf	https://democracy.lbhf.gov.uk/documents/s135561/appendix-1-hnb-outturn-analysis-by-category.pdf	Hammersmith and Fulham	Appendix 1 - HNB outturn analysis by category	normal
E07000098-hertsmere-2026-06-30-audit-committee-72883-annual-governance-statement-2025-26-cove.pdf	https://Hertsmere.moderngov.co.uk/documents/s72883/annual-governance-statement-2025-26-cover-report-sias-f-bc.pdf	Hertsmere	Annual Governance Statement 2025-26 cover report-SIAS,F&BC	normal
E06000017-rutland-2026-06-30-audit-and-risk-committee-32777-report-no-73-2026-annual-governance-stat.pdf	https://RutlandCounty.moderngov.co.uk/documents/s32777/report-no-73-2026-annual-governance-statement-2025-26.pdf	Rutland	Report No.73.2026 - Annual Governance Statement 2025-26	normal
E08000005-rochdale-2026-06-30-schools-forum-123137-5-cssb-de-del-growth-outturn-2025-26.pdf	https://Rochdale.moderngov.co.uk/documents/s123137/5-cssb-de-del-growth-outturn-2025-26.pdf	Rochdale	5. CSSB, De-del, Growth Outturn 2025-26	normal
E08000005-rochdale-2026-06-30-schools-forum-123059-6-schools-final-outturns-and-reportable.pdf	https://Rochdale.moderngov.co.uk/documents/s123059/6-schools-final-outturns-and-reportable-surplus-25-26.pdf	Rochdale	6 Schools Final Outturns and Reportable Surplus 25-26	normal
E08000005-rochdale-2026-06-30-schools-forum-123061-8-high-needs-outturn-2025-6.pdf	https://Rochdale.moderngov.co.uk/documents/s123061/8-high-needs-outturn-2025-6.pdf	Rochdale	8. High Needs Outturn 2025-6	normal
E07000215-tandridge-2026-06-30-housing-committee-19613-202526-budget-outturn-housing-committee.pdf	https://Tandridge.moderngov.co.uk/documents/s19613/202526-budget-outturn-housing-committee-v3.pdf	Tandridge	202526 Budget Outturn - Housing Committee_v3	normal
E07000215-tandridge-2026-06-30-housing-committee-19614-appendix-a-202526-budget-outturn-housing.pdf	https://Tandridge.moderngov.co.uk/documents/s19614/appendix-a-202526-budget-outturn-housing-committee.pdf	Tandridge	Appendix A 202526 Budget Outturn - Housing Committee	normal
E06000034-thurrock-2026-06-30-audit-committee-53075-annual-governance-statement-2025-2026-co.pdf	https://democracy.thurrock.gov.uk/documents/s53075/annual-governance-statement-2025-2026-cover-report.pdf	Thurrock	Annual Governance Statement 2025-2026 cover report	normal
E06000034-thurrock-2026-06-30-audit-committee-53080-thurrock-council-s-draft-2025-26-annual.pdf	https://democracy.thurrock.gov.uk/documents/s53080/thurrock-council-s-draft-2025-26-annual-governance-statement.pdf	Thurrock	Thurrock Council's DRAFT 2025-26 Annual Governance Statement	normal
S12000006-dumfries-and-galloway-2026-06-26-south-west-of-scotland-tra-77570-swestrans-revenue-outturn-2526-final-rep.pdf	http://DumfriesGalloway.moderngov.co.uk/documents/s77570/swestrans-revenue-outturn-2526-final-report.pdf	Dumfries and Galloway	SWestrans Revenue Outturn 2526 Final report	normal
S12000006-dumfries-and-galloway-2026-06-26-south-west-of-scotland-tra-77583-swestrans-capital-programme-outturn-and.pdf	http://DumfriesGalloway.moderngov.co.uk/documents/s77583/swestrans-capital-programme-outturn-and-update-report.pdf	Dumfries and Galloway	SWESTRANS CAPITAL PROGRAMME OUTTURN AND UPDATE REPORT	normal
E10000018-leicestershire-2026-06-26-corporate-governance-commi-197017-cover-report-provisional-draft-annual-go.pdf	https://democracy.leics.gov.uk/documents/s197017/cover-report-provisional-draft-annual-governance-statement-2.pdf	Leicestershire	Cover report - Provisional Draft Annual Governance Statement 2025-26	normal
E10000018-leicestershire-2026-06-26-corporate-governance-commi-197018-appendix-a-provisional-draft-annual-gove.pdf	https://democracy.leics.gov.uk/documents/s197018/appendix-a-provisional-draft-annual-governance-statement-202.pdf	Leicestershire	Appendix A - Provisional Draft Annual Governance Statement 2025-26	normal
E10000028-staffordshire-2026-06-26-pensions-committee-208115-7-agenda-item-7-26-june-2026-business-pl.pdf	https://Staffordshire.moderngov.co.uk/documents/s208115/7-agenda-item-7-26-june-2026-business-plan-outturn-report-20.pdf	Staffordshire	7. Agenda Item 7 (26 June 2026) Business Plan Outturn Report 2025-2026	normal
mg19-bromsgrove-2026-06-25-worcestershire-regulatory-67678-06-budget-monitoring-outturn-2025-26.pdf	https://moderngovwebpublic.bromsgrove.gov.uk/documents/s67678/06-budget-monitoring-outturn-2025-26.pdf	Bromsgrove	06 - Budget Monitoring Outturn 2025- 26	normal
E10000013-gloucestershire-2026-06-25-gloucestershire-schools-fo-118430-sf25jun26-2025-26-outturn-and-schools-ba.pdf	https://Gloucestershire.moderngov.co.uk/documents/s118430/sf25jun26-2025-26-outturn-and-schools-balances-16-june-26.pdf	Gloucestershire	SF25Jun26 2025-26 Outturn and Schools Balances 16 June 26	normal
E10000031-warwickshire-2026-06-25-schools-forum-50442-4-dsg-outturn-2025-26.pdf	https://democracy.warwickshire.gov.uk/documents/s50442/4-dsg-outturn-2025-26.pdf	Warwickshire	4. DSG Outturn 2025-26	normal
E10000031-warwickshire-2026-06-25-schools-forum-50023-4-dsg-outturn-2025-26-1.pdf	https://democracy.warwickshire.gov.uk/documents/s50023/4-dsg-outturn-2025-26-1.pdf	Warwickshire	4._DSG_Outturn_2025-26[1]	normal
E47000003-west-yorkshire-2026-06-25-combined-authority-board-44696-item-17-year-end-outturn-finance-report.pdf	http://westyorkshire.moderngov.co.uk/documents/s44696/item-17-year-end-outturn-finance-report.pdf	West Yorkshire	Item 17 - Year End Outturn Finance Report	normal
E08000031-wolverhampton-2026-06-25-schools-forum-325276-dsg-outturn-2025-2026.pdf	https://wolverhampton.moderngov.co.uk/documents/s325276/dsg-outturn-2025-2026.pdf	Wolverhampton	DSG Outturn 2025-2026	normal
mg292-cheshire-fire-authorit-2026-06-24-cheshire-fire-authority-18426-item-2-qtr-4-outturn-2025-26-final.pdf	https://authority.cheshirefire.gov.uk/documents/s18426/item-2-qtr-4-outturn-2025-26-final.pdf	Cheshire Fire Authority	Item 2 - Qtr 4 outturn 2025-26- FINAL	normal
E07000034-chesterfield-2026-06-24-standards-and-audit-commit-56674-appendix-2-annual-governance-statement-2.pdf	https://chesterfield.moderngov.co.uk/documents/s56674/appendix-2-annual-governance-statement-25-26.pdf	Chesterfield	Appendix 2 Annual Governance Statement 25.26	normal
E09000023-lewisham-2026-06-24-schools-forum-151807-dsg-2025-26-outturn-including-draft-scho.pdf	https://Lewisham.moderngov.co.uk/documents/s151807/dsg-2025-26-outturn-including-draft-schools-balances-positio.pdf	Lewisham	DSG 2025/26 Outturn (Including Draft Schools Balances Position) and 2026/27 Funding Update	normal
E10000016-kent-2026-06-23-pension-fund-committee-137549-09-a-appendix-one-budget-outturn-25-26.pdf	https://democracy.kent.gov.uk/documents/s137549/09-a-appendix-one-budget-outturn-25-26.pdf	Kent	09(a) - Appendix One -Budget Outturn 25-26	normal
E09000024-merton-2026-06-23-merton-and-sutton-joint-ce-59122-msjc-outturn-2025-26-and-revised-budget.pdf	https://democracy.merton.gov.uk/documents/s59122/msjc-outturn-2025-26-and-revised-budget-2026-27-allappendice.pdf	Merton	MSJC Outturn 2025-26 and Revised Budget 2026-27 AllAppendices	normal
E09000015-harrow-2026-06-23-west-london-waste-authorit-200405-2025-26-statement-of-accounts-update-dra.pdf	https://moderngov.harrow.gov.uk/documents/s200405/2025-26-statement-of-accounts-update-draft-outturn.pdf	Harrow	2025-26 Statement of Accounts update & Draft Outturn	normal
E10000028-staffordshire-2026-06-23-staffordshire-and-stoke-on-207952-joint-archive-service-2025-26-final-outt.pdf	https://Staffordshire.moderngov.co.uk/documents/s207952/joint-archive-service-2025-26-final-outturn-2026-27-forecast.pdf	Staffordshire	Joint Archive Service – 2025-26 Final Outturn & 2026-27 Forecast Outturn	normal
E10000028-staffordshire-2026-06-23-staffordshire-and-stoke-on-207953-appendix-1-joint-archive-service-2025-26.pdf	https://Staffordshire.moderngov.co.uk/documents/s207953/appendix-1-joint-archive-service-2025-26-final-outturn-2026.pdf	Staffordshire	Appendix 1- Joint Archive Service – 2025-26 Final Outturn & 2026-27 Forecast Outturn	normal
E10000028-staffordshire-2026-06-23-staffordshire-and-stoke-on-207954-appendix-2-joint-archive-service-2025-26.pdf	https://Staffordshire.moderngov.co.uk/documents/s207954/appendix-2-joint-archive-service-2025-26-final-outturn-2026.pdf	Staffordshire	Appendix 2 - Joint Archive Service – 2025-26 Final Outturn & 2026-27 Forecast Outturn	normal
E10000028-staffordshire-2026-06-23-staffordshire-and-stoke-on-207955-appendix-3-joint-archive-service-2025-26.pdf	https://Staffordshire.moderngov.co.uk/documents/s207955/appendix-3-joint-archive-service-2025-26-final-outturn-2026.pdf	Staffordshire	Appendix 3 - Joint Archive Service – 2025-26 Final Outturn & 2026-27 Forecast Outturn	normal
mg476-south-yorkshire-jagu-2026-06-22-south-yorkshire-police-and-9234-item-12-202526-outturn-report-for-the-so.pdf	https://SYJAGU.moderngov.co.uk/documents/s9234/item-12-202526-outturn-report-for-the-south-yorkshire-police.pdf	South Yorkshire JAGU	Item 12 - 202526 Outturn Report for the South Yorkshire Police Fund	normal
E07000103-watford-2026-06-22-west-herts-crematorium-joi-54177-appendix-a-final-outturn-report-2025-26.pdf	https://watford.moderngov.co.uk/documents/s54177/appendix-a-final-outturn-report-2025-26.pdf	Watford	Appendix A - Final Outturn Report 2025-26	normal
S12000026-the-scottish-borders-2026-06-18-pension-fund-committee-and-98586-item-no-13-budget-outturn-2025-26-report.pdf	https://scottishborders.moderngov.co.uk/documents/s98586/item-no-13-budget-outturn-2025-26-report.pdf	The Scottish Borders	Item No. 13 - Budget outturn 2025-26-report	normal
E08000015-wirral-2026-06-18-tourism-communities-cultur-50143821-tccl-2025-26-budget-monitoring-outturn-2.pdf	https://democracy.wirral.gov.uk/documents/s50143821/tccl-2025-26-budget-monitoring-outturn-2.pdf	Wirral	TCCL 2025-26 Budget Monitoring Outturn (2)	normal
E09000005-brent-2026-06-17-schools-forum-157768-dsg-final-outturn-2025-2026.pdf	http://democracy.brent.gov.uk/documents/s157768/dsg-final-outturn-2025-2026.pdf	Brent	DSG Final Outturn 2025-2026	normal
E09000005-brent-2026-06-17-schools-forum-157769-appendix-a-dsg-outturn-2025-26.pdf	http://democracy.brent.gov.uk/documents/s157769/appendix-a-dsg-outturn-2025-26.pdf	Brent	Appendix A - DSG Outturn 2025-26	normal
E08000015-wirral-2026-06-17-children-young-people-and-50142906-2025-26-financial-outturn.pdf	https://democracy.wirral.gov.uk/documents/s50142906/2025-26-financial-outturn.pdf	Wirral	2025/26 Financial Outturn	normal
E07000034-chesterfield-2026-06-16-cabinet-56550-appendix-2-annual-governance-statement-2.pdf	https://chesterfield.moderngov.co.uk/documents/s56550/appendix-2-annual-governance-statement-25-26.pdf	Chesterfield	Appendix 2 Annual Governance Statement 25.26	normal
S12000006-dumfries-and-galloway-2026-06-16-enabling-and-customer-serv-77037-ecs-revenue-budget-monitoring-outturn-25.pdf	http://DumfriesGalloway.moderngov.co.uk/documents/s77037/ecs-revenue-budget-monitoring-outturn-25-26.pdf	Dumfries and Galloway	ECS Revenue Budget Monitoring Outturn 25-26	normal
S12000006-dumfries-and-galloway-2026-06-16-enabling-and-customer-serv-77038-ecs-revenue-budget-monitoring-outturn-25.pdf	http://DumfriesGalloway.moderngov.co.uk/documents/s77038/ecs-revenue-budget-monitoring-outturn-25-26-appendix-1.pdf	Dumfries and Galloway	ECS Revenue Budget Monitoring Outturn 25-26 - Appendix 1	normal
S12000006-dumfries-and-galloway-2026-06-16-enabling-and-customer-serv-77039-ecs-revenue-budget-monitoring-outturn-25.pdf	http://DumfriesGalloway.moderngov.co.uk/documents/s77039/ecs-revenue-budget-monitoring-outturn-25-26-appendix-2.pdf	Dumfries and Galloway	ECS Revenue Budget Monitoring Outturn 25-26 - Appendix 2	normal
S12000006-dumfries-and-galloway-2026-06-16-enabling-and-customer-serv-77040-ecs-revenue-budget-monitoring-outturn-25.pdf	http://DumfriesGalloway.moderngov.co.uk/documents/s77040/ecs-revenue-budget-monitoring-outturn-25-26-appendix-3.pdf	Dumfries and Galloway	ECS Revenue Budget Monitoring Outturn 25-26 - Appendix 3	normal
S12000006-dumfries-and-galloway-2026-06-16-enabling-and-customer-serv-77130-cis-final-outturn.pdf	http://DumfriesGalloway.moderngov.co.uk/documents/s77130/cis-final-outturn.pdf	Dumfries and Galloway	CIS Final Outturn	normal
S12000006-dumfries-and-galloway-2026-06-16-enabling-and-customer-serv-77028-cis-final-outturn-appendix-1.pdf	http://DumfriesGalloway.moderngov.co.uk/documents/s77028/cis-final-outturn-appendix-1.pdf	Dumfries and Galloway	CIS Final Outturn - Appendix 1	normal
S12000006-dumfries-and-galloway-2026-06-16-enabling-and-customer-serv-77041-cis-final-outturn-appendix-2.pdf	http://DumfriesGalloway.moderngov.co.uk/documents/s77041/cis-final-outturn-appendix-2.pdf	Dumfries and Galloway	CIS Final Outturn - Appendix 2	normal
S12000006-dumfries-and-galloway-2026-06-16-enabling-and-customer-serv-77030-cis-final-outturn-appendix-3.pdf	http://DumfriesGalloway.moderngov.co.uk/documents/s77030/cis-final-outturn-appendix-3.pdf	Dumfries and Galloway	CIS Final Outturn - Appendix 3	normal
mg424-north-lincolnshire-2026-06-16-schools-forum-27893-dedicated-schools-grant-2025-26-outturn.pdf	https://northlincolnshire.moderngov.co.uk/documents/s27893/dedicated-schools-grant-2025-26-outturn.pdf	North Lincolnshire	Dedicated Schools Grant 2025-26 Outturn	normal
mg424-north-lincolnshire-2026-06-16-schools-forum-27904-dsg-outturn-2025-26-appendix-1-2.pdf	https://northlincolnshire.moderngov.co.uk/documents/s27904/dsg-outturn-2025-26-appendix-1-2.pdf	North Lincolnshire	DSG Outturn 2025-26 Appendix 1 (2)	normal
mg424-north-lincolnshire-2026-06-16-schools-forum-27895-schools-outturn-financial-year-2025-26.pdf	https://northlincolnshire.moderngov.co.uk/documents/s27895/schools-outturn-financial-year-2025-26.pdf	North Lincolnshire	Schools Outturn Financial Year 2025-26	normal
E47000002-south-yorkshire-mayora-2026-06-16-mayoral-combined-authority-21546-13-capital-investment-programme-2025-26.pdf	https://southyorkshire-ca.moderngov.co.uk/documents/s21546/13-capital-investment-programme-2025-26-outturn-report.pdf	South Yorkshire Mayoral Combined Authority	13. Capital Investment Programme 2025-26 Outturn Report	normal
E08000015-wirral-2026-06-16-economy-regeneration-housi-50142633-2025-26-revenue-capital-outturn.pdf	https://democracy.wirral.gov.uk/documents/s50142633/2025-26-revenue-capital-outturn.pdf	Wirral	2025/26 REVENUE & CAPITAL OUTTURN	normal
E08000015-wirral-2026-06-16-wirral-early-years-and-sch-50143703-7-schools-forum-2025-26-outturn-report-j.pdf	https://democracy.wirral.gov.uk/documents/s50143703/7-schools-forum-2025-26-outturn-report-jun-26.pdf	Wirral	7. Schools Forum 2025-26 Outturn Report Jun 26	normal
E09000004-bexley-2026-06-15-bexley-schools-forum-124889-5-schools-budget-2025-26-outturn.pdf	https://democracy.bexley.gov.uk/documents/s124889/5-schools-budget-2025-26-outturn.pdf	Bexley	5 - Schools budget 2025-26 outturn	normal
E06000033-southend-on-sea-2026-06-15-cabinet-71660-debt-management-position-to-31st-march-2.pdf	https://democracy.southend.gov.uk/documents/s71660/debt-management-position-to-31st-march-2026.pdf	Southend-on-Sea	Debt Management - Position to 31st March 2026	normal
E06000027-torbay-2026-06-15-harbour-committee-171087-harbours-outturn-2025-26.pdf	http://www.torbay.gov.uk/DemocraticServices/documents/s171087/harbours-outturn-2025-26.pdf	Torbay	Harbours Outturn 2025-26	normal
E08000015-wirral-2026-06-15-environment-climate-emerge-50143549-ecet-2025-26-budget-monitoring-outturn.pdf	https://democracy.wirral.gov.uk/documents/s50143549/ecet-2025-26-budget-monitoring-outturn.pdf	Wirral	ECET 2025-26 Budget Monitoring Outturn	normal
E08000018-rotherham-2026-06-12-rotherham-schools-forum-158731-item-7-schools-budget-25-26-outturn-26-2.pdf	https://moderngov.rotherham.gov.uk/documents/s158731/item-7-schools-budget-25-26-outturn-26-27-budget-update.pdf	Rotherham	Item 7 - Schools Budget - 25-26 outturn 26-27 budget update	normal
E06000064-westmorland-and-furnes-2026-06-12-audit-committee-44435-ac-3-draft-annual-governance-statement-l.pdf	https://WestmorlandandFurness.moderngov.co.uk/documents/s44435/ac-3-draft-annual-governance-statement-linda-anthony.pdf	Westmorland and Furness	AC - 3. Draft Annual Governance Statement – Linda/Anthony	normal
E06000064-westmorland-and-furnes-2026-06-12-audit-committee-44436-appendix-1-draft-annual-governance-state.pdf	https://WestmorlandandFurness.moderngov.co.uk/documents/s44436/appendix-1-draft-annual-governance-statement.pdf	Westmorland and Furness	Appendix 1 - Draft Annual Governance Statement	normal
E07000215-tandridge-2026-06-11-community-services-committ-19413-202526-budget-outturn-community-services.pdf	https://Tandridge.moderngov.co.uk/documents/s19413/202526-budget-outturn-community-services.pdf	Tandridge	202526 Budget Outturn - Community Services	normal
E06000033-southend-on-sea-2026-06-11-policy-and-resources-overv-71644-corporate-debt-report-31-03-2026.pdf	https://democracy.southend.gov.uk/documents/s71644/corporate-debt-report-31-03-2026.pdf	Southend-on-Sea	Corporate Debt Report 31.03.2026	normal
E06000064-westmorland-and-furnes-2026-06-11-standards-and-governance-c-44468-appendix-1-draft-annual-governance-state.pdf	https://WestmorlandandFurness.moderngov.co.uk/documents/s44468/appendix-1-draft-annual-governance-statement-2025-2026.pdf	Westmorland and Furness	Appendix 1 - Draft Annual Governance Statement 2025 – 2026	normal
E06000051-shropshire-2026-06-10-cabinet-44691-20260610-appendix-c-prudential-borrowing.pdf	https://shropshire.gov.uk/committee-services/documents/s44691/20260610-appendix-c-prudential-borrowing-approvals.pdf	Shropshire	20260610 Appendix C Prudential Borrowing Approvals	normal
E06000051-shropshire-2026-06-10-cabinet-44692-20260610-appendix-d-economic-background.pdf	https://shropshire.gov.uk/committee-services/documents/s44692/20260610-appendix-d-economic-background-and-borrowing-update.pdf	Shropshire	20260610 Appendix D Economic Background and Borrowing Update	normal
S12000006-dumfries-and-galloway-2026-06-09-economy-and-infrastructure-77071-revenue-budget-final-outturn-report-fina.pdf	http://DumfriesGalloway.moderngov.co.uk/documents/s77071/revenue-budget-final-outturn-report-final.pdf	Dumfries and Galloway	Revenue Budget - Final Outturn - Report - Final	normal
E06000019-herefordshire-2026-06-09-audit-and-governance-commi-50134096-draft-annual-governance-statement-2025-2.pdf	https://councillors.herefordshire.gov.uk/documents/s50134096/draft-annual-governance-statement-2025-26-main-report.pdf	Herefordshire	Draft Annual Governance Statement 2025/26, main report	normal
E06000019-herefordshire-2026-06-09-audit-and-governance-commi-50134097-appendix-1-draft-annual-governance-state.pdf	https://councillors.herefordshire.gov.uk/documents/s50134097/appendix-1-draft-annual-governance-statement-2025-26.pdf	Herefordshire	Appendix 1 - Draft Annual Governance Statement 2025/26	normal
E07000215-tandridge-2026-06-09-investment-sub-committee-19403-investments-and-borrowing-outturn-2025-2.pdf	https://Tandridge.moderngov.co.uk/documents/s19403/investments-and-borrowing-outturn-2025-26.pdf	Tandridge	Investments and Borrowing Outturn 2025-26	normal
E07000215-tandridge-2026-06-09-investment-sub-committee-19406-appendix-c-arlingclose-outturn-2025-26-p.pdf	https://Tandridge.moderngov.co.uk/documents/s19406/appendix-c-arlingclose-outturn-2025-26-prudential-indicators.pdf	Tandridge	Appendix C - Arlingclose_Outturn-2025-26-Prudential-Indicators	normal
E07000082-stroud-2026-06-09-housing-committee-20026-item-8-housing-revenue-account-outturn-2.pdf	https://Stroud.moderngov.co.uk/documents/s20026/item-8-housing-revenue-account-outturn-202526.pdf	Stroud	Item 8 - Housing Revenue Account Outturn 202526	normal
E08000015-wirral-2026-06-09-adult-social-care-and-publ-50142636-better-care-fund-section-75-update-outtu.pdf	https://democracy.wirral.gov.uk/documents/s50142636/better-care-fund-section-75-update-outturn-2026-26-and-bcf-p.pdf	Wirral	Better Care fund Section 75 Update, Outturn 2026/26 and BCF Plan 2027/28 v3	normal
E08000015-wirral-2026-06-09-adult-social-care-and-publ-50142388-2025-26-financial-outturn.pdf	https://democracy.wirral.gov.uk/documents/s50142388/2025-26-financial-outturn.pdf	Wirral	2025/26 Financial Outturn	normal
E07000064-rother-2026-06-08-audit-committee-15770-annual-governance-statement-2025-26.pdf	http://Rother.moderngov.co.uk/documents/s15770/annual-governance-statement-2025-26.pdf	Rother	Annual Governance Statement 2025/26	normal
mg482-rbkc-royal-borough-of-2026-06-08-schools-forum-33828-6-appendix-a-rbkc-school-balances-and-ou.pdf	https://www.rbkc.gov.uk/Committees/documents/s33828/6-appendix-a-rbkc-school-balances-and-outturn-ye-2025-26-fin.pdf	RBKC - Royal Borough of Kensington and Chelsea	6 Appendix A - RBKC School Balances and Outturn YE 2025 26 Final	normal
E47000009-west-of-england-2026-06-05-joint-meeting-west-of-engl-11517-item-08-mca-mayoral-budget-outturn.pdf	http://westofengland-ca.moderngov.co.uk/documents/s11517/item-08-mca-mayoral-budget-outturn.pdf	West of England	Item 08 - MCA Mayoral Budget Outturn	normal
E47000009-west-of-england-2026-06-05-joint-meeting-west-of-engl-11537-item-22-jc-joint-committee-budget-outtur.pdf	http://westofengland-ca.moderngov.co.uk/documents/s11537/item-22-jc-joint-committee-budget-outturn-25-26.pdf	West of England	Item 22 - JC - Joint Committee Budget Outturn 25.26	normal
E07000124-ribble-valley-2026-06-04-health-and-housing-11685-capital-outturn.pdf	https://RibbleValley.moderngov.co.uk/documents/s11685/capital-outturn.pdf	Ribble Valley	Capital Outturn	normal
E47000008-cambridgeshire-and-pet-2026-06-03-combined-authority-board-6805-draft-outturn-budget-monitoring-report-2.pdf	https://cambridgeshirepeterborough-ca.moderngov.co.uk/documents/s6805/draft-outturn-budget-monitoring-report-202526.pdf	Cambridgeshire and Peterborough	Draft Outturn Budget Monitoring Report 202526	normal
E07000138-city-of-lincoln-2026-06-01-audit-committee-80002-annual-governance-statement-report-audit.pdf	https://democratic.lincoln.gov.uk/documents/s80002/annual-governance-statement-report-audit-committee-2026.pdf	City of Lincoln	Annual Governance Statement Report - Audit Committee 2026	normal
E06000020-telford-and-wrekin-2026-05-27-audit-committee-31230-annual-governance-statement-ags-2025-26.pdf	https://democracy.telford.gov.uk/documents/s31230/annual-governance-statement-ags-2025-26.pdf	Telford and Wrekin	Annual Governance Statement AGS 2025-26	normal
E06000020-telford-and-wrekin-2026-05-27-audit-committee-31218-appendix-1-for-annual-governance-stateme.pdf	https://democracy.telford.gov.uk/documents/s31218/appendix-1-for-annual-governance-statement-ags-2025-26.pdf	Telford and Wrekin	Appendix 1 for Annual Governance Statement (AGS) 2025-26	normal
E06000023-city-of-bristol-2026-05-20-bristol-schools-forum-126499-6-provisional-dsg-outturn-2025-26.pdf	https://Democracy.Bristol.gov.uk/documents/s126499/6-provisional-dsg-outturn-2025-26.pdf	City of Bristol	6 - Provisional DSG Outturn 2025-26	normal
mg424-north-lincolnshire-2026-04-28-schools-forum-27313-dedicated-schools-grant-2025-26-outturn.pdf	https://northlincolnshire.moderngov.co.uk/documents/s27313/dedicated-schools-grant-2025-26-outturn-forecast.pdf	North Lincolnshire	Dedicated Schools Grant 2025-26 Outturn Forecast	normal
mg424-north-lincolnshire-2026-04-28-schools-forum-27314-dedicated-school-grant-2025-26-outturn-f.pdf	https://northlincolnshire.moderngov.co.uk/documents/s27314/dedicated-school-grant-2025-26-outturn-forecast-appendix.pdf	North Lincolnshire	Dedicated School Grant 2025-26 Outturn Forecast Appendix	normal
E06000060-buckinghamshire-2026-03-26-audit-and-governance-commi-117212-report-for-annual-governance-statement-2.pdf	https://Buckinghamshire.moderngov.co.uk/documents/s117212/report-for-annual-governance-statement-2025-26.pdf	Buckinghamshire	Report for Annual Governance Statement 2025/26	normal
E06000060-buckinghamshire-2026-03-26-audit-and-governance-commi-117213-appendix-1-for-annual-governance-stateme.pdf	https://Buckinghamshire.moderngov.co.uk/documents/s117213/appendix-1-for-annual-governance-statement-2025-26.pdf	Buckinghamshire	Appendix 1 for Annual Governance Statement 2025/26	normal
E10000007-derbyshire-2026-07-30-cabinet-35452-delivery-of-the-2025-26-highways-capital.pdf	https://democracy.derbyshire.gov.uk/documents/s35452/delivery-of-the-2025-26-highways-capital-programme.pdf	Derbyshire	Delivery of the 2025-26 Highways Capital Programme	normal
E07000128-wyre-2026-07-28-audit-and-standards-commit-33528-appendix-2-table-1-capital-financing-rep.pdf	https://wyre.moderngov.co.uk/documents/s33528/appendix-2-table-1-capital-financing-report-25-26-updated.pdf	Wyre	Appendix 2 (Table 1) - Capital Financing Report 25.26 - Updated	normal
E06000063-cumberland-2026-07-27-audit-and-risk-committee-57015-internal-audit-capital-programme.pdf	https://Cumberland.moderngov.co.uk/documents/s57015/internal-audit-capital-programme.pdf	Cumberland	Internal Audit Capital Programme	normal
E07000146-kings-lynn-and-west-no-2026-07-23-cabinet-85839-for-publishing-appendix-b-capital-progra.pdf	https://democracy.west-norfolk.gov.uk/documents/s85839/for-publishing-appendix-b-capital-programme-2026-2030-rephas.pdf	Kings Lynn and West Norfolk	For publishing Appendix B Capital Programme 2026-2030 rephased	normal
E06000042-milton-keynes-2026-07-23-budget-resources-scrutiny-30170-annex-c1-capital-programme-2026-27.pdf	https://milton-keynes.moderngov.co.uk/documents/s30170/annex-c1-capital-programme-2026-27.pdf	Milton Keynes	Annex C1 - Capital Programme 2026-27	normal
E08000038-barnsley-2026-07-22-audit-and-governance-commi-136551-6b-end-of-year-capital-programme-perform.pdf	https://barnsleymbc.moderngov.co.uk/documents/s136551/6b-end-of-year-capital-programme-performance-2025-26-coverin.pdf	Barnsley	6b. End of Year Capital Programme Performance 2025 26 Covering Report	normal
E07000147-north-norfolk-2026-07-22-council-23245-appx-e-updated-capital-programme-2026-27.pdf	https://modgov.north-norfolk.gov.uk/documents/s23245/appx-e-updated-capital-programme-2026-27-updated.pdf	North Norfolk	Appx E - Updated Capital Programme 2026-27 updated	normal
E09000023-lewisham-2026-07-22-council-152132-capital-programme-budget.pdf	https://Lewisham.moderngov.co.uk/documents/s152132/capital-programme-budget.pdf	Lewisham	Capital Programme Budget	normal
mg430-north-yorkshire-2026-07-22-environment-directorate-co-70449-highway-capital-programme.pdf	http://edemocracy.northyorks.gov.uk/documents/s70449/highway-capital-programme.pdf	North Yorkshire	Highway Capital Programme	normal
E07000114-thanet-2026-07-22-cabinet-96906-annex-4-hra-capital-programme-google-she.pdf	https://Thanet.moderngov.co.uk/documents/s96906/annex-4-hra-capital-programme-google-sheets.pdf	Thanet	Annex 4 - HRA Capital Programme - Google Sheets	normal
E08000015-wirral-2026-07-22-policy-and-resources-commi-50144944-appendix-a-capital-programme-movements.pdf	https://democracy.wirral.gov.uk/documents/s50144944/appendix-a-capital-programme-movements.pdf	Wirral	Appendix A: Capital Programme Movements	normal
E08000015-wirral-2026-07-22-policy-and-resources-commi-50144948-appendix-e-revised-capital-programme-at.pdf	https://democracy.wirral.gov.uk/documents/s50144948/appendix-e-revised-capital-programme-at-quarter-1-202627.pdf	Wirral	Appendix E: Revised Capital Programme at Quarter 1 202627	normal
E08000015-wirral-2026-07-22-policy-and-resources-commi-50144950-appendix-g-capital-programme-scheme-upda.pdf	https://democracy.wirral.gov.uk/documents/s50144950/appendix-g-capital-programme-scheme-updates.pdf	Wirral	Appendix G: Capital Programme Scheme Updates	normal
E09000003-barnet-2026-07-21-cabinet-96136-appendix-a-capital-programme-1.pdf	http://barnet.moderngov.co.uk/documents/s96136/appendix-a-capital-programme-1.pdf	Barnet	Appendix A - Capital Programme 1	normal
E07000214-surrey-heath-2026-07-21-executive-42710-appendix-3-capital-programme-1.pdf	http://SurreyHeath.moderngov.co.uk/documents/s42710/appendix-3-capital-programme-1.pdf	Surrey Heath	Appendix 3- Capital Programme (1)	normal
W06000020-torfaen-2026-07-21-council-78552-capital-programme-report-to-council-july.pdf	https://Torfaen.moderngov.co.uk/documents/s78552/capital-programme-report-to-council-july-2026.pdf	Torfaen	Capital Programme Report to Council - July 2026	normal
E07000243-stevenage-2026-07-21-overview-and-scrutiny-comm-43576-5-appendix-a-general-fund-capital-strate.pdf	https://democracy.stevenage.gov.uk/documents/s43576/5-appendix-a-general-fund-capital-strategy-q4-15-07-2026-cab.pdf	Stevenage	5 Appendix A General Fund Capital Strategy Q4, 15/07/2026 Cabinet	normal
E07000243-stevenage-2026-07-21-overview-and-scrutiny-comm-43577-5-appendix-b-hra-capital-strategy-q4-15.pdf	https://democracy.stevenage.gov.uk/documents/s43577/5-appendix-b-hra-capital-strategy-q4-15-07-2026-cabinet.pdf	Stevenage	5 Appendix B HRA Capital Strategy Q4, 15/07/2026 Cabinet	normal
E09000003-barnet-2026-07-20-finance-and-growth-overvie-96100-appendix-a-capital-programme.pdf	http://barnet.moderngov.co.uk/documents/s96100/appendix-a-capital-programme.pdf	Barnet	Appendix A – Capital Programme	normal
E09000003-barnet-2026-07-20-finance-and-growth-overvie-96126-appendix-c-capital-programme-at-q1.pdf	http://barnet.moderngov.co.uk/documents/s96126/appendix-c-capital-programme-at-q1.pdf	Barnet	Appendix C - Capital Programme at Q1	normal
E07000078-cheltenham-2026-07-20-council-54688-appendix-11-hra-capital-programme-2025-2.pdf	https://democracy.cheltenham.gov.uk/documents/s54688/appendix-11-hra-capital-programme-2025-26.pdf	Cheltenham	Appendix 11 - HRA Capital Programme 2025-26	normal
E07000146-kings-lynn-and-west-no-2026-07-20-corporate-performance-pane-85822-for-publishing-appendix-b-capital-progra.pdf	https://democracy.west-norfolk.gov.uk/documents/s85822/for-publishing-appendix-b-capital-programme-2026-2030-rephas.pdf	Kings Lynn and West Norfolk	For publishing Appendix B Capital Programme 2026-2030 rephased	normal
E08000015-wirral-2026-07-20-council-50145050-appendix-e-capital-programme-scheme-upda.pdf	https://democracy.wirral.gov.uk/documents/s50145050/appendix-e-capital-programme-scheme-updates.pdf	Wirral	Appendix E: Capital Programme Scheme Updates	normal
mg395-east-sussex-fire-and-r-2026-07-16-policy-resources-panel-3630-260716-p-r-revenue-and-capital-budget-20.pdf	http://ESFRS.moderngov.co.uk/documents/s3630/260716-p-r-revenue-and-capital-budget-2026-27-and-capital-pr.pdf	East Sussex Fire and Rescue	260716 P&R Revenue and Capital Budget 2026-27 and Capital Programme 2026-27 to 2030-31 Monitoring at Month 2 (end May) REPORT	normal
E08000037-gateshead-2026-07-16-council-49892-cover-report-capital-programme-and-prude.pdf	https://Gateshead.moderngov.co.uk/documents/s49892/cover-report-capital-programme-and-prudential-indiciators.pdf	Gateshead	Cover report_Capital Programme and Prudential indiciators	normal
E10000031-warwickshire-2026-07-16-cabinet-50182-additions-to-the-education-capital-progr.pdf	https://democracy.warwickshire.gov.uk/documents/s50182/additions-to-the-education-capital-programme-2026-2027.pdf	Warwickshire	Additions to the Education Capital Programme 2026/2027	normal
E08000038-barnsley-2026-07-15-cabinet-136248-strategic-transport-capital-programme-re.pdf	https://barnsleymbc.moderngov.co.uk/documents/s136248/strategic-transport-capital-programme-report.pdf	Barnsley	Strategic Transport Capital Programme Report	normal
W06000019-blaenau-gwent-2026-07-15-ordinary-meeting-of-the-co-19497-co2607d13-strategic-capital-programme-20.pdf	https://Blaenau-Gwent.moderngov.co.uk/documents/s19497/co2607d13-strategic-capital-programme-2026-2027-to-2030-2031.pdf	Blaenau Gwent	CO2607D13 Strategic Capital Programme 2026-2027 to 2030-2031	normal
W06000019-blaenau-gwent-2026-07-15-ordinary-meeting-of-the-co-19498-co2607d13-appendix-1-draft-strategic-cap.pdf	https://Blaenau-Gwent.moderngov.co.uk/documents/s19498/co2607d13-appendix-1-draft-strategic-capital-programme-2026.pdf	Blaenau Gwent	CO2607D13 Appendix 1 - Draft Strategic Capital Programme 2026-27 to 2030-31	normal
E09000023-lewisham-2026-07-15-council-152026-capital-programme-july-council-2026.pdf	https://Lewisham.moderngov.co.uk/documents/s152026/capital-programme-july-council-2026.pdf	Lewisham	Capital Programme July Council 2026	normal
E07000147-north-norfolk-2026-07-15-overview-scrutiny-committe-23103-appx-e-updated-capital-programme-2026-27.pdf	https://modgov.north-norfolk.gov.uk/documents/s23103/appx-e-updated-capital-programme-2026-27-updated.pdf	North Norfolk	Appx E - Updated Capital Programme 2026-27 updated	normal
E07000147-north-norfolk-2026-07-15-overview-scrutiny-committe-23104-capital-programme-with-funding.pdf	https://modgov.north-norfolk.gov.uk/documents/s23104/capital-programme-with-funding.pdf	North Norfolk	Capital Programme with funding	normal
E08000028-sandwell-2026-07-15-cabinet-34971-appendix-5-general-fund-capital-programm.pdf	https://Sandwell.moderngov.co.uk/documents/s34971/appendix-5-general-fund-capital-programme.pdf	Sandwell	Appendix 5 - General Fund Capital Programme	normal
E08000028-sandwell-2026-07-15-cabinet-34973-appendix-7-hra-capital-programme.pdf	https://Sandwell.moderngov.co.uk/documents/s34973/appendix-7-hra-capital-programme.pdf	Sandwell	Appendix 7 - HRA Capital Programme	normal
E08000028-sandwell-2026-07-15-cabinet-34679-schools-capital-programme.pdf	https://Sandwell.moderngov.co.uk/documents/s34679/schools-capital-programme.pdf	Sandwell	Schools Capital Programme	normal
E08000028-sandwell-2026-07-15-cabinet-34913-school-capital-programme-202627-school-c.pdf	https://Sandwell.moderngov.co.uk/documents/s34913/school-capital-programme-202627-school-condition-allocation.pdf	Sandwell	School Capital Programme 202627 - School Condition Allocation	normal
E07000243-stevenage-2026-07-15-cabinet-43521-5-appendix-a-general-fund-capital-strate.pdf	https://democracy.stevenage.gov.uk/documents/s43521/5-appendix-a-general-fund-capital-strategy-q4.pdf	Stevenage	5 Appendix A General Fund Capital Strategy Q4	normal
E07000243-stevenage-2026-07-15-cabinet-43522-5-appendix-b-hra-capital-strategy-q4.pdf	https://democracy.stevenage.gov.uk/documents/s43522/5-appendix-b-hra-capital-strategy-q4.pdf	Stevenage	5 Appendix B HRA Capital Strategy Q4	normal
E07000078-cheltenham-2026-07-14-cabinet-54662-appendix-11-hra-capital-programme-2025-2.pdf	https://democracy.cheltenham.gov.uk/documents/s54662/appendix-11-hra-capital-programme-2025-26.pdf	Cheltenham	Appendix 11 - HRA Capital Programme 2025-26	normal
E10000025-oxfordshire-2026-07-14-cabinet-82981-ca140726r18-capital-programme-update-mon.pdf	https://mycouncil.oxfordshire.gov.uk/documents/s82981/ca140726r18-capital-programme-update-monitoring-report-may-2.pdf	Oxfordshire	CA140726R18 Capital Programme Update Monitoring Report May 2026 (July 26)	normal
E10000025-oxfordshire-2026-07-14-cabinet-82873-annex-1-2-capital-programme-summary-cabi.pdf	https://mycouncil.oxfordshire.gov.uk/documents/s82873/annex-1-2-capital-programme-summary-cabinet-july-26-draft.pdf	Oxfordshire	Annex 1 & 2 - Capital Programme Summary (Cabinet July 26) draft	normal
E07000103-watford-2026-07-14-council-54454-appendix-4-capital-programme-finance-22.pdf	https://watford.moderngov.co.uk/documents/s54454/appendix-4-capital-programme-finance-22-06-2026-finance-scru.pdf	Watford	Appendix 4 - Capital Programme Finance, 22/06/2026 Finance Scrutiny Committee, 01/07/2026 Cabinet	normal
E06000005-darlington-2026-07-13-cabinet-28502-260702-o-s-project-position-statement-an.pdf	https://democracy.darlington.gov.uk/documents/s28502/260702-o-s-project-position-statement-and-capital-programme.pdf	Darlington	260702 O + S Project Position Statement and Capital Programme Monitoring Ouuturn 25-26 Appendix 1	normal
E09000015-harrow-2026-07-09-cabinet-200713-appendix-3-capital-programme-2025-26.pdf	https://moderngov.harrow.gov.uk/documents/s200713/appendix-3-capital-programme-2025-26.pdf	Harrow	Appendix 3 - Capital Programme 2025-26	normal
E47000002-south-yorkshire-mayora-2026-07-09-audit-standards-and-risk-c-21829-12-assurance-of-the-capital-programme.pdf	https://southyorkshire-ca.moderngov.co.uk/documents/s21829/12-assurance-of-the-capital-programme.pdf	South Yorkshire Mayoral Combined Authority	12. Assurance of the Capital Programme	normal
E47000002-south-yorkshire-mayora-2026-07-09-audit-standards-and-risk-c-21830-12-i-appendix-1-assurance-on-the-capital.pdf	https://southyorkshire-ca.moderngov.co.uk/documents/s21830/12-i-appendix-1-assurance-on-the-capital-programme.pdf	South Yorkshire Mayoral Combined Authority	12.i. Appendix 1 - Assurance on the Capital Programme	normal
mg482-rbkc-royal-borough-of-2026-07-08-overview-scrutiny-committe-34492-4-appendix-1-capital-programme.pdf	https://www.rbkc.gov.uk/Committees/documents/s34492/4-appendix-1-capital-programme.pdf	RBKC - Royal Borough of Kensington and Chelsea	4 - Appendix 1 - Capital Programme	normal
mg482-rbkc-royal-borough-of-2026-07-08-overview-scrutiny-committe-34510-5-appendix-1-medium-term-financial-strat.pdf	https://www.rbkc.gov.uk/Committees/documents/s34510/5-appendix-1-medium-term-financial-strategy-2027-28-to-2030.pdf	RBKC - Royal Borough of Kensington and Chelsea	5 - Appendix 1 - MEDIUM TERM FINANCIAL STRATEGY 2027-28 TO 2030-31 Capital Strategy OSC	normal
E07000214-surrey-heath-2026-07-08-performance-and-finance-sc-42554-appendix-3-capital-programme.pdf	http://SurreyHeath.moderngov.co.uk/documents/s42554/appendix-3-capital-programme.pdf	Surrey Heath	Appendix 3- Capital Programme	normal
E06000057-northumberland-2026-07-07-cabinet-32097-summary-of-new-capital-proposals-conside.pdf	https://Northumberland.moderngov.co.uk/documents/s32097/summary-of-new-capital-proposals-considered-by-the-capital-s.pdf	Northumberland	Summary of New Capital Proposals considered by the Capital Strategy Group	normal
E07000214-surrey-heath-2026-07-07-audit-standards-and-risk-c-42567-capital-programme.pdf	http://SurreyHeath.moderngov.co.uk/documents/s42567/capital-programme.pdf	Surrey Heath	Capital Programme	normal
E07000147-north-norfolk-2026-07-06-cabinet-23042-appx-e-updated-capital-programme-2026-27.pdf	https://modgov.north-norfolk.gov.uk/documents/s23042/appx-e-updated-capital-programme-2026-27.pdf	North Norfolk	Appx E - Updated Capital Programme 2026-27	normal
E08000018-rotherham-2026-07-06-cabinet-158973-cabinet-report-cyps-capital-programme-nc.pdf	https://moderngov.rotherham.gov.uk/documents/s158973/cabinet-report-cyps-capital-programme-nc3.pdf	Rotherham	Cabinet Report - CYPS Capital Programme NC3	normal
E08000018-rotherham-2026-07-06-cabinet-158976-appendix-3-cia-645-cyps-capital-programm.pdf	https://moderngov.rotherham.gov.uk/documents/s158976/appendix-3-cia-645-cyps-capital-programme-2026-27.pdf	Rotherham	Appendix 3 - CIA 645 - CYPS Capital Programme 2026-27	normal
E08000018-rotherham-2026-07-06-cabinet-159035-appendix-1-capital-programme-tables-a-d.pdf	https://moderngov.rotherham.gov.uk/documents/s159035/appendix-1-capital-programme-tables-a-d.pdf	Rotherham	Appendix 1 - Capital Programme Tables A - D	normal
E06000005-darlington-2026-07-02-economy-and-resources-scru-28355-260702-o-s-project-position-statement-an.pdf	https://democracy.darlington.gov.uk/documents/s28355/260702-o-s-project-position-statement-and-capital-programme.pdf	Darlington	260702 O + S Project Position Statement and Capital Programme Monitoring Ouuturn 25-26 Appendix 1	normal
E06000027-torbay-2026-07-02-torbay-council-s-policy-fr-171720-capital-strategy-2026-2027.pdf	http://www.torbay.gov.uk/DemocraticServices/documents/s171720/capital-strategy-2026-2027.pdf	Torbay	Capital Strategy 2026-2027	normal
E09000023-lewisham-2026-07-01-mayor-and-cabinet-151856-capital-programme-update-26-27-final-sig.pdf	https://Lewisham.moderngov.co.uk/documents/s151856/capital-programme-update-26-27-final-sign-off-sheet.pdf	Lewisham	Capital Programme Update 26-27 FINAL SIGN OFF SHEET	normal
E07000103-watford-2026-07-01-cabinet-54348-appendix-4-capital-programme-finance-22.pdf	https://watford.moderngov.co.uk/documents/s54348/appendix-4-capital-programme-finance-22-06-2026-finance-scru.pdf	Watford	Appendix 4 - Capital Programme Finance, 22/06/2026 Finance Scrutiny Committee	normal
E06000063-cumberland-2026-06-30-business-and-resources-ove-56733-appendix-b-2026-27-to-2029-30-capital-pr.pdf	https://Cumberland.moderngov.co.uk/documents/s56733/appendix-b-2026-27-to-2029-30-capital-programme.pdf	Cumberland	Appendix B 2026-27 to 2029-30 Capital Programme	normal
E07000173-gedling-2026-06-25-cabinet-45236-appendix-7-capital-financing-summary-202.pdf	https://democracy.gedling.gov.uk/documents/s45236/appendix-7-capital-financing-summary-2025-26.pdf	Gedling	Appendix 7 Capital Financing Summary 2025-26	normal
E09000019-islington-2026-06-25-executive-47380-appendix-1-q4-202526-capital-programme.pdf	https://islington.moderngov.co.uk/documents/s47380/appendix-1-q4-202526-capital-programme.pdf	Islington	Appendix 1 – Q4 202526 Capital Programme	normal
E09000019-islington-2026-06-25-executive-47381-appendix-2-approved-and-indicative-capit.pdf	https://islington.moderngov.co.uk/documents/s47381/appendix-2-approved-and-indicative-capital-programme-q4-2025.pdf	Islington	Appendix 2 - Approved and Indicative Capital Programme Q4 2025-26	normal
E07000103-watford-2026-06-22-finance-scrutiny-committee-54258-appendix-4-capital-programme-finance.pdf	https://watford.moderngov.co.uk/documents/s54258/appendix-4-capital-programme-finance.pdf	Watford	Appendix 4 - Capital Programme Finance	normal
E07000082-stroud-2026-06-18-strategy-and-resources-com-20174-appendix-h-capital-programme.pdf	https://Stroud.moderngov.co.uk/documents/s20174/appendix-h-capital-programme.pdf	Stroud	Appendix H - Capital Programme	normal
E07000082-stroud-2026-06-18-strategy-and-resources-com-20172-appendix-i-capital-financing.pdf	https://Stroud.moderngov.co.uk/documents/s20172/appendix-i-capital-financing.pdf	Stroud	Appendix I - Capital Financing	normal
E07000082-stroud-2026-06-18-strategy-and-resources-com-20173-appendix-j-revised-capital-programme-202.pdf	https://Stroud.moderngov.co.uk/documents/s20173/appendix-j-revised-capital-programme-2026-27.pdf	Stroud	Appendix J - Revised Capital Programme 2026/27	normal
E08000028-sandwell-2026-06-17-decisions-of-the-leader-of-34733-school-capital-programme-202627-school-c.pdf	https://Sandwell.moderngov.co.uk/documents/s34733/school-capital-programme-202627-school-condition-allocation.pdf	Sandwell	School Capital Programme 202627 - School Condition Allocation	normal
E09000003-barnet-2026-06-15-cabinet-95469-appendix-a-capital-programme.pdf	http://barnet.moderngov.co.uk/documents/s95469/appendix-a-capital-programme.pdf	Barnet	Appendix A – Capital Programme	normal
E06000023-city-of-bristol-2026-06-15-strategy-and-resources-pol-127448-appendix-2-bristol-send-education-capita.pdf	https://Democracy.Bristol.gov.uk/documents/s127448/appendix-2-bristol-send-education-capital-programme.pdf	City of Bristol	Appendix 2 - Bristol SEND Education Capital Programme	normal
E06000008-blackburn-with-darwen-2026-06-12-executive-member-decisions-34074-variations-to-the-schools-capital-progra.pdf	https://democracy.blackburn.gov.uk/documents/s34074/variations-to-the-schools-capital-programme-and-contract-awa.pdf	Blackburn with Darwen	Variations to the Schools Capital Programme and Contract Award	normal
E06000008-blackburn-with-darwen-2026-06-12-executive-member-decisions-34075-variations-to-the-schools-capital-progra.pdf	https://democracy.blackburn.gov.uk/documents/s34075/variations-to-the-schools-capital-programme-and-contract-awa.pdf	Blackburn with Darwen	Variations to the Schools Capital Programme and Contract Award EIAChecklist	normal
E06000008-blackburn-with-darwen-2026-06-12-executive-member-decisions-34076-variations-to-the-schools-capital-progra.pdf	https://democracy.blackburn.gov.uk/documents/s34076/variations-to-the-schools-capital-programme-and-contract-awa.pdf	Blackburn with Darwen	Variations to the Schools Capital Programme and Contract Award EIA_toolkit	normal
E06000008-blackburn-with-darwen-2026-06-12-executive-member-decisions-34077-appendix-1-for-variations-to-the-schools.pdf	https://democracy.blackburn.gov.uk/documents/s34077/appendix-1-for-variations-to-the-schools-capital-programme-a.pdf	Blackburn with Darwen	Appendix 1 for Variations to the Schools Capital Programme and Contract Award	normal
E07000118-chorley-2026-06-11-executive-cabinet-197466-appendix-a-capital-programme.pdf	https://democracy.chorley.gov.uk/documents/s197466/appendix-a-capital-programme.pdf	Chorley	Appendix A - Capital Programme	normal
E07000126-south-ribble-2026-06-10-cabinet-57149-appendix-a-capital-programme.pdf	http://southribble.moderngov.co.uk/documents/s57149/appendix-a-capital-programme.pdf	South Ribble	Appendix A - Capital Programme	normal
E07000126-south-ribble-2026-06-10-cabinet-57150-appendix-b-capital-programme-scheme-vari.pdf	http://southribble.moderngov.co.uk/documents/s57150/appendix-b-capital-programme-scheme-variations.pdf	South Ribble	Appendix B - Capital Programme Scheme Variations	normal
E07000171-bassetlaw-2026-06-09-cabinet-16941-4a4-appendix-d-capital-programme-2025-26.pdf	https://Bassetlaw.moderngov.co.uk/documents/s16941/4a4-appendix-d-capital-programme-2025-26.pdf	Bassetlaw	4a4 - Appendix D - Capital Programme 2025-26	normal
E07000171-bassetlaw-2026-06-09-cabinet-16942-4a5-appendix-e-revised-capital-programme.pdf	https://Bassetlaw.moderngov.co.uk/documents/s16942/4a5-appendix-e-revised-capital-programme-2026-27-to-2030-31.pdf	Bassetlaw	4a5 - Appendix E - Revised Capital Programme 2026-27 to 2030-31	normal
E08000015-wirral-2026-06-10-policy-and-resources-commi-50142718-appendix-e-capital-programme-scheme-upda.pdf	https://democracy.wirral.gov.uk/documents/s50142718/appendix-e-capital-programme-scheme-updates.pdf	Wirral	Appendix E: Capital Programme Scheme Updates	normal
E06000057-northumberland-2026-06-09-cabinet-31697-summary-of-new-capital-proposals-conside.pdf	https://Northumberland.moderngov.co.uk/documents/s31697/summary-of-new-capital-proposals-considered-by-the-capital-s.pdf	Northumberland	Summary of New Capital Proposals considered by the Capital Strategy Group	normal
E06000062-west-northamptonshire-2026-06-09-cabinet-28729-appendix-a-changes-to-the-25-26-general.pdf	https://WestNorthants.moderngov.co.uk/documents/s28729/appendix-a-changes-to-the-25-26-general-fund-capital-program.pdf	West Northamptonshire	Appendix A - Changes to the 25-26 General Fund capital programme since the P9 reported position	normal
E07000126-south-ribble-2026-06-08-corporate-performance-and-57042-appendix-a-capital-programme.pdf	http://southribble.moderngov.co.uk/documents/s57042/appendix-a-capital-programme.pdf	South Ribble	Appendix A - Capital Programme	normal
E07000126-south-ribble-2026-06-08-corporate-performance-and-57043-appendix-b-capital-programme-scheme-vari.pdf	http://southribble.moderngov.co.uk/documents/s57043/appendix-b-capital-programme-scheme-variations.pdf	South Ribble	Appendix B - Capital Programme Scheme Variations	normal
W06000020-torfaen-2026-06-02-cabinet-77980-appendix-1-capital-programme-2026-27-203.pdf	https://Torfaen.moderngov.co.uk/documents/s77980/appendix-1-capital-programme-2026-27-2030-31.pdf	Torfaen	Appendix 1 - Capital Programme 2026-27 - 2030-31	normal
S12000045-east-dunbartonshire-2026-05-28-place-neighbourhood-corpor-16729-housing-capital-programme-monitoring-rep.pdf	https://EastDunbarton.moderngov.co.uk/documents/s16729/housing-capital-programme-monitoring-report-25-26-period-12.pdf	East Dunbartonshire	Housing Capital Programme Monitoring Report 25-26 - Period 12	normal
S12000045-east-dunbartonshire-2026-05-28-place-neighbourhood-corpor-16730-appendix-1-for-housing-capital-programme.pdf	https://EastDunbarton.moderngov.co.uk/documents/s16730/appendix-1-for-housing-capital-programme-monitoring-report-2.pdf	East Dunbartonshire	Appendix 1 for Housing Capital Programme Monitoring Report 25-26 - Period 12	normal
S12000045-east-dunbartonshire-2026-05-28-place-neighbourhood-corpor-16751-appendix-2-for-housing-capital-programme.pdf	https://EastDunbarton.moderngov.co.uk/documents/s16751/appendix-2-for-housing-capital-programme-monitoring-report-2.pdf	East Dunbartonshire	Appendix 2 for Housing Capital Programme Monitoring Report 25-26 - Period 12	normal
S12000045-east-dunbartonshire-2026-05-28-place-neighbourhood-corpor-16752-appendix-3-for-housing-capital-programme.pdf	https://EastDunbarton.moderngov.co.uk/documents/s16752/appendix-3-for-housing-capital-programme-monitoring-report-2.pdf	East Dunbartonshire	Appendix 3 for Housing Capital Programme Monitoring Report 25-26 - Period 12	normal
mg258-gwynedd-cymraeg-2026-05-21-governance-and-audit-commi-49177-capital-programme-2025-26.pdf	https://democracy.gwynedd.llyw.cymru/documents/s49177/capital-programme-2025-26.pdf	Gwynedd Cymraeg	Capital Programme 2025.26	normal
E06000057-northumberland-2026-05-12-cabinet-30656-summary-of-new-capital-proposals-conside.pdf	https://Northumberland.moderngov.co.uk/documents/s30656/summary-of-new-capital-proposals-considered-by-capital-strat.pdf	Northumberland	Summary of New Capital Proposals considered by Capital Strategy Group	normal
E10000031-warwickshire-2026-05-11-cabinet-49190-additions-to-the-education-capital-progr.pdf	https://democracy.warwickshire.gov.uk/documents/s49190/additions-to-the-education-capital-programme-2026-2027-repor.pdf	Warwickshire	Additions to the Education Capital Programme 2026-2027 Report	normal
E09000010-enfield-2026-04-22-cabinet-113166-borough-capital-programme-2026-27-highwa.pdf	https://Enfield.moderngov.co.uk/documents/s113166/borough-capital-programme-2026-27-highways-and-street-scene.pdf	Enfield	Borough Capital Programme 2026/27 - Highways and Street Scene report	normal
mg395-east-sussex-fire-and-r-2026-04-20-policy-resources-panel-3487-260420-p-r-revenue-and-capital-budget-20.pdf	http://ESFRS.moderngov.co.uk/documents/s3487/260420-p-r-revenue-and-capital-budget-2025-26-and-capital-pr.pdf	East Sussex Fire and Rescue	260420 P&R Revenue and Capital Budget 2025-26 and Capital Programme 2025-26 to 2029-30 Monitoring at Month 10 (end January) REPORT	normal
E07000082-stroud-2026-04-16-strategy-and-resources-com-19011-appendix-d-capital-programme.pdf	https://Stroud.moderngov.co.uk/documents/s19011/appendix-d-capital-programme.pdf	Stroud	Appendix D - Capital Programme	normal
E10000028-staffordshire-2026-04-15-cabinet-206536-capital-programme-for-schools-2026-2027.pdf	https://Staffordshire.moderngov.co.uk/documents/s206536/capital-programme-for-schools-2026-2027.pdf	Staffordshire	Capital Programme for Schools 2026/ 2027	normal
E07000170-ashfield-2026-04-13-council-36814-final-council-report-admc-aitp-capital-p.pdf	https://democracy.ashfield.gov.uk/documents/s36814/final-council-report-admc-aitp-capital-programme.pdf	Ashfield	FINAL Council Report ADMC AITP Capital Programme_	normal
E09000013-hammersmith-and-fulham-2026-04-13-cabinet-134485-capital-programme-monitor-2025-26-quarte.pdf	https://democracy.lbhf.gov.uk/documents/s134485/capital-programme-monitor-2025-26-quarter-3.pdf	Hammersmith and Fulham	Capital Programme Monitor 2025-26 Quarter 3	normal
E06000002-middlesbrough-2026-04-08-executive-42316-appendix-1-2025-26-capital-programme-map.pdf	https://middlesbrough.moderngov.co.uk/documents/s42316/appendix-1-2025-26-capital-programme-map.pdf	Middlesbrough	Appendix 1 - 2025-26 Capital Programme Map	normal
E47000012-york-and-north-yorkshi-2026-03-27-cabinet-1563-20260327-report-transport-capital-progra.pdf	https://YorkNorthYorks-CA.moderngov.co.uk/documents/s1563/20260327-report-transport-capital-programme-2026-2030-update.pdf	York and North Yorkshire	20260327 - Report - Transport Capital Programme 2026-2030 Update	normal
S12000036-city-of-edinburgh-2026-03-26-governance-risk-and-best-v-96332-9-3-capital-strategy-2026-36-annual-repo.pdf	https://democracy.edinburgh.gov.uk/documents/s96332/9-3-capital-strategy-2026-36-annual-report-referral-to-grbv.pdf	City of Edinburgh	9.3 - Capital Strategy 2026 - 36 - Annual Report - referral to GRBV	normal
S12000036-city-of-edinburgh-2026-03-26-governance-risk-and-best-v-96333-9-3-capital-strategy-annual-report-with.pdf	https://democracy.edinburgh.gov.uk/documents/s96333/9-3-capital-strategy-annual-report-with-appendices-final.pdf	City of Edinburgh	9.3 - Capital Strategy Annual Report with appendices_FINAL	normal
E07000224-arun-2026-03-25-full-council-24083-item-12-capital-strategy-report-2026-27.pdf	https://democracy.arun.gov.uk/documents/s24083/item-12-capital-strategy-report-2026-27.pdf	Arun	Item 12 - Capital Strategy Report 2026-27	normal
E09000008-croydon-2026-03-25-cabinet-70279-2026-27-highways-capital-programme.pdf	https://democracy.croydon.gov.uk/documents/s70279/2026-27-highways-capital-programme.pdf	Croydon	2026_27 Highways Capital Programme	normal
E09000015-harrow-2026-03-25-performance-and-finance-sc-199072-appendix-3-capital-programme-2025-26-q3.pdf	https://moderngov.harrow.gov.uk/documents/s199072/appendix-3-capital-programme-2025-26-q3-forecast.pdf	Harrow	Appendix 3 Capital Programme 2025-26 Q3 forecast	normal
E07000147-north-norfolk-2026-03-25-council-22668-appx-c-capital-programme-p10-25-26.pdf	https://modgov.north-norfolk.gov.uk/documents/s22668/appx-c-capital-programme-p10-25-26.pdf	North Norfolk	Appx C Capital Programme P10 25.26	normal
E07000171-bassetlaw-2026-03-24-overview-scrutiny-committe-16306-appendix-d-live-capital-programme-q3.pdf	https://Bassetlaw.moderngov.co.uk/documents/s16306/appendix-d-live-capital-programme-q3.pdf	Bassetlaw	Appendix D - Live Capital Programme Q3	normal
E07000078-cheltenham-2026-03-23-council-53843-appendix-2-capital-strategy-2026-27.pdf	https://democracy.cheltenham.gov.uk/documents/s53843/appendix-2-capital-strategy-2026-27.pdf	Cheltenham	Appendix 2 - Capital Strategy 2026-27	normal
E06000041-wokingham-2026-07-30-executive-86514-revenue-monitoring-quarter-one-2026-27.pdf	https://wokingham.moderngov.co.uk/documents/s86514/revenue-monitoring-quarter-one-2026-27.pdf	Wokingham	Revenue Monitoring Quarter One - 2026/27	normal
E10000013-gloucestershire-2026-07-29-pension-board-119309-agenda-item-4-pension-fund-draft-financi.pdf	https://Gloucestershire.moderngov.co.uk/documents/s119309/agenda-item-4-pension-fund-draft-financial-statements-audit.pdf	Gloucestershire	Agenda Item 4 - Pension Fund Draft Financial Statements & Audit Plan 2025-26	normal
E10000013-gloucestershire-2026-07-29-pension-board-119310-agenda-item-4-pension-fund-draft-financi.pdf	https://Gloucestershire.moderngov.co.uk/documents/s119310/agenda-item-4-pension-fund-draft-financial-statements-audit.pdf	Gloucestershire	Agenda Item 4 - Pension Fund Draft Financial Statements & Audit Plan 2025-26 - Appendix 1 - KPMG Audit Plan	normal
E07000107-dartford-2026-07-28-treasury-management-panel-82112-treasury-panel-report-2026-27.pdf	https://Dartford.moderngov.co.uk/documents/s82112/treasury-panel-report-2026-27.pdf	Dartford	Treasury Panel Report 2026-27	normal
E07000107-dartford-2026-07-28-treasury-management-panel-82113-appendix-a-draft-commentary-to-cabinet-a.pdf	https://Dartford.moderngov.co.uk/documents/s82113/appendix-a-draft-commentary-to-cabinet-annual-treasury-repor.pdf	Dartford	Appendix A - Draft Commentary to Cabinet - Annual Treasury Report 2025-26	normal
E07000107-dartford-2026-07-28-treasury-management-panel-82114-annual-treasury-report-appendix-a-intern.pdf	https://Dartford.moderngov.co.uk/documents/s82114/annual-treasury-report-appendix-a-internally-externally-mana.pdf	Dartford	Annual Treasury Report Appendix A Internally Externally Managed Investments 31-03-2026	normal
E07000107-dartford-2026-07-28-treasury-management-panel-82115-annual-treasury-report-appendix-b-invest.pdf	https://Dartford.moderngov.co.uk/documents/s82115/annual-treasury-report-appendix-b-investment-properties-31-0.pdf	Dartford	Annual Treasury Report Appendix B Investment Properties 31-03-2026	normal
E06000060-buckinghamshire-2026-07-28-cabinet-122795-report-for-q1-budget-management-report-2.pdf	https://Buckinghamshire.moderngov.co.uk/documents/s122795/report-for-q1-budget-management-report-2026-27.pdf	Buckinghamshire	Report for Q1 Budget Management Report 2026-27	normal
E06000060-buckinghamshire-2026-07-28-cabinet-122796-appendix-1-for-q1-budget-management-repo.pdf	https://Buckinghamshire.moderngov.co.uk/documents/s122796/appendix-1-for-q1-budget-management-report-2026-27.pdf	Buckinghamshire	Appendix 1 for Q1 Budget Management Report 2026-27	normal
E06000060-buckinghamshire-2026-07-28-cabinet-122797-appendix-2-for-q1-budget-management-repo.pdf	https://Buckinghamshire.moderngov.co.uk/documents/s122797/appendix-2-for-q1-budget-management-report-2026-27.pdf	Buckinghamshire	Appendix 2 for Q1 Budget Management Report 2026-27	normal
E06000060-buckinghamshire-2026-07-28-cabinet-122798-appendix-3-for-q1-budget-management-repo.pdf	https://Buckinghamshire.moderngov.co.uk/documents/s122798/appendix-3-for-q1-budget-management-report-2026-27.pdf	Buckinghamshire	Appendix 3 for Q1 Budget Management Report 2026-27	normal
E06000060-buckinghamshire-2026-07-28-cabinet-122799-appendix-4-for-q1-budget-management-repo.pdf	https://Buckinghamshire.moderngov.co.uk/documents/s122799/appendix-4-for-q1-budget-management-report-2026-27.pdf	Buckinghamshire	Appendix 4 for Q1 Budget Management Report 2026-27	normal
E06000060-buckinghamshire-2026-07-28-cabinet-122800-report-for-q1-capital-budget-adjustments.pdf	https://Buckinghamshire.moderngov.co.uk/documents/s122800/report-for-q1-capital-budget-adjustments-and-reprofiling.pdf	Buckinghamshire	Report for Q1 Capital Budget Adjustments and Reprofiling	normal
mg68-huntingdonshire-2026-07-28-treasury-and-capital-manag-145387-3-treasury-management-update-2026-27-qua.pdf	http://democracy.huntingdonshire.gov.uk/moderngov/documents/s145387/3-treasury-management-update-2026-27-quarter-1.pdf	Huntingdonshire	3. Treasury Management Update 2026-27 Quarter 1	normal
E07000146-kings-lynn-and-west-no-2026-07-23-shareholder-committee-85943-wnp-audited-financial-statements-31-03-2.pdf	https://democracy.west-norfolk.gov.uk/documents/s85943/wnp-audited-financial-statements-31-03-2025.pdf	Kings Lynn and West Norfolk	WNP Audited Financial Statements 31-03-2025	normal
E09000005-brent-2026-07-21-pension-board-158622-12a-appendix-1-brent-pension-fund-statem.pdf	http://democracy.brent.gov.uk/documents/s158622/12a-appendix-1-brent-pension-fund-statement-of-accounts-2025.pdf	Brent	12a. Appendix 1 - Brent Pension Fund Statement of Accounts 2025-26	normal
E06000062-west-northamptonshire-2026-07-21-pensions-fund-committee-29275-agenda-item-06-draft-statement-of-accoun.pdf	https://WestNorthants.moderngov.co.uk/documents/s29275/agenda-item-06-draft-statement-of-accounts.pdf	West Northamptonshire	Agenda Item 06 Draft Statement of Accounts	normal
E06000062-west-northamptonshire-2026-07-21-pensions-fund-committee-29276-agenda-item-06-draft-statement-of-accoun.pdf	https://WestNorthants.moderngov.co.uk/documents/s29276/agenda-item-06-draft-statement-of-accounts-appendix-a.pdf	West Northamptonshire	Agenda Item 06 Draft Statement of Accounts Appendix A	normal
E10000019-lincolnshire-2026-07-16-pensions-committee-74599-item-07-app-a-lpf-statement-of-accounts.pdf	https://lincolnshire.moderngov.co.uk/documents/s74599/item-07-app-a-lpf-statement-of-accounts-2025-26.pdf	Lincolnshire	Item 07 - App A - LPF Statement of Accounts 2025-26	normal
E10000019-lincolnshire-2026-07-16-lgps-local-pension-board-74654-item-10-app-a-lpf-statement-of-accounts.pdf	https://lincolnshire.moderngov.co.uk/documents/s74654/item-10-app-a-lpf-statement-of-accounts-2025-26.pdf	Lincolnshire	Item 10 - App A - LPF Statement of Accounts 2025-26	normal
mg288-bedfordshire-fire-and-2026-07-14-fire-and-rescue-authority-7597-item-09-treasury-management-annual-repor.pdf	http://BedsFireResAuth.moderngov.co.uk/documents/s7597/item-09-treasury-management-annual-report.pdf	Bedfordshire Fire and Rescue	Item 09 Treasury Management Annual Report	normal
E09000031-waltham-forest-2026-07-14-pension-committee-109961-appendix-1-unaudited-draft-statement-of.pdf	https://democracy.walthamforest.gov.uk/documents/s109961/appendix-1-unaudited-draft-statement-of-accounts-2025-26-pen.pdf	Waltham Forest	Appendix 1 - Unaudited Draft Statement of Accounts 2025-26 Pension Fund	normal
E10000034-worcestershire-2026-07-14-corporate-and-communities-61372-03-item-6-performance-and-budget-monitor.pdf	http://worcestershire.moderngov.co.uk/documents/s61372/03-item-6-performance-and-budget-monitoring.pdf	Worcestershire	03 Item 6 Performance and Budget Monitoring	normal
E08000031-wolverhampton-2026-07-14-pensions-board-326563-10-statement-of-accounts-report-final.pdf	https://wolverhampton.moderngov.co.uk/documents/s326563/10-statement-of-accounts-report-final.pdf	Wolverhampton	10. Statement of Accounts Report Final	normal
mg482-rbkc-royal-borough-of-2026-07-13-pension-board-34680-appendix-1-draft-statement-of-accounts-2.pdf	https://www.rbkc.gov.uk/Committees/documents/s34680/appendix-1-draft-statement-of-accounts-2025-26-pf.pdf	RBKC - Royal Borough of Kensington and Chelsea	Appendix 1 Draft -Statement of Accounts 2025-26 PF	normal
E10000034-worcestershire-2026-07-13-adult-care-and-well-being-61357-performance-and-202526-draft-year-end-bu.pdf	http://worcestershire.moderngov.co.uk/documents/s61357/performance-and-202526-draft-year-end-budget-monitoring.pdf	Worcestershire	PERFORMANCE AND 202526 DRAFT YEAR-END BUDGET MONITORING	normal
E06000055-bedford-2026-07-09-budget-and-corporate-servi-81346-item-05-budget-monitoring.pdf	https://councillorsupport.bedford.gov.uk/documents/s81346/item-05-budget-monitoring.pdf	Bedford	Item 05 Budget Monitoring	normal
E09000005-brent-2026-07-09-brent-pension-fund-sub-com-158319-08a-appendix-1-brent-pension-fund-statem.pdf	http://democracy.brent.gov.uk/documents/s158319/08a-appendix-1-brent-pension-fund-statement-of-accounts-2025.pdf	Brent	08a. Appendix 1 - Brent Pension Fund Statement of Accounts 2025-26	normal
mg482-rbkc-royal-borough-of-2026-07-09-investment-committee-34572-appendix-1-draft-statement-of-accounts-2.pdf	https://www.rbkc.gov.uk/Committees/documents/s34572/appendix-1-draft-statement-of-accounts-2025-26-pf.pdf	RBKC - Royal Borough of Kensington and Chelsea	Appendix 1 Draft -Statement of Accounts 2025-26 PF	normal
E06000019-herefordshire-2026-07-06-scrutiny-management-board-50134522-community-wellbeing-2026-27-budget-posit.pdf	https://councillors.herefordshire.gov.uk/documents/s50134522/community-wellbeing-2026-27-budget-position-statement.pdf	Herefordshire	Community Wellbeing 2026-27 budget position statement	normal
E06000002-middlesbrough-2026-07-06-teesside-pension-board-43933-report-draft-annual-pension-fund-stateme.pdf	https://middlesbrough.moderngov.co.uk/documents/s43933/report-draft-annual-pension-fund-statement-of-accounts-2025.pdf	Middlesbrough	Report - Draft Annual Pension Fund Statement of Accounts 2025-2026	normal
E10000034-worcestershire-2026-07-06-economy-overview-and-scrut-61295-06-item-performance-and-budget-monitorin.pdf	http://worcestershire.moderngov.co.uk/documents/s61295/06-item-performance-and-budget-monitoring.pdf	Worcestershire	06 Item Performance and Budget Monitoring	normal
E10000034-worcestershire-2026-07-06-environment-overview-and-s-61281-item-7-performance-and-budget-monitoring.pdf	http://worcestershire.moderngov.co.uk/documents/s61281/item-7-performance-and-budget-monitoring.pdf	Worcestershire	item 7 Performance and Budget Monitoring	normal
E10000034-worcestershire-2026-07-02-children-and-families-over-61259-08-item-7-performance-and-budget-monitor.pdf	http://worcestershire.moderngov.co.uk/documents/s61259/08-item-7-performance-and-budget-monitoring.pdf	Worcestershire	08 item 7 Performance and Budget Monitoring	normal
E08000031-wolverhampton-2026-07-01-pensions-committee-325783-7-statement-of-accounts-final-report.pdf	https://wolverhampton.moderngov.co.uk/documents/s325783/7-statement-of-accounts-final-report.pdf	Wolverhampton	7. Statement of Accounts Final Report	normal
E09000031-waltham-forest-2026-06-29-pension-board-109373-appendix-1-unaudited-draft-statement-of.pdf	https://democracy.walthamforest.gov.uk/documents/s109373/appendix-1-unaudited-draft-statement-of-accounts-2025-26-pen.pdf	Waltham Forest	Appendix 1 - Unaudited Draft Statement of Accounts 2025-26 Pension Fund	normal
E07000172-broxtowe-2026-06-25-bramcote-bereavement-servi-42478-annual-report-and-statement-of-accounts.pdf	http://democracy.broxtowe.gov.uk/documents/s42478/annual-report-and-statement-of-accounts-2025-26.pdf	Broxtowe	Annual Report and Statement of Accounts 2025/26	normal
E07000172-broxtowe-2026-06-25-bramcote-bereavement-servi-42537-enc-1-for-annual-report-and-statement-of.pdf	http://democracy.broxtowe.gov.uk/documents/s42537/enc-1-for-annual-report-and-statement-of-accounts-2025-26.pdf	Broxtowe	Enc. 1 for Annual Report and Statement of Accounts 2025/26	normal
mg292-cheshire-fire-authorit-2026-06-24-cheshire-fire-authority-18427-item-3-treasury-management-annual-report.pdf	https://authority.cheshirefire.gov.uk/documents/s18427/item-3-treasury-management-annual-report-2025-26.pdf	Cheshire Fire Authority	Item 3 - Treasury Management Annual Report 2025-26	normal
E08000015-wirral-2026-06-24-local-pension-board-50143394-external-audit-plan-statement-of-account.pdf	https://democracy.wirral.gov.uk/documents/s50143394/external-audit-plan-statement-of-accounts-2024-25.pdf	Wirral	EXTERNAL AUDIT PLAN - STATEMENT OF ACCOUNTS 2024/25	normal
E08000015-wirral-2026-06-24-local-pension-board-50143395-enc-1-for-external-audit-plan-statement.pdf	https://democracy.wirral.gov.uk/documents/s50143395/enc-1-for-external-audit-plan-statement-of-accounts-2024-25.pdf	Wirral	Enc. 1 for EXTERNAL AUDIT PLAN - STATEMENT OF ACCOUNTS 2024/25	normal
E09000015-harrow-2026-06-23-west-london-waste-authorit-200402-2024-25-statement-of-accounts-update.pdf	https://moderngov.harrow.gov.uk/documents/s200402/2024-25-statement-of-accounts-update.pdf	Harrow	2024-25 Statement of Accounts update	normal
E09000015-harrow-2026-06-23-west-london-waste-authorit-200403-statement-of-accounts-a-wlwa-2024-25-sta.pdf	https://moderngov.harrow.gov.uk/documents/s200403/statement-of-accounts-a-wlwa-2024-25-statement-of-accounts-f.pdf	Harrow	Statement of Accounts - a. WLWA 2024-25 Statement of Accounts FINAL	normal
E09000015-harrow-2026-06-23-west-london-waste-authorit-200404-statement-of-accounts-b-wlwa-isa-260-24.pdf	https://moderngov.harrow.gov.uk/documents/s200404/statement-of-accounts-b-wlwa-isa-260-24-25-final.pdf	Harrow	Statement of Accounts - b - WLWA ISA 260 24-25 Final	normal
E09000015-harrow-2026-06-23-west-london-waste-authorit-200406-2025-26-statement-of-accounts-2025-26-an.pdf	https://moderngov.harrow.gov.uk/documents/s200406/2025-26-statement-of-accounts-2025-26-annual-governance-stat.pdf	Harrow	2025-26 - Statement of Accounts - 2025-26 Annual Governance Statement for approval	normal
E06000055-bedford-2026-06-11-budget-and-corporate-servi-81106-item-08-budget-monitoring-2026-27.pdf	https://councillorsupport.bedford.gov.uk/documents/s81106/item-08-budget-monitoring-2026-27.pdf	Bedford	Item 08 Budget Monitoring 2026-27	normal
E10000013-gloucestershire-2026-06-11-pension-committee-117837-agenda-item-10-pension-fund-draft-financ.pdf	https://Gloucestershire.moderngov.co.uk/documents/s117837/agenda-item-10-pension-fund-draft-financial-statements-2025.pdf	Gloucestershire	Agenda Item 10 - Pension Fund Draft Financial Statements 2025-26	normal
E10000013-gloucestershire-2026-06-11-pension-committee-117838-agenda-item-10-pension-fund-draft-financ.pdf	https://Gloucestershire.moderngov.co.uk/documents/s117838/agenda-item-10-pension-fund-draft-financial-statements-2025.pdf	Gloucestershire	Agenda Item 10 - Pension Fund Draft Financial Statements 2025-26 - Appendix 1 - Pension Fund Draft Statement of Accounts 2025-26	normal
E07000215-tandridge-2026-06-09-investment-sub-committee-19407-appendix-d-external-context-for-treasury.pdf	https://Tandridge.moderngov.co.uk/documents/s19407/appendix-d-external-context-for-treasury-managemnet-activity.pdf	Tandridge	Appendix D - External Context for Treasury Managemnet Activity Report	normal
S12000036-city-of-edinburgh-2026-06-08-lothian-valuation-joint-bo-99609-unaudited-annual-accounts-202526-treasur.pdf	https://democracy.edinburgh.gov.uk/documents/s99609/unaudited-annual-accounts-202526-treasury-management-report.pdf	City of Edinburgh	Unaudited Annual Accounts 202526, Treasury Management report 202526 and Revenue Budget 202627 Update	normal
mg362-mid-and-west-wales-fir-2026-06-08-fire-authority-7578-presentation-of-unaudited-statement-of-a.pdf	https://midwestwalesfire.moderngov.co.uk/documents/s7578/presentation-of-unaudited-statement-of-accounts-for-2025-26.pdf	Mid and West Wales Fire	Presentation of Unaudited Statement of Accounts for 2025_26 Report	normal
mg362-mid-and-west-wales-fir-2026-06-08-fire-authority-7579-appendix-1-unaudited-statement-of-accoun.pdf	https://midwestwalesfire.moderngov.co.uk/documents/s7579/appendix-1-unaudited-statement-of-accounts-2025-26.pdf	Mid and West Wales Fire	Appendix 1 - Unaudited Statement of Accounts 2025_26	normal
E06000019-herefordshire-2026-05-21-cabinet-50133821-q4-2025-26-budget-report-main-report.pdf	https://councillors.herefordshire.gov.uk/documents/s50133821/q4-2025-26-budget-report-main-report.pdf	Herefordshire	Q4 2025/26 Budget Report, main report	normal
E07000175-newark-and-sherwood-2026-05-18-mansfield-and-district-cre-26149-annual-statement-of-accounts-2025-2026-r.pdf	https://democracy.newark-sherwooddc.gov.uk/documents/s26149/annual-statement-of-accounts-2025-2026-report.pdf	Newark and Sherwood	Annual Statement of Accounts 2025-2026 Report	normal
E07000175-newark-and-sherwood-2026-05-18-mansfield-and-district-cre-26139-appendix-a-statement-of-accounts-2025-20.pdf	https://democracy.newark-sherwooddc.gov.uk/documents/s26139/appendix-a-statement-of-accounts-2025-2026.pdf	Newark and Sherwood	Appendix A Statement of Accounts 2025-2026	normal
mg288-bedfordshire-fire-and-2026-05-13-fire-and-rescue-authority-6861-13-statement-of-accounts-2023-24-signed.pdf	http://BedsFireResAuth.moderngov.co.uk/documents/s6861/13-statement-of-accounts-2023-24-signed-2502025.pdf	Bedfordshire Fire and Rescue	13 STATEMENT OF ACCOUNTS 2023-24 signed 2502025	normal
mg68-huntingdonshire-2026-04-30-treasury-and-capital-manag-144532-tcmg-treasury-management-update.pdf	http://democracy.huntingdonshire.gov.uk/moderngov/documents/s144532/tcmg-treasury-management-update.pdf	Huntingdonshire	TCMG - Treasury Management Update	normal
mg362-mid-and-west-wales-fir-2026-04-20-resource-management-commit-7490-appendix-d-treasury-budget-monitoring-re.pdf	https://midwestwalesfire.moderngov.co.uk/documents/s7490/appendix-d-treasury-budget-monitoring-report-as-at-28th-febr.pdf	Mid and West Wales Fire	Appendix D - Treasury - Budget Monitoring Report as at 28th February 2026	normal
E06000051-shropshire-2026-04-15-cabinet-44152-20260415-financial-monitoring-period-11.pdf	https://shropshire.gov.uk/committee-services/documents/s44152/20260415-financial-monitoring-period-11-04032026-1555.pdf	Shropshire	20260415 Financial Monitoring Period 11 -04032026 1555	normal
E06000019-herefordshire-2026-04-13-scrutiny-management-board-50133063-q3-2025-26-budget-report-main-report.pdf	https://councillors.herefordshire.gov.uk/documents/s50133063/q3-2025-26-budget-report-main-report.pdf	Herefordshire	Q3 2025/26 Budget Report, main report	normal
E06000019-herefordshire-2026-04-13-scrutiny-management-board-50133066-appendix-c-treasury-management-forecast.pdf	https://councillors.herefordshire.gov.uk/documents/s50133066/appendix-c-treasury-management-forecast-q3-202526.pdf	Herefordshire	Appendix C - Treasury Management Forecast Q3 202526	normal
E07000064-rother-2026-04-13-cabinet-15240-budget-monitoring-2025-26-revenue-capita.pdf	http://Rother.moderngov.co.uk/documents/s15240/budget-monitoring-2025-26-revenue-capital-savings-targets-mo.pdf	Rother	Budget Monitoring 2025/26, Revenue, Capital & Savings Targets Monitoring - Quarter 3 (Period 10) Update	normal
E07000064-rother-2026-04-13-cabinet-15241-appendix-a-revenue-monitoring-position-q.pdf	http://Rother.moderngov.co.uk/documents/s15241/appendix-a-revenue-monitoring-position-qtr-3-period-10-2025.pdf	Rother	Appendix A - Revenue Monitoring Position Qtr 3 (Period 10) 2025/26	normal
mg288-bedfordshire-fire-and-2026-03-26-fire-and-rescue-authority-7407-item-09-treasury-cover-report.pdf	http://BedsFireResAuth.moderngov.co.uk/documents/s7407/item-09-treasury-cover-report.pdf	Bedfordshire Fire and Rescue	Item 09 Treasury cover report	normal
E06000035-medway-2026-03-26-business-support-and-digit-87566-2026-03-26-bsd-o-s-r3-revenue-budget-mon.pdf	http://democracy.medway.gov.uk/documents/s87566/2026-03-26-bsd-o-s-r3-revenue-budget-monitoring-2025-26.pdf	Medway	2026-03-26 - BSD O&S R3 Revenue Budget Monitoring 2025-26	normal
E06000035-medway-2026-03-26-business-support-and-digit-87567-capital-budget-monitoring-round-3-2025-2.pdf	http://democracy.medway.gov.uk/documents/s87567/capital-budget-monitoring-round-3-2025-26.pdf	Medway	Capital Budget Monitoring – Round 3 2025/26	normal
E06000019-herefordshire-2026-03-26-cabinet-50132748-q3-2025-26-budget-report.pdf	https://councillors.herefordshire.gov.uk/documents/s50132748/q3-2025-26-budget-report.pdf	Herefordshire	Q3 2025/26 Budget Report	normal
E06000034-thurrock-2026-03-26-place-overview-and-scrutin-52165-appendix-1-general-fund-reserves-quarter.pdf	https://democracy.thurrock.gov.uk/documents/s52165/appendix-1-general-fund-reserves-quarter-3-place.pdf	Thurrock	Appendix 1 General Fund Reserves Quarter 3 - Place	normal
E06000034-thurrock-2026-03-26-place-overview-and-scrutin-52166-appendix-2-hra-reserves-quarter-3.pdf	https://democracy.thurrock.gov.uk/documents/s52166/appendix-2-hra-reserves-quarter-3.pdf	Thurrock	Appendix 2 HRA Reserves Quarter 3	normal
E07000012-south-cambridgeshire-2026-03-24-cabinet-142762-appendix-c1-c7-revenue-monitoring.pdf	https://scambs.moderngov.co.uk/documents/s142762/appendix-c1-c7-revenue-monitoring.pdf	South Cambridgeshire	Appendix C1-C7 - Revenue Monitoring	normal
E10000034-worcestershire-2026-03-23-corporate-and-communities-60472-item-6-performance-and-budget-monitoring.pdf	http://worcestershire.moderngov.co.uk/documents/s60472/item-6-performance-and-budget-monitoring.pdf	Worcestershire	Item 6 Performance and Budget Monitoring	normal
E10000034-worcestershire-2026-03-20-children-and-families-over-60470-04-item-5-performance-and-in-year-budget.pdf	http://worcestershire.moderngov.co.uk/documents/s60470/04-item-5-performance-and-in-year-budget-monitoring.pdf	Worcestershire	04 Item 5 Performance and In-Year Budget Monitoring	normal
E09000008-croydon-2026-07-29-cabinet-72219-appendix-a-mtfs-summary-2027-30.pdf	https://democracy.croydon.gov.uk/documents/s72219/appendix-a-mtfs-summary-2027-30.pdf	Croydon	Appendix A - MTFS Summary 2027-30	normal
E09000008-croydon-2026-07-29-cabinet-72220-appendix-b-mtfs-detail-by-service-area-2.pdf	https://democracy.croydon.gov.uk/documents/s72220/appendix-b-mtfs-detail-by-service-area-2027-30.pdf	Croydon	Appendix B - MTFS Detail by Service Area 2027-30	normal
E09000005-brent-2026-07-29-resources-and-public-realm-158851-7-budget-and-medium-term-financial-strat.pdf	http://democracy.brent.gov.uk/documents/s158851/7-budget-and-medium-term-financial-strategy-cover-report.pdf	Brent	7. Budget and Medium Term Financial Strategy Cover Report	normal
E09000005-brent-2026-07-29-resources-and-public-realm-158856-7c-appendix-3-medium-term-financial-outl.pdf	http://democracy.brent.gov.uk/documents/s158856/7c-appendix-3-medium-term-financial-outlook.pdf	Brent	7c. Appendix 3 - Medium Term Financial Outlook	normal
mg102-redditch-2026-07-28-executive-59112-medium-term-financial-plan-scene-setting.pdf	http://moderngovwebpublic.redditchbc.gov.uk/documents/s59112/medium-term-financial-plan-scene-setting-report-2027-28.pdf	Redditch	Medium Term Financial Plan Scene Setting Report 2027/28	normal
W06000013-bridgend-2026-07-27-corporate-overview-and-scr-38317-4b-appendix-2-2026-27-mtfs-budget-reduct.pdf	https://democratic.bridgend.gov.uk/documents/s38317/4b-appendix-2-2026-27-mtfs-budget-reductions-risk-tracker-ju.pdf	Bridgend	4b - Appendix 2 - 2026-27 MTFS Budget Reductions Risk Tracker June 2026	normal
E09000005-brent-2026-07-27-cabinet-158749-09-medium-term-financial-outlook.pdf	http://democracy.brent.gov.uk/documents/s158749/09-medium-term-financial-outlook.pdf	Brent	09. Medium Term Financial Outlook	normal
mg19-bromsgrove-2026-07-22-cabinet-68015-medium-term-financial-plan-scene-setting.pdf	https://moderngovwebpublic.bromsgrove.gov.uk/documents/s68015/medium-term-financial-plan-scene-setting-report-2027-28.pdf	Bromsgrove	Medium Term Financial Plan Scene Setting Report 2027/28	normal
E08000031-wolverhampton-2026-07-22-cabinet-327148-appendix-4-2026-2027-budget-and-medium-t.pdf	https://wolverhampton.moderngov.co.uk/documents/s327148/appendix-4-2026-2027-budget-and-medium-term-financial-strate.pdf	Wolverhampton	Appendix 4 - 2026-2027 Budget and Medium Term Financial Strategy (MTFS) Risk Register	normal
W06000013-bridgend-2026-07-21-cabinet-38266-appendix-2-2026-27-mtfs-budget-reduction.pdf	https://democratic.bridgend.gov.uk/documents/s38266/appendix-2-2026-27-mtfs-budget-reductions-risk-tracker-june.pdf	Bridgend	Appendix 2 - 2026-27 MTFS Budget Reductions Risk Tracker June 2026	normal
E09000012-hackney-2026-07-21-scrutiny-panel-99195-item-7d-appendix-2-medium-term-financial.pdf	https://Hackney.moderngov.co.uk/documents/s99195/item-7d-appendix-2-medium-term-financial-plan-2027-28-to-202.pdf	Hackney	Item 7d Appendix 2_ Medium Term Financial Plan 2027_28 to 2029_30	normal
E07000074-maldon-2026-07-16-performance-governance-and-42210-mtfs-final-report-april-2026.pdf	https://democracy.maldon.gov.uk/documents/s42210/mtfs-final-report-april-2026.pdf	Maldon	MTFS - Final Report (April 2026)	normal
E10000031-warwickshire-2026-07-16-cabinet-50239-a-financial-framework-for-the-2027-32-me.pdf	https://democracy.warwickshire.gov.uk/documents/s50239/a-financial-framework-for-the-2027-32-medium-term-financial.pdf	Warwickshire	A Financial Framework for the 2027-32 Medium Term Financial Strategy Refresh	normal
E10000031-warwickshire-2026-07-16-cabinet-50240-appendix-a-2027-32-mtfs-scenarios.pdf	https://democracy.warwickshire.gov.uk/documents/s50240/appendix-a-2027-32-mtfs-scenarios.pdf	Warwickshire	Appendix A - 2027-32 MTFS Scenarios	normal
E09000024-merton-2026-07-13-cabinet-59236-cabinet-july-2026-budget-2027-28-and-mtf.pdf	https://democracy.merton.gov.uk/documents/s59236/cabinet-july-2026-budget-2027-28-and-mtfs-2027-31-initial-up.pdf	Merton	Cabinet July 2026 - Budget 2027=28 and MTFS 2027-31 Initial Update	normal
mg482-rbkc-royal-borough-of-2026-07-08-overview-scrutiny-committe-34487-5-mtfs-202728-to-3031-osc-cover-report.pdf	https://www.rbkc.gov.uk/Committees/documents/s34487/5-mtfs-202728-to-3031-osc-cover-report.pdf	RBKC - Royal Borough of Kensington and Chelsea	5 - MTFS 202728 to 3031 OSC Cover Report	normal
mg482-rbkc-royal-borough-of-2026-07-08-overview-scrutiny-committe-34488-5-medium-term-financial-strategy-2027-28.pdf	https://www.rbkc.gov.uk/Committees/documents/s34488/5-medium-term-financial-strategy-2027-28-to-2030-31-osc.pdf	RBKC - Royal Borough of Kensington and Chelsea	5 - MEDIUM TERM FINANCIAL STRATEGY 2027-28 TO 2030-31 OSC	normal
E09000004-bexley-2026-07-01-public-cabinet-125360-1-medium-term-financial-strategy-july-20.pdf	https://democracy.bexley.gov.uk/documents/s125360/1-medium-term-financial-strategy-july-2026-public-cabinet.pdf	Bexley	1 Medium Term Financial Strategy -July 2026 - Public Cabinet	normal
E09000004-bexley-2026-07-01-public-cabinet-125361-2-mtfs-july-2026-2027-28-to-2030-31-appe.pdf	https://democracy.bexley.gov.uk/documents/s125361/2-mtfs-july-2026-2027-28-to-2030-31-appendix-a-public-cabine.pdf	Bexley	2 MTFS July 2026 - 2027-28 to 2030-31 Appendix A Public Cabinet	normal
E09000023-lewisham-2026-07-01-mayor-and-cabinet-151829-medium-term-financial-strategy-p2-financ.pdf	https://Lewisham.moderngov.co.uk/documents/s151829/medium-term-financial-strategy-p2-financial-monitoring-sign.pdf	Lewisham	Medium Term Financial Strategy - P2 Financial Monitoring SIGN OFF SHEET	normal
E09000023-lewisham-2026-07-01-mayor-and-cabinet-151830-medium-term-financial-strategy-p2-financ.pdf	https://Lewisham.moderngov.co.uk/documents/s151830/medium-term-financial-strategy-p2-financial-monitoring-repor.pdf	Lewisham	Medium Term Financial Strategy - P2 Financial Monitoring REPORT	normal
E09000023-lewisham-2026-07-01-mayor-and-cabinet-151831-medium-term-financial-strategy-p2-financ.pdf	https://Lewisham.moderngov.co.uk/documents/s151831/medium-term-financial-strategy-p2-financial-monitoring-repor.pdf	Lewisham	Medium Term Financial Strategy - P2 Financial Monitoring REPORT Appendices	normal
E09000023-lewisham-2026-07-01-mayor-and-cabinet-151832-medium-term-financial-strategy-sign-off.pdf	https://Lewisham.moderngov.co.uk/documents/s151832/medium-term-financial-strategy-sign-off-sheet.pdf	Lewisham	Medium Term Financial Strategy SIGN OFF SHEET	normal
E09000023-lewisham-2026-07-01-mayor-and-cabinet-151833-medium-term-financial-strategy-report.pdf	https://Lewisham.moderngov.co.uk/documents/s151833/medium-term-financial-strategy-report.pdf	Lewisham	Medium Term Financial Strategy REPORT	normal
W06000013-bridgend-2026-06-29-corporate-overview-and-scr-38112-4b-appendix-2-2025-26-mtfs-budget-reduct.pdf	https://democratic.bridgend.gov.uk/documents/s38112/4b-appendix-2-2025-26-mtfs-budget-reductions-risk-tracker-ma.pdf	Bridgend	4b - Appendix 2 - 2025-26 MTFS Budget Reductions Risk Tracker March 2026	normal
E06000055-bedford-2026-06-25-pension-fund-committee-81191-20260625-agenda-item-11-overpayment-and.pdf	https://councillorsupport.bedford.gov.uk/documents/s81191/20260625-agenda-item-11-overpayment-and-underpayment-of-pens.pdf	Bedford	20260625 Agenda Item 11 - Overpayment and Underpayment of Pension Benefits and Debt Management Policy	normal
E06000055-bedford-2026-06-25-pension-fund-committee-81192-20260625-agenda-item-11-appendix-a-overp.pdf	https://councillorsupport.bedford.gov.uk/documents/s81192/20260625-agenda-item-11-appendix-a-overpayment-and-underpaym.pdf	Bedford	20260625 Agenda Item 11- Appendix A Overpayment and Underpayment of Pension Benefits and Debt Recovery Policy 2026	normal
S12000036-city-of-edinburgh-2026-06-25-city-of-edinburgh-council-100655-7-7-budget-strategy-and-medium-term-fina.pdf	https://democracy.edinburgh.gov.uk/documents/s100655/7-7-budget-strategy-and-medium-term-financial-plan-mtfp-2026.pdf	City of Edinburgh	7.7 - Budget Strategy and Medium-Term Financial Plan (MTFP) 202631 – Progress Update - referral from the F&R	normal
S12000036-city-of-edinburgh-2026-06-25-city-of-edinburgh-council-100597-item-7-7-budget-strategy-and-medium-term.pdf	https://democracy.edinburgh.gov.uk/documents/s100597/item-7-7-budget-strategy-and-medium-term-financial-plan-mtfp.pdf	City of Edinburgh	Item 7.7 - Budget Strategy and Medium-Term Financial Plan (MTFP) 202631 – progress update	normal
S12000036-city-of-edinburgh-2026-06-25-city-of-edinburgh-council-100596-item-7-7-appendices-budget-stratefy-and.pdf	https://democracy.edinburgh.gov.uk/documents/s100596/item-7-7-appendices-budget-stratefy-and-medium-term-financia.pdf	City of Edinburgh	Item 7.7 - Appendices - Budget Stratefy and Medium-Term Financial Plan (MRFP) - 2026 31 Progress Update	normal
W06000013-bridgend-2026-06-24-council-38073-appendix-2-2025-26-mtfs-budget-reduction.pdf	https://democratic.bridgend.gov.uk/documents/s38073/appendix-2-2025-26-mtfs-budget-reductions-risk-tracker-march.pdf	Bridgend	Appendix 2 - 2025-26 MTFS Budget Reductions Risk Tracker March 2026	normal
W06000013-bridgend-2026-06-23-cabinet-38061-appendix-2-2025-26-mtfs-budget-reduction.pdf	https://democratic.bridgend.gov.uk/documents/s38061/appendix-2-2025-26-mtfs-budget-reductions-risk-tracker-march.pdf	Bridgend	Appendix 2 - 2025-26 MTFS Budget Reductions Risk Tracker March 2026	normal
S12000036-city-of-edinburgh-2026-06-23-finance-and-resources-comm-100411-8-4-budget-strategy-and-medium-term-fina.pdf	https://democracy.edinburgh.gov.uk/documents/s100411/8-4-budget-strategy-and-medium-term-financial-plan-mtfp-2026.pdf	City of Edinburgh	8.4 - Budget Strategy and Medium-Term Financial Plan (MTFP) 202631 – progress update	normal
S12000036-city-of-edinburgh-2026-06-23-finance-and-resources-comm-100412-8-4-appendices-budget-stratefy-and-mediu.pdf	https://democracy.edinburgh.gov.uk/documents/s100412/8-4-appendices-budget-stratefy-and-medium-term-financial-pla.pdf	City of Edinburgh	8.4 - Appendices - Budget Stratefy and Medium-Term Financial Plan (MRFP) - 2026 31 Progress Update	normal
E06000008-blackburn-with-darwen-2026-06-11-executive-board-33995-update-to-the-medium-term-financial-plan.pdf	https://democracy.blackburn.gov.uk/documents/s33995/update-to-the-medium-term-financial-plan-2027-30-and-develop.pdf	Blackburn with Darwen	Update to the Medium Term Financial Plan 2027/30 and Development of the Budget 2027/28	normal
E06000008-blackburn-with-darwen-2026-06-11-executive-board-33996-update-to-the-medium-term-financial-plan.pdf	https://democracy.blackburn.gov.uk/documents/s33996/update-to-the-medium-term-financial-plan-2027-30-and-develop.pdf	Blackburn with Darwen	Update to the Medium Term Financial Plan 2027/30 and Development of the Budget 2027/28 EIA Checklist	normal
E06000008-blackburn-with-darwen-2026-06-11-executive-board-33998-appendix-1-for-update-to-the-medium-term.pdf	https://democracy.blackburn.gov.uk/documents/s33998/appendix-1-for-update-to-the-medium-term-financial-plan-2027.pdf	Blackburn with Darwen	Appendix 1 for Update to the Medium Term Financial Plan 2027/30 and Development of the Budget 2027/28	normal
E06000008-blackburn-with-darwen-2026-06-11-executive-board-33999-appendix-2-for-update-to-the-medium-term.pdf	https://democracy.blackburn.gov.uk/documents/s33999/appendix-2-for-update-to-the-medium-term-financial-plan-2027.pdf	Blackburn with Darwen	Appendix 2 for Update to the Medium Term Financial Plan 2027/30 and Development of the Budget 2027/28	normal
E06000008-blackburn-with-darwen-2026-06-11-executive-board-34000-appendix-3-for-update-to-the-medium-term.pdf	https://democracy.blackburn.gov.uk/documents/s34000/appendix-3-for-update-to-the-medium-term-financial-plan-2027.pdf	Blackburn with Darwen	Appendix 3 for Update to the Medium Term Financial Plan 2027/30 and Development of the Budget 2027/28	normal
E06000008-blackburn-with-darwen-2026-06-11-executive-board-34001-appendix-4-for-update-to-the-medium-term.pdf	https://democracy.blackburn.gov.uk/documents/s34001/appendix-4-for-update-to-the-medium-term-financial-plan-2027.pdf	Blackburn with Darwen	Appendix 4 for Update to the Medium Term Financial Plan 2027/30 and Development of the Budget 2027/28	normal
E06000055-bedford-2026-05-21-bedfordshire-local-pension-80884-20260521-agenda-item-8-overpayment-and-u.pdf	https://councillorsupport.bedford.gov.uk/documents/s80884/20260521-agenda-item-8-overpayment-and-underpayment-of-pensi.pdf	Bedford	20260521 Agenda Item 8 - Overpayment and Underpayment of Pension Benefits and Debt Recovery Policy	normal
E06000055-bedford-2026-05-21-bedfordshire-local-pension-80885-20260521-agenda-item-8-appendix-a-overpa.pdf	https://councillorsupport.bedford.gov.uk/documents/s80885/20260521-agenda-item-8-appendix-a-overpayment-and-underpayme.pdf	Bedford	20260521 Agenda Item 8- Appendix A Overpayment and Underpayment of Pension Benefits and Debt Recovery Policy 2026	normal
E10000016-kent-2026-03-26-cabinet-136263-late-changes-to-the-2026-27-revenue-budg.pdf	https://democracy.kent.gov.uk/documents/s136263/late-changes-to-the-2026-27-revenue-budget-and-2026-2029-med.pdf	Kent	Late changes to the 2026-27 Revenue Budget and 2026-2029 Medium Term Financial Plan (MTFP)	normal
E09000015-harrow-2026-03-25-performance-and-finance-sc-199052-final-revenue-budget-2026-27-and-medium.pdf	https://moderngov.harrow.gov.uk/documents/s199052/final-revenue-budget-2026-27-and-medium-term-financial-strat.pdf	Harrow	Final Revenue Budget 2026-27 and Medium Term Financial Strategy to 2028-29 Report	normal
E09000015-harrow-2026-03-25-performance-and-finance-sc-199055-appendix-2-mtfs-2026-27-to-2028-29-for-f.pdf	https://moderngov.harrow.gov.uk/documents/s199055/appendix-2-mtfs-2026-27-to-2028-29-for-final-budget-report-f.pdf	Harrow	Appendix 2 MTFS 2026-27 to 2028-29 for Final Budget Report (Feb 2026) v2	normal
E09000015-harrow-2026-03-25-performance-and-finance-sc-199071-appendix-2-2025-26-mtfs-tracker.pdf	https://moderngov.harrow.gov.uk/documents/s199071/appendix-2-2025-26-mtfs-tracker.pdf	Harrow	Appendix 2 - 2025-26 MTFS Tracker	normal
E06000040-windsor-and-maidenhead-2026-03-24-cabinet-71053-appendix-2-medium-term-financial-strateg.pdf	https://RBWM.moderngov.co.uk/documents/s71053/appendix-2-medium-term-financial-strategy-2026-31.pdf	Windsor and Maidenhead	Appendix 2 - Medium Term Financial Strategy 2026-31	normal
E06000034-thurrock-2026-07-15-cabinet-53323-appendix-3-revenue-reserves-31-03-2026.pdf	https://democracy.thurrock.gov.uk/documents/s53323/appendix-3-revenue-reserves-31-03-2026.pdf	Thurrock	Appendix 3 - Revenue Reserves 31.03.2026	normal
E06000066-somerset-2026-07-08-scrutiny-committee-corpora-68209-reserves-policy-2026-2027-and-reserves-r.pdf	https://Somerset.moderngov.co.uk/documents/s68209/reserves-policy-2026-2027-and-reserves-review-scope.pdf	Somerset	Reserves Policy 2026-2027 and Reserves Review Scope	normal
E06000066-somerset-2026-07-08-scrutiny-committee-corpora-68210-appendix-a-draft-reserves-policy-2026-20.pdf	https://Somerset.moderngov.co.uk/documents/s68210/appendix-a-draft-reserves-policy-2026-2027.pdf	Somerset	Appendix A: Draft Reserves Policy 2026-2027	normal
E09000007-camden-2026-07-06-cabinet-133933-appendix-a-allocation-of-reserves.pdf	https://Camden.moderngov.co.uk/documents/s133933/appendix-a-allocation-of-reserves.pdf	Camden	Appendix A - Allocation of Reserves	normal
E09000007-camden-2026-07-02-resources-and-corporate-pe-134002-appendix-a-allocation-of-reserves.pdf	https://Camden.moderngov.co.uk/documents/s134002/appendix-a-allocation-of-reserves.pdf	Camden	Appendix A - Allocation of Reserves	normal
E10000034-worcestershire-2026-07-02-cabinet-61184-4-appendix-6-use-of-reserves.pdf	http://worcestershire.moderngov.co.uk/documents/s61184/4-appendix-6-use-of-reserves.pdf	Worcestershire	4 Appendix 6 - Use of Reserves	normal
E10000034-worcestershire-2026-07-02-cabinet-61185-4-appendix-7-trf-to-reserves.pdf	http://worcestershire.moderngov.co.uk/documents/s61185/4-appendix-7-trf-to-reserves.pdf	Worcestershire	4 Appendix 7 - Trf to Reserves	normal
E10000034-worcestershire-2026-07-02-cabinet-61186-4-appendix-8-statement-of-reserves.pdf	http://worcestershire.moderngov.co.uk/documents/s61186/4-appendix-8-statement-of-reserves.pdf	Worcestershire	4 Appendix 8 - Statement of Reserves	normal
mg473-avon-fire-and-rescue-2026-07-01-avon-fire-authority-5639-appendix-2-202627-202829-revised-capital.pdf	https://AvonFire.moderngov.co.uk/documents/s5639/appendix-2-202627-202829-revised-capital-programme.pdf	Avon Fire and Rescue	Appendix 2 202627 - 202829 Revised Capital Programme	normal
E07000062-hastings-2026-07-01-overview-and-scrutiny-comm-59476-appendix1-budgetmonitoringtables202526p1.pdf	http://hastings.moderngov.co.uk/documents/s59476/appendix1-budgetmonitoringtables202526p12march2026afterreser.pdf	Hastings	Appendix1 BudgetMonitoringTables202526P12March2026afterreserves, 08/06/2026 Cabinet	normal
E06000066-somerset-2026-07-01-executive-68070-reserves-policy-2026-27-and-reserves-rev.pdf	https://Somerset.moderngov.co.uk/documents/s68070/reserves-policy-2026-27-and-reserves-review-scope.pdf	Somerset	Reserves Policy 2026-27 and Reserves Review Scope	normal
E06000066-somerset-2026-07-01-executive-68071-appendix-a-draft-reserves-policy-2026-27.pdf	https://Somerset.moderngov.co.uk/documents/s68071/appendix-a-draft-reserves-policy-2026-27.pdf	Somerset	Appendix A - Draft Reserves Policy 2026-27	normal
E10000031-warwickshire-2026-06-25-portfolio-holder-decisions-49919-addition-to-education-capital-programme.pdf	https://democracy.warwickshire.gov.uk/documents/s49919/addition-to-education-capital-programme-welcombe-hills-schoo.pdf	Warwickshire	Addition to Education Capital Programme - Welcombe Hills School	normal
E06000058-bournemouth-christchur-2026-06-24-cabinet-66641-appendix-b-earmarked-reserves-at-31-marc.pdf	https://bcpcouncil.moderngov.co.uk/documents/s66641/appendix-b-earmarked-reserves-at-31-march-2026.pdf	Bournemouth, Christchurch and Poole	Appendix B Earmarked Reserves at 31 March 2026	normal
E47000008-cambridgeshire-and-pet-2026-06-22-funding-committee-7012-appendix-a-skills-capital-programme-post.pdf	https://cambridgeshirepeterborough-ca.moderngov.co.uk/documents/s7012/appendix-a-skills-capital-programme-post-16-capacity-busines.pdf	Cambridgeshire and Peterborough	Appendix A - Skills Capital Programme (Post-16 Capacity) - Business Case (FINAL)	normal
E47000008-cambridgeshire-and-pet-2026-06-22-funding-committee-7017-appendix-b-skills-capital-programme-post.pdf	https://cambridgeshirepeterborough-ca.moderngov.co.uk/documents/s7017/appendix-b-skills-capital-programme-post-16-capacity-logic-m.pdf	Cambridgeshire and Peterborough	Appendix B- Skills Capital Programme (Post-16 Capacity) - Logic Model	normal
E47000008-cambridgeshire-and-pet-2026-06-22-funding-committee-7014-appendix-c-skills-capital-programme-post.pdf	https://cambridgeshirepeterborough-ca.moderngov.co.uk/documents/s7014/appendix-c-skills-capital-programme-post-16-capacity-m-e-pla.pdf	Cambridgeshire and Peterborough	Appendix C - Skills Capital Programme (Post-16 Capacity) - M&E Plan	normal
E47000008-cambridgeshire-and-pet-2026-06-22-funding-committee-7015-appendix-d-skills-capital-programme-post.pdf	https://cambridgeshirepeterborough-ca.moderngov.co.uk/documents/s7015/appendix-d-skills-capital-programme-post-16-capacity-data-pr.pdf	Cambridgeshire and Peterborough	Appendix D-Skills Capital Programme (Post-16 Capacity) - Data Protection Impact Assessment Screening Checklist	normal
E47000008-cambridgeshire-and-pet-2026-06-22-funding-committee-7016-appendix-e-skills-capital-programme-post.pdf	https://cambridgeshirepeterborough-ca.moderngov.co.uk/documents/s7016/appendix-e-skills-capital-programme-post-16-capacity-equalit.pdf	Cambridgeshire and Peterborough	Appendix E - Skills Capital Programme (Post-16 Capacity) - Equality Impact Assessment	normal
S12000034-aberdeenshire-2026-06-18-infrastructure-services-co-44433-roads-and-infrastructure-capital-program.pdf	https://Aberdeenshire.moderngov.co.uk/documents/s44433/roads-and-infrastructure-capital-programmes-of-work-2026-27.pdf	Aberdeenshire	Roads and Infrastructure Capital Programmes of Work 2026-27	normal
E06000058-bournemouth-christchur-2026-06-15-overview-and-scrutiny-boar-66650-appendix-b-earmarked-reserves-at-31-marc.pdf	https://bcpcouncil.moderngov.co.uk/documents/s66650/appendix-b-earmarked-reserves-at-31-march-2026.pdf	Bournemouth, Christchurch and Poole	Appendix B Earmarked Reserves at 31 March 2026	normal
E10000031-warwickshire-2026-06-11-portfolio-holder-decisions-49707-addition-to-education-capital-programme.pdf	https://democracy.warwickshire.gov.uk/documents/s49707/addition-to-education-capital-programme-outwoods-primary-sch.pdf	Warwickshire	Addition to Education Capital Programme - Outwoods Primary School	normal
mg113-aberdeen-2026-06-10-net-zero-environment-and-t-180056-2026-27-roads-capital-programme-appendic.pdf	https://Aberdeen.moderngov.co.uk/documents/s180056/2026-27-roads-capital-programme-appendices-public.pdf	Aberdeen	2026-27 Roads capital programme - Appendices Public	normal
E10000018-leicestershire-2026-06-10-scrutiny-commission-196553-appendix-c-earmarked-reserves-balances.pdf	https://democracy.leics.gov.uk/documents/s196553/appendix-c-earmarked-reserves-balances.pdf	Leicestershire	Appendix C - Earmarked Reserves balances	normal
E06000066-somerset-2026-06-10-scrutiny-committee-corpora-66958-appendix-j-earmarked-reserves.pdf	https://Somerset.moderngov.co.uk/documents/s66958/appendix-j-earmarked-reserves.pdf	Somerset	Appendix J: Earmarked Reserves	normal
E07000062-hastings-2026-06-08-cabinet-59238-appendix1-budgetmonitoringtables202526p1.pdf	http://hastings.moderngov.co.uk/documents/s59238/appendix1-budgetmonitoringtables202526p12march2026afterreser.pdf	Hastings	Appendix1 BudgetMonitoringTables202526P12March2026afterreserves	normal
E06000066-somerset-2026-06-03-executive-66743-appendix-j-earmarked-reserves.pdf	https://Somerset.moderngov.co.uk/documents/s66743/appendix-j-earmarked-reserves.pdf	Somerset	Appendix J - Earmarked Reserves	normal
S12000036-city-of-edinburgh-2026-06-01-housing-homelessness-and-f-98994-4-1-2026-27-hra-capital-programme.pdf	https://democracy.edinburgh.gov.uk/documents/s98994/4-1-2026-27-hra-capital-programme.pdf	City of Edinburgh	4.1 - 2026-27 HRA Capital Programme	normal
S12000036-city-of-edinburgh-2026-06-01-housing-homelessness-and-f-98995-4-1-202627-hra-capital-programme-appendi.pdf	https://democracy.edinburgh.gov.uk/documents/s98995/4-1-202627-hra-capital-programme-appendix-1.pdf	City of Edinburgh	4.1 - 202627 HRA Capital Programme - Appendix 1	normal
S12000036-city-of-edinburgh-2026-06-01-housing-homelessness-and-f-98996-4-1-202627-hra-capital-programme-appendi.pdf	https://democracy.edinburgh.gov.uk/documents/s98996/4-1-202627-hra-capital-programme-appendix-2.pdf	City of Edinburgh	4.1 - 202627 HRA Capital Programme - Appendix 2	normal
S12000036-city-of-edinburgh-2026-06-01-housing-homelessness-and-f-98997-4-1-202627-hra-capital-programme-appendi.pdf	https://democracy.edinburgh.gov.uk/documents/s98997/4-1-202627-hra-capital-programme-appendix-3.pdf	City of Edinburgh	4.1 - 202627 HRA Capital Programme - Appendix 3	normal
S12000036-city-of-edinburgh-2026-06-01-housing-homelessness-and-f-98998-4-1-202627-hra-capital-programme-appendi.pdf	https://democracy.edinburgh.gov.uk/documents/s98998/4-1-202627-hra-capital-programme-appendix-4.pdf	City of Edinburgh	4.1 - 202627 HRA Capital Programme - Appendix 4	normal
E10000018-leicestershire-2026-05-26-cabinet-196275-appendix-c-earmarked-reserves-balances.pdf	https://democracy.leics.gov.uk/documents/s196275/appendix-c-earmarked-reserves-balances.pdf	Leicestershire	Appendix C - Earmarked Reserves balances	normal
E06000063-cumberland-2026-04-23-highways-and-transport-str-30412-capital-programme-update.pdf	https://Cumberland.moderngov.co.uk/documents/s30412/capital-programme-update.pdf	Cumberland	Capital Programme Update	normal
mg482-rbkc-royal-borough-of-2026-03-25-leadership-team-32499-appendix-1-capital-programme.pdf	https://www.rbkc.gov.uk/Committees/documents/s32499/appendix-1-capital-programme.pdf	RBKC - Royal Borough of Kensington and Chelsea	Appendix 1 - Capital Programme	normal
E47000002-south-yorkshire-mayora-2026-03-24-mayoral-combined-authority-20951-20-ix-appendix-i-police-budget-capital-s.pdf	https://southyorkshire-ca.moderngov.co.uk/documents/s20951/20-ix-appendix-i-police-budget-capital-strategy-2026-30.pdf	South Yorkshire Mayoral Combined Authority	20.ix. Appendix I - Police Budget Capital Strategy 2026-30	normal
E10000031-warwickshire-2026-03-23-portfolio-holder-decisions-48553-addition-to-the-education-capital-progra.pdf	https://democracy.warwickshire.gov.uk/documents/s48553/addition-to-the-education-capital-programme.pdf	Warwickshire	Addition to the Education Capital Programme	normal
E10000031-warwickshire-2026-03-23-portfolio-holder-decisions-48756-signed-decision-addition-to-the-educatio.pdf	https://democracy.warwickshire.gov.uk/documents/s48756/signed-decision-addition-to-the-education-capital-programme.pdf	Warwickshire	SIGNED DECISION- Addition to the Education Capital Programme	normal
E08000015-wirral-2026-03-23-senior-officer-appointment-50139392-appendix-6-job-description-director-of-c.pdf	https://democracy.wirral.gov.uk/documents/s50139392/appendix-6-job-description-director-of-capital-programmes-an.pdf	Wirral	Appendix 6: Job Description – Director of Capital Programmes and Assets	normal
W06000022-newport-2026-07-30-governance-and-audit-commi-36386-annual-governance-statement-25-26-cover.pdf	https://democracy.newport.gov.uk/documents/s36386/annual-governance-statement-25-26-cover-report.pdf	Newport	Annual Governance Statement 25-26 Cover Report	normal
W06000022-newport-2026-07-30-governance-and-audit-commi-36387-draft-annual-governance-statement-25-26.pdf	https://democracy.newport.gov.uk/documents/s36387/draft-annual-governance-statement-25-26.pdf	Newport	DRAFT Annual Governance Statement 25-26	normal
E07000112-folkestone-and-hythe-2026-07-29-audit-and-governance-commi-56006-1-ag-covering-report-2025-26-annual-gove.pdf	https://Folkestone-Hythe.moderngov.co.uk/documents/s56006/1-ag-covering-report-2025-26-annual-governance-statement-v2.pdf	Folkestone and Hythe	1. AG Covering Report 2025-26 Annual Governance Statement v2	normal
E07000112-folkestone-and-hythe-2026-07-29-audit-and-governance-commi-56007-appendix-1-annual-governance-statement-2.pdf	https://Folkestone-Hythe.moderngov.co.uk/documents/s56007/appendix-1-annual-governance-statement-2025-26-position.pdf	Folkestone and Hythe	Appendix 1 ANNUAL GOVERNANCE STATEMENT 2025-26 position	normal
E07000068-brentwood-2026-07-28-audit-governance-standards-31095-local-code-of-corporate-governance-and-a.pdf	http://brentwood.moderngov.co.uk/documents/s31095/local-code-of-corporate-governance-and-annual-governance-sta.pdf	Brentwood	Local Code of Corporate Governance and Annual Governance Statement 2025/2026	normal
E07000068-brentwood-2026-07-28-audit-governance-standards-31096-appendix-a-annual-governance-statement.pdf	http://brentwood.moderngov.co.uk/documents/s31096/appendix-a-annual-governance-statement.pdf	Brentwood	Appendix A: Annual Governance Statement	normal
E07000068-brentwood-2026-07-28-audit-governance-standards-31097-appendix-b-local-code-of-corporate-gover.pdf	http://brentwood.moderngov.co.uk/documents/s31097/appendix-b-local-code-of-corporate-governance-and-annual-gov.pdf	Brentwood	Appendix B: Local Code of Corporate Governance and Annual Governance Statement 2025/2026	normal
E07000133-melton-2026-07-28-audit-and-standards-commit-32224-draft-annual-governance-statement-2025-2.pdf	https://democracy.melton.gov.uk/documents/s32224/draft-annual-governance-statement-2025-26.pdf	Melton	Draft Annual Governance Statement 2025/26	normal
E07000133-melton-2026-07-28-audit-and-standards-commit-32225-appendix-a-draft-annual-governance-state.pdf	https://democracy.melton.gov.uk/documents/s32225/appendix-a-draft-annual-governance-statement-2025-26.pdf	Melton	Appendix A - Draft Annual Governance Statement 2025/26	normal
E07000215-tandridge-2026-07-28-audit-scrutiny-committee-19777-annual-governance-statement-report.pdf	https://Tandridge.moderngov.co.uk/documents/s19777/annual-governance-statement-report.pdf	Tandridge	Annual Governance Statement Report	normal
E08000033-calderdale-2026-07-27-audit-committee-19940-6-draft-annual-governance-statement-2025.pdf	https://Calderdale.moderngov.co.uk/documents/s19940/6-draft-annual-governance-statement-2025-26.pdf	Calderdale	6. Draft Annual Governance Statement 2025-26	normal
E08000033-calderdale-2026-07-27-audit-committee-19941-6-draft-annual-governance-statement-2025.pdf	https://Calderdale.moderngov.co.uk/documents/s19941/6-draft-annual-governance-statement-2025-26.pdf	Calderdale	6. DRAFT ANNUAL GOVERNANCE STATEMENT 2025-26	normal
E07000079-cotswold-2026-07-27-audit-governance-committee-16360-fin202603-annual-governance-statement-20.pdf	https://meetings.cotswold.gov.uk/documents/s16360/fin202603-annual-governance-statement-2025-26.pdf	Cotswold	FIN202603 - Annual Governance Statement 2025-26	normal
E07000087-fareham-2026-07-27-audit-and-governance-commi-49820-annual-governance-statement-2025-26.pdf	https://moderngov.fareham.gov.uk/documents/s49820/annual-governance-statement-2025-26.pdf	Fareham	Annual Governance Statement 2025-26	normal
E07000087-fareham-2026-07-27-audit-and-governance-commi-49851-appendix-d-draft-annual-governance-state.pdf	https://moderngov.fareham.gov.uk/documents/s49851/appendix-d-draft-annual-governance-statement.pdf	Fareham	Appendix D - Draft Annual Governance Statement	normal
E09000005-brent-2026-07-27-audit-and-standards-adviso-158845-08b-appendix-2-debt-and-investments-port.pdf	http://democracy.brent.gov.uk/documents/s158845/08b-appendix-2-debt-and-investments-portfolio-2025-26.pdf	Brent	08b. Appendix 2- Debt and Investments Portfolio 2025.26	normal
E06000063-cumberland-2026-07-27-audit-and-risk-committee-57010-draft-annual-governance-statement-2025-2.pdf	https://Cumberland.moderngov.co.uk/documents/s57010/draft-annual-governance-statement-2025-26.pdf	Cumberland	Draft Annual Governance Statement 2025/26	normal
E06000063-cumberland-2026-07-27-audit-and-risk-committee-57011-draft-annual-governance-statement-2025-2.pdf	https://Cumberland.moderngov.co.uk/documents/s57011/draft-annual-governance-statement-2025-26-appendix.pdf	Cumberland	Draft Annual Governance Statement 2025/26 Appendix	normal
E08000028-sandwell-2026-07-27-audit-and-risk-assurance-c-35006-annual-governance-statement-2025-26.pdf	https://Sandwell.moderngov.co.uk/documents/s35006/annual-governance-statement-2025-26.pdf	Sandwell	Annual Governance Statement 2025/26	normal
E08000028-sandwell-2026-07-27-audit-and-risk-assurance-c-35160-appendix-1-annual-governance-statement-2.pdf	https://Sandwell.moderngov.co.uk/documents/s35160/appendix-1-annual-governance-statement-2025-26.pdf	Sandwell	Appendix 1 - Annual Governance Statement 2025_26	normal
E07000041-exeter-2026-07-23-audit-and-governance-commi-105809-9-annual-governance-statement-2025-26-co.pdf	https://modgov.exeter.gov.uk/documents/s105809/9-annual-governance-statement-2025-26-covering-report.pdf	Exeter	9. Annual Governance Statement 2025-26 covering report	normal
E07000041-exeter-2026-07-23-audit-and-governance-commi-105810-9-annual-governance-statement-2025-26.pdf	https://modgov.exeter.gov.uk/documents/s105810/9-annual-governance-statement-2025-26.pdf	Exeter	9. Annual Governance Statement 2025-26	normal
E10000016-kent-2026-07-23-governance-and-audit-commi-138180-covering-report-annual-governance-statem.pdf	https://democracy.kent.gov.uk/documents/s138180/covering-report-annual-governance-statement-2025-26.pdf	Kent	Covering Report - Annual Governance Statement 2025-26	normal
E10000016-kent-2026-07-23-governance-and-audit-commi-138181-draft-annual-governance-statement-2025-2.pdf	https://democracy.kent.gov.uk/documents/s138181/draft-annual-governance-statement-2025-26.pdf	Kent	Draft Annual Governance Statement 2025-26	normal
E06000002-middlesbrough-2026-07-23-audit-committee-44157-draft-annual-governance-statement.pdf	https://middlesbrough.moderngov.co.uk/documents/s44157/draft-annual-governance-statement.pdf	Middlesbrough	Draft Annual Governance Statement	normal
E06000002-middlesbrough-2026-07-23-audit-committee-44158-appendix-1-draft-annual-governance-state.pdf	https://middlesbrough.moderngov.co.uk/documents/s44158/appendix-1-draft-annual-governance-statement-ags-2025-2026.pdf	Middlesbrough	Appendix 1: Draft Annual Governance Statement (AGS) 2025/2026	normal
E07000199-tamworth-2026-07-23-cabinet-44935-public-space-protection-order-borrowpit.pdf	https://Tamworth.moderngov.co.uk/documents/s44935/public-space-protection-order-borrowpit-lake.pdf	Tamworth	Public Space Protection Order Borrowpit Lake	normal
E07000199-tamworth-2026-07-23-cabinet-44936-appendix-1-public-space-protection-order.pdf	https://Tamworth.moderngov.co.uk/documents/s44936/appendix-1-public-space-protection-order-borrowpit-lake.pdf	Tamworth	Appendix 1 Public Space Protection Order Borrowpit Lake	normal
E06000062-west-northamptonshire-2026-07-23-audit-and-governance-commi-29306-a-g-committee-report-23-july-2026-annual.pdf	https://WestNorthants.moderngov.co.uk/documents/s29306/a-g-committee-report-23-july-2026-annual-governance-statemen.pdf	West Northamptonshire	A&G Committee Report 23 July 2026 - Annual Governance Statement 2025-26	normal
E09000030-tower-hamlets-2026-07-23-audit-committee-273949-mrp-paper-v1.pdf	https://TowerHamlets.moderngov.co.uk/documents/s273949/mrp-paper-v1.pdf	Tower Hamlets	MRP paper_v1	normal
E09000030-tower-hamlets-2026-07-23-audit-committee-273946-annex-a-minimum-revenue-provision-statem.pdf	https://TowerHamlets.moderngov.co.uk/documents/s273946/annex-a-minimum-revenue-provision-statement-2026-27.pdf	Tower Hamlets	Annex A - Minimum Revenue Provision Statement 2026/27	normal
E07000177-cherwell-2026-07-22-audit-and-governance-commi-63853-annual-governance-statement-2025-26.pdf	https://modgov.cherwell.gov.uk/documents/s63853/annual-governance-statement-2025-26.pdf	Cherwell	Annual Governance Statement 2025-26	normal
E08000002-bury-2026-07-22-audit-committee-50986-draft-annual-governance-statement-2025-2.pdf	https://councildecisions.bury.gov.uk/documents/s50986/draft-annual-governance-statement-2025-26.pdf	Bury	Draft Annual Governance Statement 2025-26	normal
E07000107-dartford-2026-07-22-audit-board-82067-annual-governance-statement-report.pdf	https://Dartford.moderngov.co.uk/documents/s82067/annual-governance-statement-report.pdf	Dartford	Annual Governance Statement - report	normal
E07000107-dartford-2026-07-22-audit-board-82068-annual-governance-statement-2025-26-app.pdf	https://Dartford.moderngov.co.uk/documents/s82068/annual-governance-statement-2025-26-app-a.pdf	Dartford	Annual Governance Statement - 2025-26- APP A	normal
E07000147-north-norfolk-2026-07-22-council-23205-debt-recovery-report-for-2025-26.pdf	https://modgov.north-norfolk.gov.uk/documents/s23205/debt-recovery-report-for-2025-26.pdf	North Norfolk	Debt Recovery Report for 2025-26	normal
E07000147-north-norfolk-2026-07-22-council-23206-corporate-debt-management-and-recovery-p.pdf	https://modgov.north-norfolk.gov.uk/documents/s23206/corporate-debt-management-and-recovery-policy-app-1-of-debt.pdf	North Norfolk	CORPORATE DEBT MANAGEMENT AND RECOVERY POLICY App 1 of Debt Report	normal
E07000147-north-norfolk-2026-07-22-council-23207-debt-write-off-policy-app-2-of-debt-repo.pdf	https://modgov.north-norfolk.gov.uk/documents/s23207/debt-write-off-policy-app-2-of-debt-report.pdf	North Norfolk	Debt Write Off Policy App 2 of Debt Report	normal
E07000147-north-norfolk-2026-07-22-council-23208-recovery-methods-including-enforcement-a.pdf	https://modgov.north-norfolk.gov.uk/documents/s23208/recovery-methods-including-enforcement-agent-code-of-practic.pdf	North Norfolk	Recovery Methods including Enforcement Agent Code of Practice and Enforcement Agent Instructions App 3 of Debt Report	normal
E07000147-north-norfolk-2026-07-22-council-23213-housing-benefit-annual-debt-management-r.pdf	https://modgov.north-norfolk.gov.uk/documents/s23213/housing-benefit-annual-debt-management-report-2025-26-v2.pdf	North Norfolk	Housing Benefit Annual Debt Management Report (2025-26) v2	normal
E08000004-oldham-2026-07-22-audit-committee-160737-appendix-5-debt-recovery.pdf	http://committees.oldham.gov.uk/documents/s160737/appendix-5-debt-recovery.pdf	Oldham	Appendix 5 - Debt Recovery	normal
E07000093-test-valley-2026-07-22-council-41076-annual-governance-statement-annex-1.pdf	https://TestValley.moderngov.co.uk/documents/s41076/annual-governance-statement-annex-1.pdf	Test Valley	Annual Governance Statement Annex 1	normal
E07000093-test-valley-2026-07-22-council-40962-annex-1-app-2-annual-governance-statemen.pdf	https://TestValley.moderngov.co.uk/documents/s40962/annex-1-app-2-annual-governance-statement.pdf	Test Valley	Annex 1 App 2- Annual Governance Statement	normal
E08000031-wolverhampton-2026-07-22-cabinet-327147-appendix-2-debt-write-off.pdf	https://wolverhampton.moderngov.co.uk/documents/s327147/appendix-2-debt-write-off.pdf	Wolverhampton	Appendix 2 - Debt Write Off	normal
E09000003-barnet-2026-07-21-cabinet-96137-appendix-b-bad-debt-write-offs.pdf	http://barnet.moderngov.co.uk/documents/s96137/appendix-b-bad-debt-write-offs.pdf	Barnet	Appendix B - Bad Debt Write Offs	normal
mg57-greenwich-2026-07-21-audit-and-risk-management-20260-annual-governance-statement-202526.pdf	https://committees.royalgreenwich.gov.uk/documents/s20260/annual-governance-statement-202526.pdf	Greenwich	Annual Governance Statement 202526	normal
E07000089-hart-2026-07-21-audit-committee-14446-annual-governance-statement-25-26-may-pu.pdf	https://Hart.moderngov.co.uk/documents/s14446/annual-governance-statement-25-26-may-publication-draft.pdf	Hart	Annual Governance Statement 25-26 May publication draft	normal
E07000175-newark-and-sherwood-2026-07-21-cabinet-26847-21-07-26-single-view-of-debt-svod.pdf	https://democracy.newark-sherwooddc.gov.uk/documents/s26847/21-07-26-single-view-of-debt-svod.pdf	Newark and Sherwood	21.07.26 - Single View of Debt (SVoD)	normal
E07000175-newark-and-sherwood-2026-07-21-cabinet-26848-21-07-26-single-view-of-debt-svod-append.pdf	https://democracy.newark-sherwooddc.gov.uk/documents/s26848/21-07-26-single-view-of-debt-svod-appendix-a.pdf	Newark and Sherwood	21.07.26 - Single View of Debt (SVoD) Appendix A	normal
E07000175-newark-and-sherwood-2026-07-21-cabinet-26849-21-07-26-single-view-of-debt-svod-append.pdf	https://democracy.newark-sherwooddc.gov.uk/documents/s26849/21-07-26-single-view-of-debt-svod-appendix-b.pdf	Newark and Sherwood	21.07.26 - Single View of Debt (SVoD) Appendix B	normal
E07000142-west-lindsey-2026-07-21-governance-and-audit-commi-52046-draft-annual-governance-statement-2025-2.pdf	https://democracy.west-lindsey.gov.uk/documents/s52046/draft-annual-governance-statement-2025-26-ll-190626.pdf	West Lindsey	DRAFT Annual Governance Statement 2025 26 LL 190626	normal
E09000003-barnet-2026-07-20-finance-and-growth-overvie-96127-appendix-d-bad-debt-write-offs-at-q1.pdf	http://barnet.moderngov.co.uk/documents/s96127/appendix-d-bad-debt-write-offs-at-q1.pdf	Barnet	Appendix D - Bad Debt Write Offs at Q1	normal
E06000031-peterborough-2026-07-20-audit-committee-59550-06-appendix-a-annual-governance-statemen.pdf	https://Peterborough.moderngov.co.uk/documents/s59550/06-appendix-a-annual-governance-statement-2025-26-draft.pdf	Peterborough	06 Appendix-A Annual Governance Statement 2025-26 draft	normal
E06000031-peterborough-2026-07-20-audit-committee-59551-06-annual-governance-statement-2025-26.pdf	https://Peterborough.moderngov.co.uk/documents/s59551/06-annual-governance-statement-2025-26.pdf	Peterborough	06 Annual Governance Statement 2025-26	normal
E07000171-bassetlaw-2026-07-16-audit-governance-committee-17264-5c-appendix-1-draft-annual-governance-st.pdf	https://Bassetlaw.moderngov.co.uk/documents/s17264/5c-appendix-1-draft-annual-governance-statement-2025-26.pdf	Bassetlaw	5c Appendix 1 - Draft Annual Governance Statement 2025-26	normal
mg361-bridgend-cymraeg-2026-07-16-governance-and-audit-commi-38220-annual-governance-statement-2025-26.pdf	https://democratic.bridgend.gov.uk/documents/s38220/annual-governance-statement-2025-26.pdf	Bridgend Cymraeg	Annual Governance Statement 2025-26	normal
mg361-bridgend-cymraeg-2026-07-16-governance-and-audit-commi-38221-appendix-a-annual-governance-statement-2.pdf	https://democratic.bridgend.gov.uk/documents/s38221/appendix-a-annual-governance-statement-2025-26.pdf	Bridgend Cymraeg	Appendix A - Annual Governance Statement 2025-26	normal
E07000208-epsom-and-ewell-2026-07-16-audit-and-scrutiny-committ-41510-annual-governance-statement-2025-2026.pdf	https://democracy.epsom-ewell.gov.uk/documents/s41510/annual-governance-statement-2025-2026.pdf	Epsom and Ewell	Annual Governance Statement 2025-2026	normal
E07000208-epsom-and-ewell-2026-07-16-audit-and-scrutiny-committ-41511-appendix-1-annual-governance-statement-2.pdf	https://democracy.epsom-ewell.gov.uk/documents/s41511/appendix-1-annual-governance-statement-2025-2026.pdf	Epsom and Ewell	Appendix 1: Annual Governance Statement 2025-2026	normal
E06000046-isle-of-wight-2026-07-16-schools-forum-23307-item-5-budget-monitoring-funding.pdf	https://IOW.moderngov.co.uk/documents/s23307/item-5-budget-monitoring-funding.pdf	Isle of Wight	Item 5 Budget Monitoring & Funding	normal
E06000046-isle-of-wight-2026-07-16-schools-forum-23309-item-5-appendix-b-202627-budget-monitori.pdf	https://IOW.moderngov.co.uk/documents/s23309/item-5-appendix-b-202627-budget-monitoring-forecast-position.pdf	Isle of Wight	Item 5 Appendix B – 202627 Budget Monitoring Forecast Position May 2026	normal
E09000024-merton-2026-07-16-governance-standards-and-a-59329-appendix-a-annual-governance-statement-2.pdf	https://democracy.merton.gov.uk/documents/s59329/appendix-a-annual-governance-statement-2025-26.pdf	Merton	Appendix A - Annual Governance Statement 2025-26	normal
E07000075-rochford-2026-07-16-audit-governance-and-stand-5794-local-code-of-corporate-governance-and-a.pdf	https://rochford.moderngov.co.uk/documents/s5794/local-code-of-corporate-governance-and-annual-governance-sta.pdf	Rochford	Local Code of Corporate Governance and Annual Governance Statement 2025/2026	normal
E07000075-rochford-2026-07-16-audit-governance-and-stand-5795-appendix-a-annual-governance-statement-2.pdf	https://rochford.moderngov.co.uk/documents/s5795/appendix-a-annual-governance-statement-2025-2026.pdf	Rochford	Appendix A - Annual Governance Statement 2025/2026	normal
E07000075-rochford-2026-07-16-audit-governance-and-stand-5796-appendix-b-local-code-of-corporate-gover.pdf	https://rochford.moderngov.co.uk/documents/s5796/appendix-b-local-code-of-corporate-governance-and-annual-gov.pdf	Rochford	Appendix B - Local Code of Corporate Governance and Annual Governance Statement 2025/2026	normal
E06000040-windsor-and-maidenhead-2026-07-16-cabinet-72629-appendix-e-aged-debt-write-off.pdf	https://RBWM.moderngov.co.uk/documents/s72629/appendix-e-aged-debt-write-off.pdf	Windsor and Maidenhead	Appendix E - Aged Debt Write Off	normal
E07000094-winchester-2026-07-16-audit-and-governance-commi-35415-ag189-annual-governance-statement-25-26.pdf	https://winchester.moderngov.co.uk/documents/s35415/ag189-annual-governance-statement-25-26.pdf	Winchester	AG189 - Annual Governance Statement 25-26	normal
E07000078-cheltenham-2026-07-15-audit-compliance-and-gover-54702-annual-governance-statement-and-local-co.pdf	https://democracy.cheltenham.gov.uk/documents/s54702/annual-governance-statement-and-local-code-of-corporate-gove.pdf	Cheltenham	Annual Governance Statement and Local Code of Corporate Governance - report	normal
E07000078-cheltenham-2026-07-15-audit-compliance-and-gover-54703-appendix-2-draft-annual-governance-state.pdf	https://democracy.cheltenham.gov.uk/documents/s54703/appendix-2-draft-annual-governance-statement-2025-26.pdf	Cheltenham	Appendix 2 - Draft Annual Governance Statement 2025-26	normal
E06000057-northumberland-2026-07-15-corporate-services-and-eco-32178-debt-recovery-update.pdf	https://Northumberland.moderngov.co.uk/documents/s32178/debt-recovery-update.pdf	Northumberland	Debt Recovery Update	normal
mg424-north-lincolnshire-2026-07-15-audit-committee-28288-draft-annual-governance-statement-2025-2.pdf	https://northlincolnshire.moderngov.co.uk/documents/s28288/draft-annual-governance-statement-2025-26.pdf	North Lincolnshire	Draft Annual Governance Statement 2025-26	normal
E07000147-north-norfolk-2026-07-15-overview-scrutiny-committe-23091-debt-recovery-report-for-2025-26.pdf	https://modgov.north-norfolk.gov.uk/documents/s23091/debt-recovery-report-for-2025-26.pdf	North Norfolk	Debt Recovery Report for 2025-26	normal
E07000147-north-norfolk-2026-07-15-overview-scrutiny-committe-23085-corporate-debt-management-and-recovery-p.pdf	https://modgov.north-norfolk.gov.uk/documents/s23085/corporate-debt-management-and-recovery-policy-app-1-of-debt.pdf	North Norfolk	CORPORATE DEBT MANAGEMENT AND RECOVERY POLICY App 1 of Debt Report	normal
E07000147-north-norfolk-2026-07-15-overview-scrutiny-committe-23086-debt-write-off-policy-app-2-of-debt-repo.pdf	https://modgov.north-norfolk.gov.uk/documents/s23086/debt-write-off-policy-app-2-of-debt-report.pdf	North Norfolk	Debt Write Off Policy App 2 of Debt Report	normal
E07000147-north-norfolk-2026-07-15-overview-scrutiny-committe-23087-recovery-methods-including-enforcement-a.pdf	https://modgov.north-norfolk.gov.uk/documents/s23087/recovery-methods-including-enforcement-agent-code-of-practic.pdf	North Norfolk	Recovery Methods including Enforcement Agent Code of Practice and Enforcement Agent Instructions App 3 of Debt Report	normal
E07000147-north-norfolk-2026-07-15-overview-scrutiny-committe-23088-housing-benefit-annual-debt-management-r.pdf	https://modgov.north-norfolk.gov.uk/documents/s23088/housing-benefit-annual-debt-management-report-2025-26-v2.pdf	North Norfolk	Housing Benefit Annual Debt Management Report (2025-26) v2	normal
E06000038-reading-2026-07-15-audit-and-governance-commi-40442-2026-07-15-annual-governance-statement-2.pdf	https://democracy.reading.gov.uk/documents/s40442/2026-07-15-annual-governance-statement-2025-26.pdf	Reading	2026 07 15 - Annual Governance Statement 2025-26	normal
E06000038-reading-2026-07-15-audit-and-governance-commi-40443-app1-annual-governance-statement-2025-20.pdf	https://democracy.reading.gov.uk/documents/s40443/app1-annual-governance-statement-2025-2026.pdf	Reading	App1 - Annual Governance Statement 2025-2026	normal
mg152-coventry-2026-07-15-cabinet-member-for-strateg-67793-cabinet-member-report-debt-strategy-july.pdf	https://edemocracy.coventry.gov.uk/documents/s67793/cabinet-member-report-debt-strategy-july-2026-draft.pdf	Coventry	Cabinet Member Report Debt strategy July 2026 (draft)	normal
mg152-coventry-2026-07-15-cabinet-member-for-strateg-67794-corporate-debt-recovery-strategy-final.pdf	https://edemocracy.coventry.gov.uk/documents/s67794/corporate-debt-recovery-strategy-final.pdf	Coventry	Corporate Debt Recovery Strategy FINAL	normal
mg152-coventry-2026-07-15-cabinet-member-for-strateg-67795-eia-corporate-debt-strategy-final.pdf	https://edemocracy.coventry.gov.uk/documents/s67795/eia-corporate-debt-strategy-final.pdf	Coventry	EIA Corporate Debt Strategy FINAL	normal
E08000031-wolverhampton-2026-07-15-council-326444-appendix-1-borrowing-type-borrowing-and.pdf	https://wolverhampton.moderngov.co.uk/documents/s326444/appendix-1-borrowing-type-borrowing-and-repayments.pdf	Wolverhampton	Appendix 1 - Borrowing type borrowing and repayments	normal
E08000031-wolverhampton-2026-07-15-council-326446-appendix-3-borrowing-maturity-profile.pdf	https://wolverhampton.moderngov.co.uk/documents/s326446/appendix-3-borrowing-maturity-profile.pdf	Wolverhampton	Appendix 3 - Borrowing Maturity Profile	normal
E10000007-derbyshire-2026-07-14-audit-committee-35202-appendix-15-outstanding-debt-summary.pdf	https://democracy.derbyshire.gov.uk/documents/s35202/appendix-15-outstanding-debt-summary.pdf	Derbyshire	Appendix 15 Outstanding Debt Summary	normal
E07000073-harlow-2026-07-14-audit-standards-committee-30995-appendix-a-harlow-2025-26-annual-governa.pdf	https://Harlow.moderngov.co.uk/documents/s30995/appendix-a-harlow-2025-26-annual-governance-statement-compre.pdf	Harlow	Appendix A - Harlow 2025_26 Annual Governance Statement-compressed	normal
E07000098-hertsmere-2026-07-14-operations-review-committe-73010-financial-monitoring-report-q4-2025-26.pdf	https://Hertsmere.moderngov.co.uk/documents/s73010/financial-monitoring-report-q4-2025-26.pdf	Hertsmere	Financial monitoring report Q4 2025-26	normal
E07000098-hertsmere-2026-07-14-operations-review-committe-73011-appa-revenue-budget-q4-25-26.pdf	https://Hertsmere.moderngov.co.uk/documents/s73011/appa-revenue-budget-q4-25-26.pdf	Hertsmere	AppA-Revenue budget Q4 25-26	normal
E47000010-north-east-2026-07-14-audit-and-standards-commit-1652-7-annual-governance-statement-cover-repo.pdf	https://NorthEast-CA.moderngov.co.uk/documents/s1652/7-annual-governance-statement-cover-report.pdf	North East	7 Annual Governance Statement - cover report	normal
E47000010-north-east-2026-07-14-audit-and-standards-commit-1669-7a-annual-governance-statement-appendix.pdf	https://NorthEast-CA.moderngov.co.uk/documents/s1669/7a-annual-governance-statement-appendix-1.pdf	North East	7a Annual Governance Statement - Appendix 1	normal
E47000010-north-east-2026-07-14-audit-and-standards-commit-1670-7b-annual-governance-statement-appendix.pdf	https://NorthEast-CA.moderngov.co.uk/documents/s1670/7b-annual-governance-statement-appendix-2.pdf	North East	7b Annual Governance Statement - Appendix 2	normal
E07000224-arun-2026-07-13-audit-governance-and-stand-25189-final-report-draft-annual-governance-sta.pdf	https://democracy.arun.gov.uk/documents/s25189/final-report-draft-annual-governance-statement-25-26.pdf	Arun	Final Report - Draft Annual Governance Statement 25-26	normal
E07000224-arun-2026-07-13-audit-governance-and-stand-25181-draft-annual-governance-statement-append.pdf	https://democracy.arun.gov.uk/documents/s25181/draft-annual-governance-statement-appendix-a.pdf	Arun	Draft Annual Governance Statement - Appendix A	normal
E07000225-chichester-2026-07-13-corporate-governance-audit-32815-draft-annual-governance-statement-2025-2.pdf	https://chichester.moderngov.co.uk/documents/s32815/draft-annual-governance-statement-2025-26.pdf	Chichester	DRAFT Annual Governance Statement 2025-26	normal
E07000086-eastleigh-2026-07-13-audit-and-resources-commit-50043493-annual-governance-statement.pdf	https://Eastleigh.moderngov.co.uk/documents/s50043493/annual-governance-statement.pdf	Eastleigh	Annual Governance Statement	normal
E07000086-eastleigh-2026-07-13-audit-and-resources-commit-50043494-annual-governance-statement-app-1.pdf	https://Eastleigh.moderngov.co.uk/documents/s50043494/annual-governance-statement-app-1.pdf	Eastleigh	Annual Governance Statement App 1	normal
E07000086-eastleigh-2026-07-13-audit-and-resources-commit-50043495-annual-governance-statement-app-2.pdf	https://Eastleigh.moderngov.co.uk/documents/s50043495/annual-governance-statement-app-2.pdf	Eastleigh	Annual Governance Statement App 2	normal
E07000090-havant-2026-07-13-governance-committee-61130-report-annual-governance-statement-2025.pdf	http://havant.moderngov.co.uk/documents/s61130/report-annual-governance-statement-2025-26.pdf	Havant	Report - Annual Governance Statement 2025-26	normal
E07000090-havant-2026-07-13-governance-committee-61131-appendix-1-annual-governance-statement.pdf	http://havant.moderngov.co.uk/documents/s61131/appendix-1-annual-governance-statement.pdf	Havant	Appendix 1 - Annual Governance Statement	normal
E10000007-derbyshire-2026-07-09-resources-scrutiny-committ-35090-appendix-15-outstanding-debt.pdf	https://democracy.derbyshire.gov.uk/documents/s35090/appendix-15-outstanding-debt.pdf	Derbyshire	Appendix 15 Outstanding Debt	normal
mg258-gwynedd-cymraeg-2026-07-09-governance-and-audit-commi-50824-annual-governance-statement-report-2026.pdf	https://democracy.gwynedd.llyw.cymru/documents/s50824/annual-governance-statement-report-2026.pdf	Gwynedd Cymraeg	Annual Governance Statement Report 2026	normal
mg258-gwynedd-cymraeg-2026-07-09-governance-and-audit-commi-50810-appendix-3-gwe-annual-governance-stateme.pdf	https://democracy.gwynedd.llyw.cymru/documents/s50810/appendix-3-gwe-annual-governance-statement.pdf	Gwynedd Cymraeg	Appendix 3- GwE Annual Governance Statement	normal
E07000209-guildford-2026-07-09-audit-and-risk-committee-44873-item-11-draft-annual-governance-statemen.pdf	https://democracy.guildford.gov.uk/documents/s44873/item-11-draft-annual-governance-statement-2025-26.pdf	Guildford	Item 11 - Draft Annual Governance Statement 2025-26	normal
E07000209-guildford-2026-07-09-audit-and-risk-committee-44874-item-11-1-draft-annual-governance-statem.pdf	https://democracy.guildford.gov.uk/documents/s44874/item-11-1-draft-annual-governance-statement-2025-26-app-1.pdf	Guildford	Item 11 (1) - Draft Annual Governance Statement 2025-26 - App 1	normal
E06000042-milton-keynes-2026-07-09-audit-committee-29468-annual-governance-statement-2025-26.pdf	https://milton-keynes.moderngov.co.uk/documents/s29468/annual-governance-statement-2025-26.pdf	Milton Keynes	Annual Governance Statement 2025-26	normal
E06000042-milton-keynes-2026-07-09-audit-committee-29469-annual-governance-statement-2025-26-anne.pdf	https://milton-keynes.moderngov.co.uk/documents/s29469/annual-governance-statement-2025-26-annex-a.pdf	Milton Keynes	Annual Governance Statement 2025-26 - Annex A	normal
E06000042-milton-keynes-2026-07-09-audit-committee-29470-annual-governance-statement-2025-26-anne.pdf	https://milton-keynes.moderngov.co.uk/documents/s29470/annual-governance-statement-2025-26-annex-b.pdf	Milton Keynes	Annual Governance Statement 2025-26 - Annex B	normal
E47000002-south-yorkshire-mayora-2026-07-09-audit-standards-and-risk-c-21856-24-annual-governance-statement.pdf	https://southyorkshire-ca.moderngov.co.uk/documents/s21856/24-annual-governance-statement.pdf	South Yorkshire Mayoral Combined Authority	24. Annual Governance Statement	normal
E06000052-cornwall-2026-07-09-cornwall-harbours-board-198696-20260709-harbours-board-budget-monitor-a.pdf	https://democracy.cornwall.gov.uk/documents/s198696/20260709-harbours-board-budget-monitor-april-2026-may-2026-r.pdf	Cornwall	20260709 - Harbours Board - Budget Monitor April 2026 – May 2026 - Report - PUBLIC	normal
E06000052-cornwall-2026-07-09-cornwall-harbours-board-198716-20260709-harbours-board-budget-monitor-a.pdf	https://democracy.cornwall.gov.uk/documents/s198716/20260709-harbours-board-budget-monitor-april-2026-may-2026-a.pdf	Cornwall	20260709 - Harbours Board - Budget Monitor April 2026 – May 2026 - Appendix 1 - PUBLIC.docx (2)	normal
E06000052-cornwall-2026-07-09-cornwall-harbours-board-198717-20260709-harbours-board-budget-monitor-a.pdf	https://democracy.cornwall.gov.uk/documents/s198717/20260709-harbours-board-budget-monitor-april-2026-may-2026-a.pdf	Cornwall	20260709 - Harbours Board - Budget Monitor April 2026 – May 2026 - Appendix 2 - PUBLIC.docx (1)	normal
E07000068-brentwood-2026-07-08-finance-future-development-30714-corporate-sundry-debt-policy.pdf	http://brentwood.moderngov.co.uk/documents/s30714/corporate-sundry-debt-policy.pdf	Brentwood	Corporate Sundry Debt Policy	normal
E07000068-brentwood-2026-07-08-finance-future-development-30804-appendix-1-for-corporate-sundry-debt-pol.pdf	http://brentwood.moderngov.co.uk/documents/s30804/appendix-1-for-corporate-sundry-debt-policy.pdf	Brentwood	Appendix 1 for Corporate Sundry Debt Policy	normal
E06000041-wokingham-2026-07-08-schools-forum-86126-2026-27-revenue-monitoring-report.pdf	https://wokingham.moderngov.co.uk/documents/s86126/2026-27-revenue-monitoring-report.pdf	Wokingham	2026-27 Revenue Monitoring Report	normal
E08000031-wolverhampton-2026-07-08-cabinet-326184-appendix-1-borrowing-type-borrowing-and.pdf	https://wolverhampton.moderngov.co.uk/documents/s326184/appendix-1-borrowing-type-borrowing-and-repayments.pdf	Wolverhampton	Appendix 1 - Borrowing type borrowing and repayments	normal
E08000031-wolverhampton-2026-07-08-cabinet-326186-appendix-3-borrowing-maturity-profile.pdf	https://wolverhampton.moderngov.co.uk/documents/s326186/appendix-3-borrowing-maturity-profile.pdf	Wolverhampton	Appendix 3 - Borrowing Maturity Profile	normal
E07000130-charnwood-2026-07-07-audit-committee-22408-annual-governance-statement-and-review-o.pdf	http://charnwood.moderngov.co.uk/documents/s22408/annual-governance-statement-and-review-of-the-code-of-corpor.pdf	Charnwood	Annual Governance Statement and Review of the Code of Corporate Governance	normal
E07000130-charnwood-2026-07-07-audit-committee-22409-appendix-a-annual-governance-statement-a.pdf	http://charnwood.moderngov.co.uk/documents/s22409/appendix-a-annual-governance-statement-and-review-of-the-cod.pdf	Charnwood	APPENDIX A Annual Governance Statement and Review of the Code of Corporate Governance	normal
E07000130-charnwood-2026-07-07-audit-committee-22410-appendix-b-annual-governance-statement-a.pdf	http://charnwood.moderngov.co.uk/documents/s22410/appendix-b-annual-governance-statement-and-review-of-the-cod.pdf	Charnwood	APPENDIX B Annual Governance Statement and Review of the Code of Corporate Governance	normal
E07000211-reigate-and-banstead-2026-07-07-audit-committee-42611-draft-annual-governance-statement-202526.pdf	https://REIGATE-BANSTEAD.moderngov.co.uk/documents/s42611/draft-annual-governance-statement-202526-covering-report.pdf	Reigate and Banstead	Draft Annual Governance Statement 202526 Covering Report	normal
E07000211-reigate-and-banstead-2026-07-07-audit-committee-42612-annual-governance-statement-202526-draft.pdf	https://REIGATE-BANSTEAD.moderngov.co.uk/documents/s42612/annual-governance-statement-202526-draft-to-audit-committee.pdf	Reigate and Banstead	Annual Governance Statement 202526 DRAFT to Audit Committee	normal
E07000082-stroud-2026-07-07-audit-and-standards-commit-20397-annual-governance-statement.pdf	https://Stroud.moderngov.co.uk/documents/s20397/annual-governance-statement.pdf	Stroud	Annual Governance Statement	normal
E07000082-stroud-2026-07-07-audit-and-standards-commit-20410-appendix-a-annual-governance-statement-2.pdf	https://Stroud.moderngov.co.uk/documents/s20410/appendix-a-annual-governance-statement-2025-26.pdf	Stroud	Appendix A - Annual Governance Statement 2025/26	normal
E10000028-staffordshire-2026-07-07-audit-and-standards-commit-208257-annual-governance-statement-covering-rep.pdf	https://Staffordshire.moderngov.co.uk/documents/s208257/annual-governance-statement-covering-report.pdf	Staffordshire	Annual Governance Statement (Covering Report)	normal
E10000028-staffordshire-2026-07-07-audit-and-standards-commit-208258-appendix-1-annual-governance-statement-2.pdf	https://Staffordshire.moderngov.co.uk/documents/s208258/appendix-1-annual-governance-statement-2025-26.pdf	Staffordshire	Appendix 1 - Annual Governance Statement 2025/26	normal
E07000147-north-norfolk-2026-07-06-cabinet-23043-debt-recovery-report-for-2025-26.pdf	https://modgov.north-norfolk.gov.uk/documents/s23043/debt-recovery-report-for-2025-26.pdf	North Norfolk	Debt Recovery Report for 2025-26	normal
E07000147-north-norfolk-2026-07-06-cabinet-23044-corporate-debt-management-and-recovery-p.pdf	https://modgov.north-norfolk.gov.uk/documents/s23044/corporate-debt-management-and-recovery-policy-app-1-of-debt.pdf	North Norfolk	CORPORATE DEBT MANAGEMENT AND RECOVERY POLICY App 1 of Debt Report	normal
E07000147-north-norfolk-2026-07-06-cabinet-23045-debt-write-off-policy-app-2-of-debt-repo.pdf	https://modgov.north-norfolk.gov.uk/documents/s23045/debt-write-off-policy-app-2-of-debt-report.pdf	North Norfolk	Debt Write Off Policy App 2 of Debt Report	normal
E07000147-north-norfolk-2026-07-06-cabinet-23046-recovery-methods-including-enforcement-a.pdf	https://modgov.north-norfolk.gov.uk/documents/s23046/recovery-methods-including-enforcement-agent-code-of-practic.pdf	North Norfolk	Recovery Methods including Enforcement Agent Code of Practice and Enforcement Agent Instructions App 3 of Debt Report	normal
E07000175-newark-and-sherwood-2026-07-06-policy-performance-improve-26639-06-07-26-single-view-of-debt-svod.pdf	https://democracy.newark-sherwooddc.gov.uk/documents/s26639/06-07-26-single-view-of-debt-svod.pdf	Newark and Sherwood	06.07.26 - Single View of Debt (SVoD)	normal
E07000175-newark-and-sherwood-2026-07-06-policy-performance-improve-26640-06-07-26-single-view-of-debt-svod-append.pdf	https://democracy.newark-sherwooddc.gov.uk/documents/s26640/06-07-26-single-view-of-debt-svod-appendix-a.pdf	Newark and Sherwood	06.07.26 - Single View of Debt (SVoD) Appendix A	normal
E07000175-newark-and-sherwood-2026-07-06-policy-performance-improve-26641-06-07-26-single-view-of-debt-svod-append.pdf	https://democracy.newark-sherwooddc.gov.uk/documents/s26641/06-07-26-single-view-of-debt-svod-appendix-b.pdf	Newark and Sherwood	06.07.26 - Single View of Debt (SVoD) Appendix B	normal
S12000034-aberdeenshire-2026-07-02-audit-committee-45282-annual-governance-statement-2025-26.pdf	https://Aberdeenshire.moderngov.co.uk/documents/s45282/annual-governance-statement-2025-26.pdf	Aberdeenshire	Annual Governance Statement 2025/26	normal
S12000034-aberdeenshire-2026-07-02-audit-committee-45283-appendix-1-annual-governance-statement-2.pdf	https://Aberdeenshire.moderngov.co.uk/documents/s45283/appendix-1-annual-governance-statement-2025-26.pdf	Aberdeenshire	Appendix 1- Annual Governance Statement 2025/26	normal
E07000035-derbyshire-dales-2026-07-02-governance-resources-commi-16536-6-annual-governance-statement-2025-26-re.pdf	https://democracy.derbyshiredales.gov.uk/documents/s16536/6-annual-governance-statement-2025-26-report.pdf	Derbyshire Dales	6 Annual Governance Statement 2025-26 - Report	normal
E07000035-derbyshire-dales-2026-07-02-governance-resources-commi-16537-6a-annual-governance-statement-2025-26-a.pdf	https://democracy.derbyshiredales.gov.uk/documents/s16537/6a-annual-governance-statement-2025-26-appendix-1.pdf	Derbyshire Dales	6a Annual Governance Statement 2025- 26 - Appendix 1	normal
E10000007-derbyshire-2026-07-02-cabinet-35041-appendix-15-outstanding-debt.pdf	https://democracy.derbyshire.gov.uk/documents/s35041/appendix-15-outstanding-debt.pdf	Derbyshire	Appendix 15 Outstanding Debt	normal
E07000088-gosport-2026-07-02-standards-audit-sub-board-6975-appendix-a-annual-governance-statement-g.pdf	https://Gosport.moderngov.co.uk/documents/s6975/appendix-a-annual-governance-statement-gbc-2526-final.pdf	Gosport	Appendix A - Annual Governance Statement GBC 2526 FINAL	normal
E07000240-st-albans-2026-07-02-audit-governance-committee-50077376-appendix-1-annual-governance-statement-2.pdf	https://stalbans.moderngov.co.uk/documents/s50077376/appendix-1-annual-governance-statement-25-26.pdf	St Albans	Appendix 1 - Annual Governance Statement 25-26	normal
E47000003-west-yorkshire-2026-07-02-governance-audit-committee-44772-item-6-report-draft-annual-governance-st.pdf	http://westyorkshire.moderngov.co.uk/documents/s44772/item-6-report-draft-annual-governance-statement.pdf	West Yorkshire	Item 6 - Report Draft Annual Governance Statement	normal
E47000003-west-yorkshire-2026-07-02-governance-audit-committee-44773-item-6-appendix-1-draft-annual-governanc.pdf	http://westyorkshire.moderngov.co.uk/documents/s44773/item-6-appendix-1-draft-annual-governance-statement-2025-26.pdf	West Yorkshire	Item 6 - Appendix 1 - Draft Annual Governance Statement 2025-26	normal
E09000016-havering-2026-06-30-audit-committee-84719-draft-annual-governance-statement-202526.pdf	https://democracy.havering.gov.uk/documents/s84719/draft-annual-governance-statement-202526-cover-report-30-06.pdf	Havering	Draft Annual Governance Statement 202526 Cover Report 30.06.26	normal
E09000016-havering-2026-06-30-audit-committee-84720-annual-governance-statement-202526-appen.pdf	https://democracy.havering.gov.uk/documents/s84720/annual-governance-statement-202526-appendix-1.pdf	Havering	Annual Governance Statement 202526 - Appendix 1	normal
mg178-merseyside-fire-and-re-2026-06-30-audit-committee-35787-annual-governance-statement-2025-2026.pdf	http://mfra.merseyfire.gov.uk/documents/s35787/annual-governance-statement-2025-2026.pdf	Merseyside Fire and Rescue Authority	Annual Governance Statement 2025/2026	normal
mg178-merseyside-fire-and-re-2026-06-30-audit-committee-35788-appendix-a-annual-governance-statement-2.pdf	http://mfra.merseyfire.gov.uk/documents/s35788/appendix-a-annual-governance-statement-2025-2026.pdf	Merseyside Fire and Rescue Authority	Appendix A: Annual Governance Statement 2025/2026	normal
E07000242-east-hertfordshire-2026-06-30-audit-and-governance-commi-73206-annual-governance-statement-2025-26.pdf	https://democracy.eastherts.gov.uk/documents/s73206/annual-governance-statement-2025-26.pdf	East Hertfordshire	Annual Governance Statement 2025/26	normal
E07000242-east-hertfordshire-2026-06-30-audit-and-governance-commi-73207-appendix-a-annual-governance-statement-2.pdf	https://democracy.eastherts.gov.uk/documents/s73207/appendix-a-annual-governance-statement-2025-26.pdf	East Hertfordshire	Appendix A - Annual Governance Statement 2025/26	normal
E07000114-thanet-2026-06-30-governance-audit-committee-96698-annual-governance-statement-2025-2026-go.pdf	https://Thanet.moderngov.co.uk/documents/s96698/annual-governance-statement-2025-2026-google-docs.pdf	Thanet	Annual Governance Statement 2025- 2026 - Google Docs	normal
E07000129-blaby-2026-06-29-cabinet-executive-55408-annual-governance-statement-2025-26.pdf	https://democracy.blaby.gov.uk/documents/s55408/annual-governance-statement-2025-26.pdf	Blaby	Annual Governance Statement 2025-26	normal
E07000129-blaby-2026-06-29-cabinet-executive-55387-appendix-a-annual-governance-statement-2.pdf	https://democracy.blaby.gov.uk/documents/s55387/appendix-a-annual-governance-statement-2025-26.pdf	Blaby	Appendix A – Annual Governance Statement 2025-26	normal
E07000195-newcastle-under-lyme-2026-06-29-audit-and-standards-commit-47316-annual-governance-statement-2025-26.pdf	http://moderngov.newcastle-staffs.gov.uk/documents/s47316/annual-governance-statement-2025-26.pdf	Newcastle-under-Lyme	Annual Governance Statement 2025-26	normal
W06000023-powys-2026-06-26-governance-and-audit-commi-104956-annual-governance-statement-2025-26-full.pdf	https://powys.moderngov.co.uk/documents/s104956/annual-governance-statement-2025-26-full-ags-draft-dated-202.pdf	Powys	Annual Governance Statement 2025-26 (Full AGS) (DRAFT dated 2026-05-26)	normal
E47000008-cambridgeshire-and-pet-2026-06-25-audit-and-governance-commi-7085-appendix-2-draft-annual-governance-state.pdf	https://cambridgeshirepeterborough-ca.moderngov.co.uk/documents/s7085/appendix-2-draft-annual-governance-statement-2025-26.pdf	Cambridgeshire and Peterborough	Appendix 2: Draft Annual Governance Statement 2025-26	normal
E07000108-dover-2026-06-25-governance-committee-67357-annual-governance-statement-2025-26-repo.pdf	https://moderngov.dover.gov.uk/documents/s67357/annual-governance-statement-2025-26-report.pdf	Dover	Annual Governance Statement 2025-26 Report	normal
E07000108-dover-2026-06-25-governance-committee-67358-annual-governance-statement-2025-26.pdf	https://moderngov.dover.gov.uk/documents/s67358/annual-governance-statement-2025-26.pdf	Dover	Annual Governance Statement 2025-26	normal
E07000211-reigate-and-banstead-2026-06-25-executive-42642-annex-2-q4-2025-26-outstanding-debt-summ.pdf	https://REIGATE-BANSTEAD.moderngov.co.uk/documents/s42642/annex-2-q4-2025-26-outstanding-debt-summary-25-06-2026-execu.pdf	Reigate and Banstead	Annex 2 - Q4 2025-26 Outstanding Debt Summary, 25/06/2026 Executive	normal
E07000141-south-kesteven-2026-06-25-governance-and-audit-commi-51552-draft-annual-governance-statement-2025-2.pdf	https://southkesteven.moderngov.co.uk/documents/s51552/draft-annual-governance-statement-2025-26.pdf	South Kesteven	Draft Annual Governance Statement 2025/26	normal
E07000141-south-kesteven-2026-06-25-governance-and-audit-commi-51553-appendix-1-for-draft-annual-governance-s.pdf	https://southkesteven.moderngov.co.uk/documents/s51553/appendix-1-for-draft-annual-governance-statement-2025-26.pdf	South Kesteven	Appendix 1 for Draft Annual Governance Statement 2025/26	normal
E07000077-uttlesford-2026-06-25-audit-and-standards-commit-44326-annual-governance-statement-2025-26-fina.pdf	http://uttlesford.moderngov.co.uk/documents/s44326/annual-governance-statement-2025-26-final-draft.pdf	Uttlesford	Annual Governance Statement 2025.26 Final Draft	normal
E07000181-west-oxfordshire-2026-06-25-audit-and-governance-commi-17149-wodc-covering-report-annual-governance-s.pdf	https://meetings.westoxon.gov.uk/documents/s17149/wodc-covering-report-annual-governance-statement-audit-commi.pdf	West Oxfordshire	WODC covering Report - Annual Governance Statement (Audit Committee) 25.06.26	normal
E07000181-west-oxfordshire-2026-06-25-audit-and-governance-commi-17171-appendix-a-wodc-annual-governance-statem.pdf	https://meetings.westoxon.gov.uk/documents/s17171/appendix-a-wodc-annual-governance-statement-2025-26.pdf	West Oxfordshire	Appendix A - WODC Annual Governance Statement 2025-26	normal
E07000116-tunbridge-wells-2026-06-25-cabinet-83760-appendix-j-debt-write-off-summary-202526.pdf	https://TunbridgeWells.moderngov.co.uk/documents/s83760/appendix-j-debt-write-off-summary-202526.pdf	Tunbridge Wells	Appendix J Debt Write Off Summary 202526	normal
E08000001-bolton-2026-06-24-audit-committee-15683-24-6-26-audit-committee-25-26-draft-annu.pdf	https://Bolton.moderngov.co.uk/documents/s15683/24-6-26-audit-committee-25-26-draft-annual-governance-statem.pdf	Bolton	24.6.26 Audit Committee 25_26 Draft Annual Governance Statement	normal
E08000005-rochdale-2026-06-24-audit-and-governance-commi-122961-agc-annual-governance-statement-report.pdf	https://Rochdale.moderngov.co.uk/documents/s122961/agc-annual-governance-statement-report.pdf	Rochdale	AGC Annual Governance Statement Report	normal
E08000005-rochdale-2026-06-24-audit-and-governance-commi-122962-append-1-for-agc-annual-governance-state.pdf	https://Rochdale.moderngov.co.uk/documents/s122962/append-1-for-agc-annual-governance-statement-report.pdf	Rochdale	Append. 1 for AGC Annual Governance Statement Report	normal
E08000015-wirral-2026-06-24-audit-and-risk-management-50143654-annual-governance-statement-2025-26.pdf	https://democracy.wirral.gov.uk/documents/s50143654/annual-governance-statement-2025-26.pdf	Wirral	ANNUAL GOVERNANCE STATEMENT 2025/26	normal
E08000015-wirral-2026-06-24-audit-and-risk-management-50144227-appendix-1-annual-governance-statement.pdf	https://democracy.wirral.gov.uk/documents/s50144227/appendix-1-annual-governance-statement.pdf	Wirral	Appendix 1 - Annual Governance Statement	normal
E07000105-ashford-2026-06-23-audit-committee-34217-annual-governance-statement-covering.pdf	http://ashford.moderngov.co.uk/documents/s34217/annual-governance-statement-covering.pdf	Ashford	Annual Governance Statement - Covering	normal
E07000105-ashford-2026-06-23-audit-committee-34218-annual-governance-statement.pdf	http://ashford.moderngov.co.uk/documents/s34218/annual-governance-statement.pdf	Ashford	Annual Governance Statement	normal
E06000008-blackburn-with-darwen-2026-06-23-audit-governance-committee-34129-agenda-item-12-annual-governance-stateme.pdf	https://democracy.blackburn.gov.uk/documents/s34129/agenda-item-12-annual-governance-statement-2025-26.pdf	Blackburn with Darwen	Agenda Item 12 - Annual Governance Statement 2025 26	normal
E07000095-broxbourne-2026-06-23-audit-and-standards-commit-10228-annual-governance-statement-2025-26-for.pdf	https://Broxbourne.moderngov.co.uk/documents/s10228/annual-governance-statement-2025-26-for-ac.pdf	Broxbourne	Annual Governance Statement 2025-26 for AC	normal
E08000037-gateshead-2026-06-23-audit-and-standards-commit-49426-annual-governance-statement-2025-26.pdf	https://Gateshead.moderngov.co.uk/documents/s49426/annual-governance-statement-2025-26.pdf	Gateshead	Annual Governance Statement 2025-26	normal
E07000173-gedling-2026-06-23-audit-committee-45386-12-annual-governance-statement-2025-26-r.pdf	https://democracy.gedling.gov.uk/documents/s45386/12-annual-governance-statement-2025-26-report.pdf	Gedling	12. Annual Governance Statement 2025-26 Report	normal
E07000173-gedling-2026-06-23-audit-committee-45387-12a-annual-governance-statement-2025-26.pdf	https://democracy.gedling.gov.uk/documents/s45387/12a-annual-governance-statement-2025-26-draft-unaudited.pdf	Gedling	12a. Annual Governance Statement 2025-26 (Draft - Unaudited)	normal
E07000103-watford-2026-06-23-audit-committee-54266-annual-governance-statement-2025-26.pdf	https://watford.moderngov.co.uk/documents/s54266/annual-governance-statement-2025-26.pdf	Watford	Annual Governance Statement 2025/26	normal
E07000103-watford-2026-06-23-audit-committee-54267-appendix-1-for-annual-governance-stateme.pdf	https://watford.moderngov.co.uk/documents/s54267/appendix-1-for-annual-governance-statement-2025-26.pdf	Watford	Appendix 1 for Annual Governance Statement 2025/26	normal
E08000008-tameside-2026-06-23-audit-committee-207110-item-7-annual-governance-statement-2025.pdf	https://tameside.moderngov.co.uk/documents/s207110/item-7-annual-governance-statement-2025-26-ac-covering-repor.pdf	Tameside	ITEM 7 - Annual Governance Statement 2025-26 AC Covering Report	normal
E08000008-tameside-2026-06-23-audit-committee-207111-item-7-appendix-1-annual-governance-stat.pdf	https://tameside.moderngov.co.uk/documents/s207111/item-7-appendix-1-annual-governance-statement-2025-26.pdf	Tameside	ITEM 7 Appendix 1 - Annual Governance Statement 2025-26	normal
E07000041-exeter-2026-06-22-executive-105487-covering-report-corporate-debt-managemen.pdf	https://modgov.exeter.gov.uk/documents/s105487/covering-report-corporate-debt-management-policy.pdf	Exeter	Covering report - Corporate Debt Management Policy	normal
E07000041-exeter-2026-06-22-executive-105488-eqia-template-2025-corporate-debt-policy.pdf	https://modgov.exeter.gov.uk/documents/s105488/eqia-template-2025-corporate-debt-policy.pdf	Exeter	EQIA Template 2025 Corporate Debt Policy	normal
E07000041-exeter-2026-06-22-executive-105489-corporate-debt-recovery-policy.pdf	https://modgov.exeter.gov.uk/documents/s105489/corporate-debt-recovery-policy.pdf	Exeter	Corporate Debt Recovery Policy	normal
E09000010-enfield-2026-06-22-audit-committee-114250-annual-governance-statement.pdf	https://Enfield.moderngov.co.uk/documents/s114250/annual-governance-statement.pdf	Enfield	Annual Governance Statement	normal
S12000026-the-scottish-borders-2026-06-22-audit-committee-98672-item-no-09-draft-annual-governance-state.pdf	https://scottishborders.moderngov.co.uk/documents/s98672/item-no-09-draft-annual-governance-statement-2025-26.pdf	The Scottish Borders	Item No. 09 - draft Annual Governance Statement 2025-26	normal
S12000026-the-scottish-borders-2026-06-22-audit-committee-98673-item-no-09-a-appendix-1-draft-sbc-annual.pdf	https://scottishborders.moderngov.co.uk/documents/s98673/item-no-09-a-appendix-1-draft-sbc-annual-governance-statemen.pdf	The Scottish Borders	Item No. 09 (a) - Appendix 1 - draft SBC Annual Governance Statement 2025-26	normal
mg152-coventry-2026-06-22-audit-and-procurement-comm-67571-04a-annual-governance-statement-2025-26.pdf	https://edemocracy.coventry.gov.uk/documents/s67571/04a-annual-governance-statement-2025-26.pdf	Coventry	04a - Annual Governance Statement 2025-26	normal
mg152-coventry-2026-06-22-audit-and-procurement-comm-67572-04b-annual-governance-statement-2025-26.pdf	https://edemocracy.coventry.gov.uk/documents/s67572/04b-annual-governance-statement-2025-26-appendix-1.pdf	Coventry	04b - Annual Governance Statement 2025-26 - Appendix 1	normal
E06000040-windsor-and-maidenhead-2026-06-22-audit-and-governance-commi-72351-annual-governance-statement-report.pdf	https://RBWM.moderngov.co.uk/documents/s72351/annual-governance-statement-report.pdf	Windsor and Maidenhead	Annual Governance Statement Report	normal
E06000040-windsor-and-maidenhead-2026-06-22-audit-and-governance-commi-72352-25-26-draft-annual-governance-statement.pdf	https://RBWM.moderngov.co.uk/documents/s72352/25-26-draft-annual-governance-statement.pdf	Windsor and Maidenhead	25-26 Draft Annual Governance Statement	normal
E08000031-wolverhampton-2026-06-22-audit-and-risk-committee-324821-final-audit-and-risk-committee-report-an.pdf	https://wolverhampton.moderngov.co.uk/documents/s324821/final-audit-and-risk-committee-report-annual-governance-stat.pdf	Wolverhampton	Final Audit and Risk Committee Report - Annual Governance Statement 2025-2026	normal
E08000034-kirklees-2026-06-19-corporate-governance-and-a-72086-cover-report-annual-governance-statement.pdf	https://democracy.kirklees.gov.uk/documents/s72086/cover-report-annual-governance-statement-2025-26.pdf	Kirklees	Cover Report - Annual Governance Statement 2025 - 26	normal
E08000034-kirklees-2026-06-19-corporate-governance-and-a-72087-draft-annual-governance-statement-2025-2.pdf	https://democracy.kirklees.gov.uk/documents/s72087/draft-annual-governance-statement-2025-26.pdf	Kirklees	Draft Annual Governance Statement 2025-26	normal
E07000176-rushcliffe-2026-06-18-governance-scrutiny-group-19455-annual-governance-statement.pdf	https://democracy.rushcliffe.gov.uk/documents/s19455/annual-governance-statement.pdf	Rushcliffe	Annual Governance Statement	normal
E07000176-rushcliffe-2026-06-18-governance-scrutiny-group-19456-enc-1-for-annual-governance-statement.pdf	https://democracy.rushcliffe.gov.uk/documents/s19456/enc-1-for-annual-governance-statement.pdf	Rushcliffe	Enc. 1 for Annual Governance Statement	normal
E07000217-woking-2026-06-18-audit-and-governance-commi-46166-aud26-016-annual-governance-statement-20.pdf	https://Woking.moderngov.co.uk/documents/s46166/aud26-016-annual-governance-statement-2025-26-cover-report.pdf	Woking	AUD26-016 Annual Governance Statement 2025-26 Cover Report	normal
E07000217-woking-2026-06-18-audit-and-governance-commi-46167-aud26-016-annual-governance-statement.pdf	https://Woking.moderngov.co.uk/documents/s46167/aud26-016-annual-governance-statement.pdf	Woking	AUD26-016 Annual Governance Statement	normal
S12000034-aberdeenshire-2026-06-17-ijb-audit-committee-44994-ijb-annual-governance-statement-2025-26.pdf	https://Aberdeenshire.moderngov.co.uk/documents/s44994/ijb-annual-governance-statement-2025-26.pdf	Aberdeenshire	IJB Annual Governance Statement 2025/26	normal
S12000034-aberdeenshire-2026-06-17-ijb-audit-committee-45205-appendix-1-draft-ijb-annual-governance-s.pdf	https://Aberdeenshire.moderngov.co.uk/documents/s45205/appendix-1-draft-ijb-annual-governance-statement-2025-26.pdf	Aberdeenshire	Appendix 1 - Draft IJB Annual Governance Statement 2025/26	normal
E07000227-horsham-2026-06-17-audit-committee-34185-appendic-a-annual-governance-statement-2.pdf	https://horsham.moderngov.co.uk/documents/s34185/appendic-a-annual-governance-statement-2025-26-redacted.pdf	Horsham	Appendic A Annual Governance Statement 2025-26._Redacted	normal
mg68-huntingdonshire-2026-06-17-corporate-governance-commi-144937-appendix-1-annual-governance-statement-2.pdf	http://democracy.huntingdonshire.gov.uk/moderngov/documents/s144937/appendix-1-annual-governance-statement-2025-26.pdf	Huntingdonshire	Appendix 1 - Annual Governance Statement 2025-26	normal
E07000199-tamworth-2026-06-17-audit-and-governance-commi-44570-annual-governance-statement-and-code-of.pdf	https://Tamworth.moderngov.co.uk/documents/s44570/annual-governance-statement-and-code-of-corporate-governance.pdf	Tamworth	Annual Governance Statement and Code of Corporate Governance	normal
E07000199-tamworth-2026-06-17-audit-and-governance-commi-44571-annual-governance-statement-and-code-of.pdf	https://Tamworth.moderngov.co.uk/documents/s44571/annual-governance-statement-and-code-of-corporate-governance.pdf	Tamworth	Annual Governance Statement and Code of Corporate Governance enc. 1	normal
E07000199-tamworth-2026-06-17-audit-and-governance-commi-44572-appendix-1-annual-governance-statement.pdf	https://Tamworth.moderngov.co.uk/documents/s44572/appendix-1-annual-governance-statement.pdf	Tamworth	Appendix 1 Annual Governance Statement	normal
E07000177-cherwell-2026-06-16-executive-63424-appendix-3-virements-aged-debt-march-202.pdf	https://modgov.cherwell.gov.uk/documents/s63424/appendix-3-virements-aged-debt-march-2026.pdf	Cherwell	Appendix 3 - Virements & Aged Debt March 2026	normal
E07000041-exeter-2026-06-16-council-105407-appendix-b-liability-benchmark.pdf	https://modgov.exeter.gov.uk/documents/s105407/appendix-b-liability-benchmark.pdf	Exeter	Appendix B - Liability Benchmark	normal
E09000005-brent-2026-06-16-audit-and-standards-commit-157752-05-annual-governance-statement-2025-26.pdf	http://democracy.brent.gov.uk/documents/s157752/05-annual-governance-statement-2025-26.pdf	Brent	05. Annual Governance Statement 2025-26	normal
E09000005-brent-2026-06-16-audit-and-standards-commit-157743-05a-appendix-1-annual-governance-stateme.pdf	http://democracy.brent.gov.uk/documents/s157743/05a-appendix-1-annual-governance-statement-2025-26.pdf	Brent	05a. Appendix 1 - Annual Governance Statement 2025-26	normal
E07000209-guildford-2026-06-16-overview-scrutiny-committe-44540-item-08-appendix-7-debt.pdf	https://democracy.guildford.gov.uk/documents/s44540/item-08-appendix-7-debt.pdf	Guildford	Item 08 - Appendix 7 Debt	normal
E09000005-brent-2026-06-16-audit-and-standards-adviso-157753-10-annual-governance-statement-2025-26.pdf	http://democracy.brent.gov.uk/documents/s157753/10-annual-governance-statement-2025-26.pdf	Brent	10. Annual Governance Statement 2025-26	normal
E09000005-brent-2026-06-16-audit-and-standards-adviso-157704-10a-appendix-1-annual-governance-stateme.pdf	http://democracy.brent.gov.uk/documents/s157704/10a-appendix-1-annual-governance-statement-2025-26.pdf	Brent	10a. Appendix 1 - Annual Governance Statement 2025-26	normal
E07000128-wyre-2026-06-16-audit-and-standards-commit-33113-draft-annual-governance-statement-2025-2.pdf	https://wyre.moderngov.co.uk/documents/s33113/draft-annual-governance-statement-2025-26.pdf	Wyre	Draft Annual Governance Statement 2025-26	normal
E07000128-wyre-2026-06-16-audit-and-standards-commit-33112-appendix-1-draft-annual-governance-state.pdf	https://wyre.moderngov.co.uk/documents/s33112/appendix-1-draft-annual-governance-statement-2025-26.pdf	Wyre	Appendix 1 - DRAFT ANNUAL GOVERNANCE STATEMENT 2025-26	normal
E08000018-rotherham-2026-06-16-audit-committee-158834-annual-governance-statement-cover-report.pdf	https://moderngov.rotherham.gov.uk/documents/s158834/annual-governance-statement-cover-report.pdf	Rotherham	Annual Governance Statement Cover Report	normal
E08000018-rotherham-2026-06-16-audit-committee-158835-annual-governance-statement-appendix.pdf	https://moderngov.rotherham.gov.uk/documents/s158835/annual-governance-statement-appendix.pdf	Rotherham	Annual Governance Statement Appendix	normal
mg25-central-bedfordshire-2026-06-15-social-care-health-housing-83333-appendix-b-revenue-debt-management.pdf	https://centralbeds.moderngov.co.uk/documents/s83333/appendix-b-revenue-debt-management.pdf	Central Bedfordshire	Appendix B - Revenue Debt Management	normal
E07000146-kings-lynn-and-west-no-2026-06-15-audit-committee-85376-20260615-audit-committee-draft-2026-annu.pdf	https://democracy.west-norfolk.gov.uk/documents/s85376/20260615-audit-committee-draft-2026-annual-governance-statem.pdf	Kings Lynn and West Norfolk	20260615 Audit Committee Draft 2026 Annual Governance Statement	normal
E07000093-test-valley-2026-06-15-audit-committee-40600-8-annex-annual-governance-statement.pdf	https://TestValley.moderngov.co.uk/documents/s40600/8-annex-annual-governance-statement.pdf	Test Valley	8) Annex - Annual Governance Statement	normal
E06000003-redcar-and-cleveland-2026-06-12-river-tees-port-health-aut-11491-rtpha-financial-position-2025-26-unaudit.pdf	https://RCBC.moderngov.co.uk/documents/s11491/rtpha-financial-position-2025-26-unaudited-accounts-report-f.pdf	Redcar and Cleveland	RTPHA Financial Position 2025-26 Unaudited accounts report final	normal
E09000003-barnet-2026-06-11-governance-audit-risk-mana-95410-annual-governance-statement-cover-report.pdf	http://barnet.moderngov.co.uk/documents/s95410/annual-governance-statement-cover-report.pdf	Barnet	Annual Governance Statement - Cover Report	normal
E09000003-barnet-2026-06-11-governance-audit-risk-mana-95411-appendix-a-annual-governance-statement-2.pdf	http://barnet.moderngov.co.uk/documents/s95411/appendix-a-annual-governance-statement-2025-26.pdf	Barnet	Appendix A - Annual Governance Statement 2025-26	normal
S12000036-city-of-edinburgh-2026-06-11-governance-risk-and-best-v-99809-8-4-annual-governance-statement-2025-26.pdf	https://democracy.edinburgh.gov.uk/documents/s99809/8-4-annual-governance-statement-2025-26.pdf	City of Edinburgh	8.4 - Annual Governance Statement 2025-26	normal
E07000211-reigate-and-banstead-2026-06-11-overview-and-scrutiny-comm-42279-annex-2-q4-2025-26-outstanding-debt-summ.pdf	https://REIGATE-BANSTEAD.moderngov.co.uk/documents/s42279/annex-2-q4-2025-26-outstanding-debt-summary.pdf	Reigate and Banstead	Annex 2 - Q4 2025-26 Outstanding Debt Summary	normal
E07000099-north-hertfordshire-2026-06-10-finance-audit-and-risk-com-31185-draft-annual-governance-statement-2025-2.pdf	https://democracy.north-herts.gov.uk/documents/s31185/draft-annual-governance-statement-2025-26-and-action-plan-fo.pdf	North Hertfordshire	Draft Annual Governance Statement 2025/26 and Action Plan for 2026/27	normal
E07000099-north-hertfordshire-2026-06-10-finance-audit-and-risk-com-31186-appendix-1-draft-annual-governance-state.pdf	https://democracy.north-herts.gov.uk/documents/s31186/appendix-1-draft-annual-governance-statement-2025-26-and-act.pdf	North Hertfordshire	Appendix 1 Draft Annual Governance Statement 2025/26 and Action Plan for 2026/27	normal
E07000134-north-west-leicestersh-2026-06-10-audit-and-governance-commi-51302-draft-annual-governance-statement-2025-2.pdf	http://minutes-1.nwleics.gov.uk/documents/s51302/draft-annual-governance-statement-2025-26-audit-and-governan.pdf	North West Leicestershire	Draft Annual Governance Statement 2025-26 Audit and Governance Committee Report	normal
E07000134-north-west-leicestersh-2026-06-10-audit-and-governance-commi-51303-appendix-a-draft-annual-governance-state.pdf	http://minutes-1.nwleics.gov.uk/documents/s51303/appendix-a-draft-annual-governance-statement-2025-26.pdf	North West Leicestershire	Appendix A - Draft Annual Governance Statement 2025-26	normal
E07000127-west-lancashire-2026-06-10-audit-governance-committee-53508-annual-governance-statement-2025-26.pdf	https://democracy.westlancs.gov.uk/documents/s53508/annual-governance-statement-2025-26.pdf	West Lancashire	Annual Governance Statement 2025/26	normal
E07000127-west-lancashire-2026-06-10-audit-governance-committee-53509-appendix-1-for-annual-governance-stateme.pdf	https://democracy.westlancs.gov.uk/documents/s53509/appendix-1-for-annual-governance-statement-2025-26.pdf	West Lancashire	Appendix 1 for Annual Governance Statement 2025/26	normal
E08000015-wirral-2026-06-10-policy-and-resources-commi-50142725-appendix-b-debt-management.pdf	https://democracy.wirral.gov.uk/documents/s50142725/appendix-b-debt-management.pdf	Wirral	Appendix B. Debt Management	normal
mg25-central-bedfordshire-2026-06-09-corporate-resources-overvi-83203-appendix-b-revenue-debt-management.pdf	https://centralbeds.moderngov.co.uk/documents/s83203/appendix-b-revenue-debt-management.pdf	Central Bedfordshire	Appendix B - Revenue Debt Management	normal
E07000036-erewash-2026-06-09-audit-committee-42452-item-8-annual-governance-statement-2025.pdf	https://moderngov.erewash.gov.uk/documents/s42452/item-8-annual-governance-statement-2025-26-report.pdf	Erewash	Item 8, Annual Governance Statement 2025/26 Report	normal
E07000036-erewash-2026-06-09-audit-committee-42453-item-8-appendix-1-annual-governance-stat.pdf	https://moderngov.erewash.gov.uk/documents/s42453/item-8-appendix-1-annual-governance-statement-2025-26.pdf	Erewash	Item 8 Appendix 1, Annual Governance Statement 2025/26	normal
E07000116-tunbridge-wells-2026-06-08-finance-innovation-and-tra-83511-appendix-j-debt-write-off-summary-202526.pdf	https://TunbridgeWells.moderngov.co.uk/documents/s83511/appendix-j-debt-write-off-summary-202526.pdf	Tunbridge Wells	Appendix J Debt Write Off Summary 202526	normal
E10000015-hertfordshire-2026-06-05-audit-committee-75926-05a-appendix-a-hcc-draft-annual-governan.pdf	https://democracy.hertfordshire.gov.uk/documents/s75926/05a-appendix-a-hcc-draft-annual-governance-statement-2025-26.pdf	Hertfordshire	05a. Appendix A HCC Draft Annual Governance Statement 2025-26	normal
E07000171-bassetlaw-2026-06-04-audit-governance-committee-16798-6d-governance-action-plan-update-annual.pdf	https://Bassetlaw.moderngov.co.uk/documents/s16798/6d-governance-action-plan-update-annual-governance-statement.pdf	Bassetlaw	6d - Governance Action Plan Update (Annual Governance Statement 2024-25)	normal
E07000074-maldon-2026-06-04-performance-governance-and-41842-13-annual-governance-statement-actions-u.pdf	https://democracy.maldon.gov.uk/documents/s41842/13-annual-governance-statement-actions-update.pdf	Maldon	13 Annual Governance Statement Actions Update	normal
mg457-saltash-2026-06-04-saltash-town-council-19212-c-section-1-annual-governance-statement.pdf	https://modern.saltash.gov.uk/documents/s19212/c-section-1-annual-governance-statement-2025-26.pdf	Saltash	c. Section 1 - Annual Governance Statement 2025-26	normal
mg457-saltash-2026-06-04-saltash-town-council-19213-d-section-2-annual-governance-statement.pdf	https://modern.saltash.gov.uk/documents/s19213/d-section-2-annual-governance-statement-2025-26.pdf	Saltash	d. Section 2 - Annual Governance Statement 2025-26	normal
E10000031-warwickshire-2026-06-04-audit-and-standards-commit-49525-cover-report-draft-annual-governance-sta.pdf	https://democracy.warwickshire.gov.uk/documents/s49525/cover-report-draft-annual-governance-statement-202526.pdf	Warwickshire	Cover Report - Draft Annual Governance Statement 202526	normal
W06000011-swansea-2026-06-03-governance-audit-committee-127805-11-1-of-2-draft-annual-governance-statem.pdf	https://democracy.swansea.gov.uk/documents/s127805/11-1-of-2-draft-annual-governance-statement.pdf	Swansea	11 (1 of 2) - Draft Annual Governance Statement	normal
W06000011-swansea-2026-06-03-governance-audit-committee-127793-11-2-of-2-appendix-a-draft-annual-govern.pdf	https://democracy.swansea.gov.uk/documents/s127793/11-2-of-2-appendix-a-draft-annual-governance-statement.pdf	Swansea	11 (2 of 2) - Appendix A - Draft Annual Governance Statement	normal
E06000023-city-of-bristol-2026-05-28-audit-committee-126748-17-draft-annual-governance-statement-202.pdf	https://Democracy.Bristol.gov.uk/documents/s126748/17-draft-annual-governance-statement-2025-26-covering-paper.pdf	City of Bristol	17 - Draft Annual Governance Statement 2025_26 Covering Paper	normal
E06000023-city-of-bristol-2026-05-28-audit-committee-126749-17-draft-annual-governance-statement-202.pdf	https://Democracy.Bristol.gov.uk/documents/s126749/17-draft-annual-governance-statement-2025-26-appendix-a.pdf	City of Bristol	17 - Draft Annual Governance Statement 2025_26 - Appendix A	normal
mg25-central-bedfordshire-2026-05-28-audit-committee-83058-annual-governance-statement-cover-report.pdf	https://centralbeds.moderngov.co.uk/documents/s83058/annual-governance-statement-cover-report-2025-26.pdf	Central Bedfordshire	Annual Governance Statement Cover Report- 2025-26	normal
E07000209-guildford-2026-05-28-executive-44205-item-00-appendix-4-debt-quarter-3-2025-2.pdf	https://democracy.guildford.gov.uk/documents/s44205/item-00-appendix-4-debt-quarter-3-2025-26.pdf	Guildford	Item 00 - Appendix 4 - Debt Quarter 3 2025-26	normal
E07000212-runnymede-2026-05-28-standards-and-audit-commit-17754-annual-governance-statement-2025-26.pdf	https://Runnymede.moderngov.co.uk/documents/s17754/annual-governance-statement-2025-26.pdf	Runnymede	Annual Governance Statement 2025-26	normal
E07000102-three-rivers-2026-05-28-audit-committee-17970-annual-governance-statement-2025-26.pdf	https://moderngov.threerivers.gov.uk/documents/s17970/annual-governance-statement-2025-26.pdf	Three Rivers	Annual Governance Statement 2025/26	normal
E07000102-three-rivers-2026-05-28-audit-committee-17972-annual-governance-statement-2025-26clima.pdf	https://moderngov.threerivers.gov.uk/documents/s17972/annual-governance-statement-2025-26climate-and-sustainabilit.pdf	Three Rivers	Annual Governance Statement 2025/26Climate and Sustainability Impact Assessment Internal V2	normal
E07000102-three-rivers-2026-05-28-audit-committee-17973-annual-governance-statement-2025-26-2022.pdf	https://moderngov.threerivers.gov.uk/documents/s17973/annual-governance-statement-2025-26-2022-11-full-eia-templat.pdf	Three Rivers	Annual Governance Statement 2025/26 2022.11_Full_EIA_Template_with_Guidance	normal
E07000102-three-rivers-2026-05-28-audit-committee-17974-annual-governance-statement-2025-26-shor.pdf	https://moderngov.threerivers.gov.uk/documents/s17974/annual-governance-statement-2025-26-short-equality-impact-an.pdf	Three Rivers	Annual Governance Statement 2025/26 Short_Equality_Impact_and_Outcome_Assessment_template	normal
E07000118-chorley-2026-05-27-audit-and-governance-commi-196899-annual-governance-statement-committee-re.pdf	https://democracy.chorley.gov.uk/documents/s196899/annual-governance-statement-committee-report-template.pdf	Chorley	Annual Governance Statement Committee Report Template	normal
E07000118-chorley-2026-05-27-audit-and-governance-commi-196900-appendix-a-draft-annual-governance-state.pdf	https://democracy.chorley.gov.uk/documents/s196900/appendix-a-draft-annual-governance-statement.pdf	Chorley	Appendix A Draft Annual Governance Statement	normal
E06000057-northumberland-2026-05-27-audit-and-standards-commit-31331-draft-annual-governance-statement-2025-2.pdf	https://Northumberland.moderngov.co.uk/documents/s31331/draft-annual-governance-statement-2025-26.pdf	Northumberland	Draft Annual Governance Statement 2025-26	normal
E06000027-torbay-2026-05-27-audit-committee-170257-annual-governance-statement-2025-2026.pdf	http://www.torbay.gov.uk/DemocraticServices/documents/s170257/annual-governance-statement-2025-2026.pdf	Torbay	Annual Governance Statement 2025-2026	normal
E06000027-torbay-2026-05-27-audit-committee-170258-draft-annual-governance-statement-2025-2.pdf	http://www.torbay.gov.uk/DemocraticServices/documents/s170258/draft-annual-governance-statement-2025-2026.pdf	Torbay	DRAFT Annual Governance Statement 2025-2026	normal
E07000200-babergh-2026-05-26-joint-audit-and-standards-42557-annual-governance-statement-2025-2026-v6.pdf	http://baberghmidsuffolk.moderngov.co.uk/documents/s42557/annual-governance-statement-2025-2026-v6.pdf	Babergh	Annual Governance Statement 2025-2026 V6	normal
E07000126-south-ribble-2026-05-26-audit-and-governance-commi-56777-annual-governance-statement-committee-re.pdf	http://southribble.moderngov.co.uk/documents/s56777/annual-governance-statement-committee-report-template.pdf	South Ribble	Annual Governance Statement Committee report template	normal
E07000126-south-ribble-2026-05-26-audit-and-governance-commi-56778-appendix-a-annual-governance-statement.pdf	http://southribble.moderngov.co.uk/documents/s56778/appendix-a-annual-governance-statement.pdf	South Ribble	Appendix A Annual Governance Statement	normal
E10000025-oxfordshire-2026-05-20-audit-governance-committee-81917-annual-governance-statement-25-26-report.pdf	https://mycouncil.oxfordshire.gov.uk/documents/s81917/annual-governance-statement-25-26-report-to-ag-cmtte-20-may.pdf	Oxfordshire	Annual Governance Statement 25-26 - Report to AG Cmtte 20 May 2026	normal
E10000025-oxfordshire-2026-05-20-audit-governance-committee-81918-annual-governance-statement-2025-26-draf.pdf	https://mycouncil.oxfordshire.gov.uk/documents/s81918/annual-governance-statement-2025-26-draft-for-ag-committee-2.pdf	Oxfordshire	Annual Governance Statement 2025-26 - Draft for AG Committee 20 May 2026	normal
E07000214-surrey-heath-2026-05-20-audit-standards-and-risk-c-41943-annual-governance-statement-covering-rep.pdf	http://SurreyHeath.moderngov.co.uk/documents/s41943/annual-governance-statement-covering-report.pdf	Surrey Heath	Annual Governance Statement - Covering Report	normal
E07000214-surrey-heath-2026-05-20-audit-standards-and-risk-c-41944-annual-governance-statement-25-26.pdf	http://SurreyHeath.moderngov.co.uk/documents/s41944/annual-governance-statement-25-26.pdf	Surrey Heath	Annual Governance Statement 25-26	normal
E07000172-broxtowe-2026-05-18-governance-audit-and-stand-42158-annual-governance-statement-25-26.pdf	http://democracy.broxtowe.gov.uk/documents/s42158/annual-governance-statement-25-26.pdf	Broxtowe	Annual Governance Statement 25-26	normal
S12000006-dumfries-and-galloway-2026-05-14-audit-risk-and-scrutiny-co-76242-annual-governance-statement-2025-26.pdf	http://DumfriesGalloway.moderngov.co.uk/documents/s76242/annual-governance-statement-2025-26.pdf	Dumfries and Galloway	Annual Governance Statement 2025-26	normal
S12000006-dumfries-and-galloway-2026-05-14-audit-risk-and-scrutiny-co-76203-annual-governance-statement-2025-26-appe.pdf	http://DumfriesGalloway.moderngov.co.uk/documents/s76203/annual-governance-statement-2025-26-appendix.pdf	Dumfries and Galloway	Annual Governance Statement 2025-26 - Appendix	normal
E08000017-doncaster-2026-05-11-council-51889-syac-motion-to-rescind-borrowing-decisio.pdf	https://doncaster.moderngov.co.uk/documents/s51889/syac-motion-to-rescind-borrowing-decision-council-report.pdf	Doncaster	SYAC Motion to Rescind Borrowing decision Council report	normal
E07000209-guildford-2026-04-28-overview-scrutiny-committe-43881-item-04-appendix-4-debt-quarter-3-2025-2.pdf	https://democracy.guildford.gov.uk/documents/s43881/item-04-appendix-4-debt-quarter-3-2025-26.pdf	Guildford	Item 04 - Appendix 4 - Debt Quarter 3 2025-26	normal
E08000017-doncaster-2026-04-23-audit-committee-51727-i8-230426-audit-draft-2025-26-annual-gov.pdf	https://doncaster.moderngov.co.uk/documents/s51727/i8-230426-audit-draft-2025-26-annual-governance-statement-re.pdf	Doncaster	i8. 230426 Audit - Draft 2025-26 Annual Governance Statement Report	normal
E06000060-buckinghamshire-2026-04-21-schools-forum-117201-dedicated-schools-budget-revenue-budget.pdf	https://Buckinghamshire.moderngov.co.uk/documents/s117201/dedicated-schools-budget-revenue-budget-monitoring-2025-26.pdf	Buckinghamshire	Dedicated Schools Budget – Revenue Budget Monitoring 2025-26	normal
E06000060-buckinghamshire-2026-04-21-schools-forum-117202-appendix-1-for-dedicated-schools-budget.pdf	https://Buckinghamshire.moderngov.co.uk/documents/s117202/appendix-1-for-dedicated-schools-budget-revenue-budget-monit.pdf	Buckinghamshire	Appendix 1 for Dedicated Schools Budget – Revenue Budget Monitoring 2025-26	normal
E06000060-buckinghamshire-2026-04-21-schools-forum-119665-dsg-revenue-monitoring-2025-26-month-10.pdf	https://Buckinghamshire.moderngov.co.uk/documents/s119665/dsg-revenue-monitoring-2025-26-month-10-revised.pdf	Buckinghamshire	DSG Revenue Monitoring 2025-26 Month 10 revised	normal
E06000060-buckinghamshire-2026-04-21-schools-forum-119666-budget-monitoring-report-appendix-1-revi.pdf	https://Buckinghamshire.moderngov.co.uk/documents/s119666/budget-monitoring-report-appendix-1-revised.pdf	Buckinghamshire	budget monitoring report - Appendix 1 Revised	normal
mg395-east-sussex-fire-and-r-2026-04-20-scrutiny-audit-panel-3524-260420-s-a-ags-assessment-of-the-corpora.pdf	http://ESFRS.moderngov.co.uk/documents/s3524/260420-s-a-ags-assessment-of-the-corporate-framework-annual.pdf	East Sussex Fire and Rescue	260420 S&A AGS Assessment of the Corporate Framework & Annual Governance Statement for 2025-26 REPORT	normal
mg395-east-sussex-fire-and-r-2026-04-20-scrutiny-audit-panel-3525-260420-s-a-ags-assessment-of-the-corpora.pdf	http://ESFRS.moderngov.co.uk/documents/s3525/260420-s-a-ags-assessment-of-the-corporate-framework-annual.pdf	East Sussex Fire and Rescue	260420 S&A AGS Assessment of the Corporate Framework & Annual Governance Statement for 2025-26 APPENDIX 1	normal
mg395-east-sussex-fire-and-r-2026-04-20-scrutiny-audit-panel-3526-260420-s-a-ags-assessment-of-the-corpora.pdf	http://ESFRS.moderngov.co.uk/documents/s3526/260420-s-a-ags-assessment-of-the-corporate-framework-annual.pdf	East Sussex Fire and Rescue	260420 S&A AGS Assessment of the Corporate Framework & Annual Governance Statement for 2025-26 APPENDIX 2	normal
mg395-east-sussex-fire-and-r-2026-04-20-scrutiny-audit-panel-3527-260420-s-a-ags-assessment-of-the-corpora.pdf	http://ESFRS.moderngov.co.uk/documents/s3527/260420-s-a-ags-assessment-of-the-corporate-framework-annual.pdf	East Sussex Fire and Rescue	260420 S&A AGS Assessment of the Corporate Framework & Annual Governance Statement for 2025-26 APPENDIX 3	normal
mg395-east-sussex-fire-and-r-2026-04-20-scrutiny-audit-panel-3528-260420-s-a-ags-assessment-of-the-corpora.pdf	http://ESFRS.moderngov.co.uk/documents/s3528/260420-s-a-ags-assessment-of-the-corporate-framework-annual.pdf	East Sussex Fire and Rescue	260420 S&A AGS Assessment of the Corporate Framework & Annual Governance Statement 2025-26 APPENDIX 4	normal
E07000081-gloucester-2026-04-20-audit-and-governance-commi-66640-final-annual-governance-statement-2023-2.pdf	https://democracy.Gloucester.gov.uk/documents/s66640/final-annual-governance-statement-2023-24-report.pdf	Gloucester	Final Annual Governance Statement 2023-24 Report	normal
E07000213-spelthorne-2026-04-20-corporate-policy-and-resou-77885-appendix-b-revised-sundry-debt-recovery.pdf	http://democracy.spelthorne.gov.uk/documents/s77885/appendix-b-revised-sundry-debt-recovery-process-july24-edite.pdf	Spelthorne	Appendix B Revised Sundry Debt Recovery Process July24 Edited 2026	normal
E07000213-spelthorne-2026-04-20-corporate-policy-and-resou-77886-appendix-crevised-corporate-debt-policy.pdf	http://democracy.spelthorne.gov.uk/documents/s77886/appendix-crevised-corporate-debt-policy-final.pdf	Spelthorne	Appendix CRevised Corporate Debt Policy Final	normal
E07000170-ashfield-2026-04-13-council-36784-update-to-the-annual-governance-statemen.pdf	https://democracy.ashfield.gov.uk/documents/s36784/update-to-the-annual-governance-statement-april-2026.pdf	Ashfield	Update to the Annual Governance Statement April 2026	normal
E07000170-ashfield-2026-04-13-council-36785-updated-annual-governance-statement-2024.pdf	https://democracy.ashfield.gov.uk/documents/s36785/updated-annual-governance-statement-2024-to-2025-april-2026.pdf	Ashfield	UPDATED Annual Governance Statement 2024 to 2025 (April 2026)	normal
E08000032-bradford-2026-04-09-governance-and-audit-commi-55505-ad-annual-governance-statement-2025-26.pdf	https://bradford.moderngov.co.uk/documents/s55505/ad-annual-governance-statement-2025-26.pdf	Bradford	AD - Annual Governance Statement 2025-26	normal
E08000032-bradford-2026-04-09-governance-and-audit-commi-55506-ad-annual-governance-statement-2025-26-r.pdf	https://bradford.moderngov.co.uk/documents/s55506/ad-annual-governance-statement-2025-26-report.pdf	Bradford	AD - Annual Governance Statement 2025-26 Report	normal
E07000093-test-valley-2026-04-08-cabinet-39100-uncollectable-debt-report-april-26.pdf	https://TestValley.moderngov.co.uk/documents/s39100/uncollectable-debt-report-april-26.pdf	Test Valley	Uncollectable Debt report - April 26	normal
E09000004-bexley-2026-03-26-general-purposes-and-audit-122361-13-period-end-jan-2026-debt-report-gpac.pdf	https://democracy.bexley.gov.uk/documents/s122361/13-period-end-jan-2026-debt-report-gpac-for-26-march.pdf	Bexley	13 Period end Jan 2026 Debt Report GPAC for 26 March	normal
E10000007-derbyshire-2026-03-25-council-34171-appendix-15-outstanding-debt-summary.pdf	https://democracy.derbyshire.gov.uk/documents/s34171/appendix-15-outstanding-debt-summary.pdf	Derbyshire	Appendix 15 Outstanding Debt Summary	normal
E09000003-barnet-2026-03-24-overview-and-scrutiny-comm-94687-appendix-a-bad-debt-write-offs.pdf	http://barnet.moderngov.co.uk/documents/s94687/appendix-a-bad-debt-write-offs.pdf	Barnet	Appendix A - Bad Debt Write Offs	normal
E06000023-city-of-bristol-2026-03-24-audit-committee-124603-11-audit-committee-report-debt-report.pdf	https://Democracy.Bristol.gov.uk/documents/s124603/11-audit-committee-report-debt-report.pdf	City of Bristol	11 - Audit Committee report - Debt Report	normal
E06000023-city-of-bristol-2026-03-24-audit-committee-124604-11-appendix-a-debt-report-1-april-2025-t.pdf	https://Democracy.Bristol.gov.uk/documents/s124604/11-appendix-a-debt-report-1-april-2025-to-30-september-2025.pdf	City of Bristol	11 - Appendix A Debt Report 1 April 2025 to 30 September 2025	normal
E06000023-city-of-bristol-2026-03-24-audit-committee-124392-14-2024245annual-governance-statement-su.pdf	https://Democracy.Bristol.gov.uk/documents/s124392/14-2024245annual-governance-statement-summary-of-progress-to.pdf	City of Bristol	14 - 2024245Annual Governance Statement Summary of Progress to Date - March 2026	normal
E09000002-barking-and-dagenham-2026-03-24-cabinet-179827-debt-man-q3-report.pdf	https://LBBD.moderngov.co.uk/documents/s179827/debt-man-q3-report.pdf	Barking and Dagenham	Debt Man Q3 Report	normal
E06000060-buckinghamshire-2026-03-24-schools-forum-116777-dedicated-schools-budget-revenue-budget.pdf	https://Buckinghamshire.moderngov.co.uk/documents/s116777/dedicated-schools-budget-revenue-budget-monitoring-2025-26.pdf	Buckinghamshire	Dedicated Schools Budget – Revenue Budget Monitoring 2025-26	normal
E06000060-buckinghamshire-2026-03-24-schools-forum-116778-appendix-1-for-dedicated-schools-budget.pdf	https://Buckinghamshire.moderngov.co.uk/documents/s116778/appendix-1-for-dedicated-schools-budget-revenue-budget-monit.pdf	Buckinghamshire	Appendix 1 for Dedicated Schools Budget – Revenue Budget Monitoring 2025-26	normal
W06000023-powys-2026-03-24-cabinet-103479-16-write-off-debt-town-centre-capital-gr.pdf	https://powys.moderngov.co.uk/documents/s103479/16-write-off-debt-town-centre-capital-grant-for-publication.pdf	Powys	16 Write off debt - town centre capital grant for publication	normal
E06000052-cornwall-2026-03-20-cornwall-inshore-fisheries-195276-budget-monitoring-report-april-2025-jan.pdf	https://democracy.cornwall.gov.uk/documents/s195276/budget-monitoring-report-april-2025-jan-2026-report.pdf	Cornwall	Budget Monitoring Report April 2025 - Jan 2026 - Report	normal
E06000052-cornwall-2026-03-20-cornwall-inshore-fisheries-195277-budget-monitoring-report-april-2025-jan.pdf	https://democracy.cornwall.gov.uk/documents/s195277/budget-monitoring-report-april-2025-jan-2026-appendix-1.pdf	Cornwall	Budget Monitoring Report April 2025 - Jan 2026 - Appendix 1	normal
E06000052-cornwall-2026-03-20-cornwall-inshore-fisheries-195278-budget-monitoring-report-april-2025-jan.pdf	https://democracy.cornwall.gov.uk/documents/s195278/budget-monitoring-report-april-2025-jan-2026-appendix-2.pdf	Cornwall	Budget Monitoring Report April 2025 - Jan 2026 - Appendix 2	normal
E06000052-cornwall-2026-07-28-corporate-finance-and-perf-199420-2027-28-budget-and-mtfp-refresh-strategi.pdf	https://democracy.cornwall.gov.uk/documents/s199420/2027-28-budget-and-mtfp-refresh-strategic-framework-and-emer.pdf	Cornwall	2027/28 Budget and MTFP Refresh - Strategic Framework and Emerging Issues - Report	normal
E06000052-cornwall-2026-07-28-corporate-finance-and-perf-199421-2027-28-budget-and-mtfp-refresh-strategi.pdf	https://democracy.cornwall.gov.uk/documents/s199421/2027-28-budget-and-mtfp-refresh-strategic-framework-and-emer.pdf	Cornwall	2027/28 Budget and MTFP Refresh - Strategic Framework and Emerging Issues - Appendix 1	normal
E06000039-slough-2026-07-21-corporate-improvement-scru-88834-budget-taf-membership-and-tor-final-july.pdf	https://democracy.slough.gov.uk/documents/s88834/budget-taf-membership-and-tor-final-july-cisc.pdf	Slough	Budget TAF membership and ToR FINAL - July CISC	normal
E06000039-slough-2026-07-20-cabinet-88815-appendix-e-budget-risk-register.pdf	https://democracy.slough.gov.uk/documents/s88815/appendix-e-budget-risk-register.pdf	Slough	Appendix E - Budget Risk Register	normal
E06000043-brighton-and-hove-2026-07-16-cabinet-216423-targeted-budget-management-tbm-2026-27-m.pdf	https://democracy.brighton-hove.gov.uk/documents/s216423/targeted-budget-management-tbm-2026-27-month-2-may.pdf	Brighton and Hove	Targeted Budget Management (TBM) 2026/27 Month 2 (May)	normal
E06000055-bedford-2026-07-15-executive-81394-item-05-i-references-from-budget-corp-os.pdf	https://councillorsupport.bedford.gov.uk/documents/s81394/item-05-i-references-from-budget-corp-osc.pdf	Bedford	Item 05(i) References from Budget & Corp OSC	normal
E06000055-bedford-2026-07-15-executive-81410-item-12-appendix-a-indicative-budget-cos.pdf	https://councillorsupport.bedford.gov.uk/documents/s81410/item-12-appendix-a-indicative-budget-cost-estimate-summary.pdf	Bedford	Item 12 Appendix A - Indicative Budget Cost Estimate Summary	normal
E06000034-thurrock-2026-07-15-cabinet-53321-appendix-1-revenue-budget-commentary.pdf	https://democracy.thurrock.gov.uk/documents/s53321/appendix-1-revenue-budget-commentary.pdf	Thurrock	Appendix 1 - Revenue Budget Commentary	normal
E06000034-thurrock-2026-07-15-cabinet-53324-appendix-4-capital-budget-commentary.pdf	https://democracy.thurrock.gov.uk/documents/s53324/appendix-4-capital-budget-commentary.pdf	Thurrock	Appendix 4 - Capital Budget Commentary	normal
E06000052-cornwall-2026-07-09-standing-advisory-council-198721-sacre-budget-update-report.pdf	https://democracy.cornwall.gov.uk/documents/s198721/sacre-budget-update-report.pdf	Cornwall	SACRE - Budget Update - Report	normal
E09000023-lewisham-2026-07-07-public-accounts-select-com-151950-7-pasc-mtfs-monitoring-report.pdf	https://Lewisham.moderngov.co.uk/documents/s151950/7-pasc-mtfs-monitoring-report.pdf	Lewisham	7. PASC MTFS Monitoring Report	normal
E09000023-lewisham-2026-07-07-public-accounts-select-com-151951-7a-medium-term-financial-strategy-2027-2.pdf	https://Lewisham.moderngov.co.uk/documents/s151951/7a-medium-term-financial-strategy-2027-28-m-c.pdf	Lewisham	7a. Medium Term Financial Strategy 2027-28 M&C	normal
mg473-avon-fire-and-rescue-2026-07-01-avon-fire-authority-5617-revised-2026-27-budget-and-medium-term-f.pdf	https://AvonFire.moderngov.co.uk/documents/s5617/revised-2026-27-budget-and-medium-term-financial-plan.pdf	Avon Fire and Rescue	Revised 2026/27 Budget and Medium-Term Financial Plan	normal
E06000039-slough-2026-06-30-corporate-improvement-scru-88663-budget-taf-commissioning-report-30-june.pdf	https://democracy.slough.gov.uk/documents/s88663/budget-taf-commissioning-report-30-june.pdf	Slough	Budget TAF Commissioning report - 30 June	normal
E10000034-worcestershire-2026-06-24-overview-and-scrutiny-perf-61141-06-item-6-budget-scrutiny-process-for-20.pdf	http://worcestershire.moderngov.co.uk/documents/s61141/06-item-6-budget-scrutiny-process-for-2027-28.pdf	Worcestershire	06 Item 6 Budget Scrutiny Process for 2027-28	normal
E10000034-worcestershire-2026-06-24-overview-and-scrutiny-perf-61142-06a-item-6-appendix-budget-timetable-202.pdf	http://worcestershire.moderngov.co.uk/documents/s61142/06a-item-6-appendix-budget-timetable-2027-28-v2.pdf	Worcestershire	06a Item 6 Appendix - Budget Timetable 2027-28 v2	normal
E06000039-slough-2026-06-22-cabinet-88580-appendix-bi-jeh-budget-fy2027.pdf	https://democracy.slough.gov.uk/documents/s88580/appendix-bi-jeh-budget-fy2027.pdf	Slough	Appendix Bi - JEH Budget FY2027	normal
E06000039-slough-2026-06-22-cabinet-88496-appendix-a-budget-task-and-finish-group.pdf	https://democracy.slough.gov.uk/documents/s88496/appendix-a-budget-task-and-finish-group-report.pdf	Slough	Appendix A - Budget Task and Finish Group Report	normal
E10000018-leicestershire-2026-06-10-scrutiny-commission-196552-appendix-b-revenue-budget-main-variances.pdf	https://democracy.leics.gov.uk/documents/s196552/appendix-b-revenue-budget-main-variances.pdf	Leicestershire	Appendix B - Revenue budget main variances	normal
E06000052-cornwall-2026-06-09-constitution-and-governanc-197581-20260609-c-and-g-scrutiny-of-the-budget.pdf	https://democracy.cornwall.gov.uk/documents/s197581/20260609-c-and-g-scrutiny-of-the-budget-report-public.pdf	Cornwall	20260609 - C and G - Scrutiny of the Budget - Report - PUBLIC	normal
E06000052-cornwall-2026-06-09-constitution-and-governanc-197582-20260609-c-and-g-scrutiny-of-the-budget.pdf	https://democracy.cornwall.gov.uk/documents/s197582/20260609-c-and-g-scrutiny-of-the-budget-appendix-1-public.pdf	Cornwall	20260609 - C and G - Scrutiny of the Budget - Appendix 1 - PUBLIC	normal
E06000041-wokingham-2026-06-08-sacre-standing-advisory-co-85535-sacre-budget-update-april-2026.pdf	https://wokingham.moderngov.co.uk/documents/s85535/sacre-budget-update-april-2026.pdf	Wokingham	SACRE budget update April 2026	normal
E06000041-wokingham-2026-06-08-sacre-standing-advisory-co-85536-sacre-draft-budget-plan-2026-27.pdf	https://wokingham.moderngov.co.uk/documents/s85536/sacre-draft-budget-plan-2026-27.pdf	Wokingham	SACRE draft budget plan 2026-27	normal
E06000039-slough-2026-06-03-standing-advisory-council-88269-4a-slough-budget-plan-2026-27.pdf	https://democracy.slough.gov.uk/documents/s88269/4a-slough-budget-plan-2026-27.pdf	Slough	4a Slough budget plan 2026_27	normal
E10000018-leicestershire-2026-05-26-cabinet-196274-appendix-b-revenue-budget-main-variances.pdf	https://democracy.leics.gov.uk/documents/s196274/appendix-b-revenue-budget-main-variances.pdf	Leicestershire	Appendix B - Revenue budget main variances	normal
E10000034-worcestershire-2026-05-21-cabinet-60854-4-cabinet-budget-process-2026-27-and-fut.pdf	http://worcestershire.moderngov.co.uk/documents/s60854/4-cabinet-budget-process-2026-27-and-future-years-v3.pdf	Worcestershire	4 Cabinet budget process 2026-27 and future years v3	normal
E10000034-worcestershire-2026-05-21-cabinet-60855-4-appendix-1-budget-timetable-2027-28-v2.pdf	http://worcestershire.moderngov.co.uk/documents/s60855/4-appendix-1-budget-timetable-2027-28-v2.pdf	Worcestershire	4 Appendix 1 - Budget Timetable 2027-28 v2	normal
E07000033-bolsover-2026-05-20-council-33224-cover-report-pv-request-for-capital-budg.pdf	https://committees.bolsover.gov.uk/documents/s33224/cover-report-pv-request-for-capital-budget-approval-kh-final.pdf	Bolsover	Cover report PV request for Capital Budget Approval KH final	normal
E07000038-north-east-derbyshire-2026-05-18-the-constitution-of-north-25739-section-13-budget-policy-framework-rules.pdf	https://ne-derbyshire.moderngov.co.uk/documents/s25739/section-13-budget-policy-framework-rules.pdf	North East Derbyshire	Section 13-Budget Policy Framework Rules	normal
E10000034-worcestershire-2026-05-14-council-60847-2026-05-14-wcdf-app3-budget-amendment-co.pdf	http://worcestershire.moderngov.co.uk/documents/s60847/2026-05-14-wcdf-app3-budget-amendment-council-26-feb.pdf	Worcestershire	2026 05 14 WCDF - App3 Budget amendment - Council 26 Feb	normal
mg288-bedfordshire-fire-and-2026-05-13-fire-and-rescue-authority-7223-12-2024-25-budget-book-and-mtfs-24-25-to.pdf	http://BedsFireResAuth.moderngov.co.uk/documents/s7223/12-2024-25-budget-book-and-mtfs-24-25-to-27-28.pdf	Bedfordshire Fire and Rescue	12 2024-25 Budget Book and MTFS 24-25 to 27-28	normal
E06000039-slough-2026-04-28-corporate-improvement-scru-87702-budget-taf-april-2026-final.pdf	https://democracy.slough.gov.uk/documents/s87702/budget-taf-april-2026-final.pdf	Slough	Budget TAF April 2026 - FINAL	normal
E06000039-slough-2026-04-28-corporate-improvement-scru-87703-app-a-budget-taf-final-1-1.pdf	https://democracy.slough.gov.uk/documents/s87703/app-a-budget-taf-final-1-1.pdf	Slough	App A - Budget TAF final 1.1	normal
E06000061-north-northamptonshire-2026-04-27-corporate-scrutiny-committ-37343-agenda-item-04-budget-scrutiny-recommend.pdf	https://NorthNorthants.moderngov.co.uk/documents/s37343/agenda-item-04-budget-scrutiny-recommendation-tracker.pdf	North Northamptonshire	Agenda Item 04 - Budget Scrutiny Recommendation Tracker	normal
E06000061-north-northamptonshire-2026-04-27-corporate-scrutiny-committ-37363-agenda-item-04-appendix-a-budget-scrutin.pdf	https://NorthNorthants.moderngov.co.uk/documents/s37363/agenda-item-04-appendix-a-budget-scrutiny-recommendation-tra.pdf	North Northamptonshire	Agenda Item 04 - Appendix A - Budget Scrutiny Recommendation Tracker	normal
E06000055-bedford-2026-04-22-executive-80688-item-05-i-references-from-budget-corp-os.pdf	https://councillorsupport.bedford.gov.uk/documents/s80688/item-05-i-references-from-budget-corp-osc.pdf	Bedford	Item 05(i) References from Budget & Corp OSC	normal
E06000039-slough-2026-04-20-cabinet-87606-appendix-a-detailed-budget-timetable.pdf	https://democracy.slough.gov.uk/documents/s87606/appendix-a-detailed-budget-timetable.pdf	Slough	Appendix A – Detailed Budget Timetable	normal
E06000043-brighton-and-hove-2026-03-26-council-214038-minutes-26-02-2026-budget.pdf	https://democracy.brighton-hove.gov.uk/documents/s214038/minutes-26-02-2026-budget.pdf	Brighton and Hove	Minutes 26.02.2026 Budget	normal
E06000043-brighton-and-hove-2026-03-26-council-213870-cg-nom-post-budget-changes-to-the-toilet.pdf	https://democracy.brighton-hove.gov.uk/documents/s213870/cg-nom-post-budget-changes-to-the-toilet-tax.pdf	Brighton and Hove	CG NOM Post-Budget Changes to the Toilet Tax	normal
E06000014-york-2026-03-26-council-187830-item-3-minutes-of-budget-council-held-on.pdf	https://democracy.york.gov.uk/documents/s187830/item-3-minutes-of-budget-council-held-on-12-february-2026.pdf	York	Item 3 - Minutes of Budget Council held on 12 February 2026	normal
E06000037-west-berkshire-2026-03-26-council-142191-3-4-budget-council-minutes-26-02-2026.pdf	http://decisionmaking.westberks.gov.uk/documents/s142191/3-4-budget-council-minutes-26-02-2026.pdf	West Berkshire	3.4 Budget Council Minutes - 26.02.2026	normal
E06000043-brighton-and-hove-2026-03-24-place-overview-scrutiny-213683-draft-minutes-19-01-26-special-budget-co.pdf	https://democracy.brighton-hove.gov.uk/documents/s213683/draft-minutes-19-01-26-special-budget-committee-1.pdf	Brighton and Hove	Draft minutes 19.01.26 Special budget committee 1	normal
E06000043-brighton-and-hove-2026-03-24-place-overview-scrutiny-213685-draft-minutes-19-02-26-special-budget-co.pdf	https://democracy.brighton-hove.gov.uk/documents/s213685/draft-minutes-19-02-26-special-budget-committee-2.pdf	Brighton and Hove	Draft minutes 19.02.26 Special Budget Committee 2	normal
S12000036-city-of-edinburgh-2026-03-24-edinburgh-integration-join-96253-6-1-medium-term-financial-strategy-20262.pdf	https://democracy.edinburgh.gov.uk/documents/s96253/6-1-medium-term-financial-strategy-202627-to-202829-copy.pdf	City of Edinburgh	6.1 - Medium Term Financial Strategy 202627 to 202829 - Copy	normal
E06000043-brighton-and-hove-2026-03-19-cabinet-213646-appendix-2-proposed-corporate-planned-ma.pdf	https://democracy.brighton-hove.gov.uk/documents/s213646/appendix-2-proposed-corporate-planned-maintenance-budget-all.pdf	Brighton and Hove	Appendix 2 - Proposed Corporate Planned Maintenance Budget Allocations 2026-27	normal
E10000016-kent-2026-08-03-scrutiny-committee-138323-budget-monitoring-covering-report.pdf	https://democracy.kent.gov.uk/documents/s138323/budget-monitoring-covering-report.pdf	Kent	Budget Monitoring - Covering Report	normal
E06000023-city-of-bristol-2026-07-30-environment-and-sustainabi-129155-appendix-a1-budget-monitor-pack.pdf	https://Democracy.Bristol.gov.uk/documents/s129155/appendix-a1-budget-monitor-pack.pdf	City of Bristol	Appendix A1 - Budget Monitor Pack	normal
E07000114-thanet-2026-07-29-governance-audit-committee-96942-treasury-q1-26-27-g-a-google-docs.pdf	https://Thanet.moderngov.co.uk/documents/s96942/treasury-q1-26-27-g-a-google-docs.pdf	Thanet	Treasury Q1 26-27 G&A - Google Docs	normal
E09000030-tower-hamlets-2026-07-29-cabinet-274204-budget-monitoring-2026-27-period-2-repor.pdf	https://TowerHamlets.moderngov.co.uk/documents/s274204/budget-monitoring-2026-27-period-2-report-final.pdf	Tower Hamlets	Budget Monitoring 2026-27 Period 2 Report FINAL	normal
E09000030-tower-hamlets-2026-07-28-overview-scrutiny-committe-274443-budget-monitoring-2026-27-period-2-repor.pdf	https://TowerHamlets.moderngov.co.uk/documents/s274443/budget-monitoring-2026-27-period-2-report-final.pdf	Tower Hamlets	Budget Monitoring 2026-27 Period 2 Report FINAL	normal
E07000170-ashfield-2026-07-27-cabinet-38049-2026-27-quarter-1-budget-monitoring-repo.pdf	https://democracy.ashfield.gov.uk/documents/s38049/2026-27-quarter-1-budget-monitoring-report.pdf	Ashfield	2026/27 Quarter 1 - Budget Monitoring Report	normal
W06000013-bridgend-2026-07-27-corporate-overview-and-scr-38315-4-budget-monitoring-2026-27-quarter-1.pdf	https://democratic.bridgend.gov.uk/documents/s38315/4-budget-monitoring-2026-27-quarter-1.pdf	Bridgend	4 - Budget Monitoring 2026-27 - Quarter 1	normal
W06000013-bridgend-2026-07-27-corporate-overview-and-scr-38318-4c-appendix-3-revenue-budget-monitoring.pdf	https://democratic.bridgend.gov.uk/documents/s38318/4c-appendix-3-revenue-budget-monitoring-2026-27.pdf	Bridgend	4c - Appendix 3 Revenue Budget Monitoring 2026-27	normal
E06000023-city-of-bristol-2026-07-27-economy-and-skills-policy-129089-appendix-a1-further-essential-background.pdf	https://Democracy.Bristol.gov.uk/documents/s129089/appendix-a1-further-essential-background-information-and-det.pdf	City of Bristol	Appendix A1 – Further essential background information and detail - Budget Monitor Pack	normal
E09000005-brent-2026-07-27-cabinet-158789-08-q1-26-27-financial-report.pdf	http://democracy.brent.gov.uk/documents/s158789/08-q1-26-27-financial-report.pdf	Brent	08. Q1 26-27 Financial Report	normal
E09000030-tower-hamlets-2026-07-27-overview-scrutiny-committe-274210-budget-monitoring-2026-27-period-2-repor.pdf	https://TowerHamlets.moderngov.co.uk/documents/s274210/budget-monitoring-2026-27-period-2-report-final.pdf	Tower Hamlets	Budget Monitoring 2026-27 Period 2 Report FINAL	normal
E07000107-dartford-2026-07-23-cabinet-82145-revenue-monitoring-appendix-a.pdf	https://Dartford.moderngov.co.uk/documents/s82145/revenue-monitoring-appendix-a.pdf	Dartford	Revenue Monitoring Appendix A.	normal
E07000107-dartford-2026-07-23-cabinet-82177-26-27-revenue-budget-monitoring-app-c-fi.pdf	https://Dartford.moderngov.co.uk/documents/s82177/26-27-revenue-budget-monitoring-app-c-final.pdf	Dartford	26 27 Revenue Budget Monitoring App C Final	normal
E06000027-torbay-2026-07-23-council-172148-budget-monitoring-report-revenue-and-cap.pdf	http://www.torbay.gov.uk/DemocraticServices/documents/s172148/budget-monitoring-report-revenue-and-capital-q4-2025-26-v3-f.pdf	Torbay	Budget Monitoring Report Revenue and Capital Q4 2025 26 v3 for Cabinet	normal
E07000036-erewash-2026-07-22-council-executive-42792-budget-monitoring-report-2025-26-draftv3.pdf	https://moderngov.erewash.gov.uk/documents/s42792/budget-monitoring-report-2025-26-draftv3.pdf	Erewash	Budget Monitoring Report 2025-26 DRAFTv3	normal
E08000031-wolverhampton-2026-07-22-cabinet-327176-our-future-council-delivering-our-servic.pdf	https://wolverhampton.moderngov.co.uk/documents/s327176/our-future-council-delivering-our-services-performance-and-b.pdf	Wolverhampton	Our Future Council - Delivering Our Services - Performance and Budget Monitoring 2026-2027 and Our Future Council 2.0 - Investing in Our Services	normal
E08000031-wolverhampton-2026-07-22-cabinet-327145-appendix-1-budget-monitoring-2026-2027.pdf	https://wolverhampton.moderngov.co.uk/documents/s327145/appendix-1-budget-monitoring-2026-2027.pdf	Wolverhampton	Appendix 1 - Budget Monitoring 2026-2027	normal
E08000015-wirral-2026-07-22-policy-and-resources-commi-50145213-2026-27-revenue-budget-monitoring-for-qu.pdf	https://democracy.wirral.gov.uk/documents/s50145213/2026-27-revenue-budget-monitoring-for-quarter-one-the-period.pdf	Wirral	2026/27 Revenue Budget Monitoring for Quarter One (The Period to 30 June 2026)	normal
W06000001-isle-of-anglesey-2026-07-21-the-executive-23636-housing-revenue-account-budget-monitorin.pdf	https://democracy.anglesey.gov.uk/documents/s23636/housing-revenue-account-budget-monitoring.pdf	Isle of Anglesey	Housing Revenue Account Budget Monitoring	normal
W06000013-bridgend-2026-07-21-cabinet-38264-budget-monitoring-2026-27-quarter-1.pdf	https://democratic.bridgend.gov.uk/documents/s38264/budget-monitoring-2026-27-quarter-1.pdf	Bridgend	Budget Monitoring 2026-27 - Quarter 1	normal
W06000013-bridgend-2026-07-21-cabinet-38267-appendix-3-revenue-budget-monitoring-202.pdf	https://democratic.bridgend.gov.uk/documents/s38267/appendix-3-revenue-budget-monitoring-2026-27.pdf	Bridgend	Appendix 3 Revenue Budget Monitoring 2026-27	normal
E07000095-broxbourne-2026-07-21-scrutiny-committee-10337-2025-26-q4-revenue-monitor.pdf	https://Broxbourne.moderngov.co.uk/documents/s10337/2025-26-q4-revenue-monitor.pdf	Broxbourne	2025-26 Q4 Revenue Monitor	normal
E09000012-hackney-2026-07-21-scrutiny-panel-99136-item-7b-f-s730-202627-overall-financial.pdf	https://Hackney.moderngov.co.uk/documents/s99136/item-7b-f-s730-202627-overall-financial-position-report-may.pdf	Hackney	Item 7b F S730 202627 Overall Financial Position Report - May 2026	normal
E09000012-hackney-2026-07-21-scrutiny-panel-99147-item-9e-budget-scrutiny-task-finish-pane.pdf	https://Hackney.moderngov.co.uk/documents/s99147/item-9e-budget-scrutiny-task-finish-panel-difference-between.pdf	Hackney	Item 9e - Budget Scrutiny Task Finish Panel - Difference between budget monitoring and budget scru	normal
E07000107-dartford-2026-07-20-cabinet-advisory-panel-a-81992-revenue-monitoring-appendix-a.pdf	https://Dartford.moderngov.co.uk/documents/s81992/revenue-monitoring-appendix-a.pdf	Dartford	Revenue Monitoring Appendix A.	normal
E07000107-dartford-2026-07-20-cabinet-advisory-panel-a-82164-26-27-revenue-budget-monitoring-app-c-fi.pdf	https://Dartford.moderngov.co.uk/documents/s82164/26-27-revenue-budget-monitoring-app-c-final.pdf	Dartford	26 27 Revenue Budget Monitoring App C Final	normal
E09000012-hackney-2026-07-20-cabinet-99074-f-s730-2026-27-overall-financial-positio.pdf	https://Hackney.moderngov.co.uk/documents/s99074/f-s730-2026-27-overall-financial-position-report-may-2026.pdf	Hackney	F S730 2026/27 Overall Financial Position Report - May 2026	normal
mg25-central-bedfordshire-2026-07-16-full-council-83719-capital-budget-monitoring.pdf	https://centralbeds.moderngov.co.uk/documents/s83719/capital-budget-monitoring.pdf	Central Bedfordshire	Capital Budget Monitoring	normal
mg25-central-bedfordshire-2026-07-16-full-council-83737-item-1-capital-budget-monitoring.pdf	https://centralbeds.moderngov.co.uk/documents/s83737/item-1-capital-budget-monitoring.pdf	Central Bedfordshire	Item 1 - Capital Budget Monitoring	normal
mg25-central-bedfordshire-2026-07-16-full-council-83721-appendix-a-capital-budget-monitoring.pdf	https://centralbeds.moderngov.co.uk/documents/s83721/appendix-a-capital-budget-monitoring.pdf	Central Bedfordshire	Appendix A - Capital Budget Monitoring	normal
mg25-central-bedfordshire-2026-07-16-full-council-83722-appendix-b-capital-budget-monitoring.pdf	https://centralbeds.moderngov.co.uk/documents/s83722/appendix-b-capital-budget-monitoring.pdf	Central Bedfordshire	Appendix B - Capital Budget Monitoring	normal
E07000036-erewash-2026-07-16-scrutiny-committee-42765-item-5-budget-monitoring-report-2025-26.pdf	https://moderngov.erewash.gov.uk/documents/s42765/item-5-budget-monitoring-report-2025-26-q4.pdf	Erewash	Item 5 - Budget Monitoring Report 2025-26 Q4	normal
E07000036-erewash-2026-07-16-scrutiny-committee-42713-item-5-appendix-1-budget-monitoring-repo.pdf	https://moderngov.erewash.gov.uk/documents/s42713/item-5-appendix-1-budget-monitoring-report-variances.pdf	Erewash	Item 5 Appendix 1 - Budget Monitoring Report - Variances	normal
E07000036-erewash-2026-07-16-scrutiny-committee-42714-item-5-appendix-2-budget-monitoring-repo.pdf	https://moderngov.erewash.gov.uk/documents/s42714/item-5-appendix-2-budget-monitoring-report-variance-exceptio.pdf	Erewash	Item 5 Appendix 2 - Budget Monitoring Report - Variance Exceptions	normal
E07000036-erewash-2026-07-16-scrutiny-committee-42715-item-5-appendix-3-budget-monitoring-repo.pdf	https://moderngov.erewash.gov.uk/documents/s42715/item-5-appendix-3-budget-monitoring-report-general-fund-summ.pdf	Erewash	Item 5 Appendix 3 - Budget Monitoring Report - General Fund Summary	normal
E07000036-erewash-2026-07-16-scrutiny-committee-42716-item-5-appendix-4-budget-monitoring-repo.pdf	https://moderngov.erewash.gov.uk/documents/s42716/item-5-appendix-4-budget-monitoring-report-accounting-unders.pdf	Erewash	Item 5 Appendix 4 - Budget Monitoring Report - Accounting Underspend	normal
E07000036-erewash-2026-07-16-scrutiny-committee-42766-item-5-appendix-5-budget-monitoring-repo.pdf	https://moderngov.erewash.gov.uk/documents/s42766/item-5-appendix-5-budget-monitoring-report-capital.pdf	Erewash	Item 5 Appendix 5 - Budget Monitoring Report - Capital	normal
E06000040-windsor-and-maidenhead-2026-07-16-cabinet-72625-appendix-a-revenue-monitoring.pdf	https://RBWM.moderngov.co.uk/documents/s72625/appendix-a-revenue-monitoring.pdf	Windsor and Maidenhead	Appendix A - Revenue Monitoring	normal
E06000040-windsor-and-maidenhead-2026-07-16-cabinet-72626-appendix-b-capital-budget-monitoring.pdf	https://RBWM.moderngov.co.uk/documents/s72626/appendix-b-capital-budget-monitoring.pdf	Windsor and Maidenhead	Appendix B - Capital Budget Monitoring	normal
E08000038-barnsley-2026-07-15-central-area-council-136374-ward-alliance-fund-budget-overview-quart.pdf	https://barnsleymbc.moderngov.co.uk/documents/s136374/ward-alliance-fund-budget-overview-quarter-4-2025-26.pdf	Barnsley	Ward Alliance Fund Budget Overview - Quarter 4 2025/26	normal
E08000038-barnsley-2026-07-15-central-area-council-136375-ward-alliance-fund-budget-overview-quart.pdf	https://barnsleymbc.moderngov.co.uk/documents/s136375/ward-alliance-fund-budget-overview-quarter-1-2026-27.pdf	Barnsley	Ward Alliance Fund Budget Overview - Quarter 1 2026/27	normal
E07000081-gloucester-2026-07-15-cabinet-67288-financial-monitoring-quarter-4-2025-26.pdf	https://democracy.Gloucester.gov.uk/documents/s67288/financial-monitoring-quarter-4-2025-26.pdf	Gloucester	Financial Monitoring: Quarter 4, 2025-26	normal
E10000015-hertfordshire-2026-07-15-cabinet-77112-260715-07-q4-finance-budget-monitor-2025.pdf	https://democracy.hertfordshire.gov.uk/documents/s77112/260715-07-q4-finance-budget-monitor-2025-26.pdf	Hertfordshire	260715 07 Q4 Finance Budget Monitor 2025-26	normal
E10000015-hertfordshire-2026-07-14-resources-and-performance-77017-05-item-5-rp-q4-finance-budget-monitor-2.pdf	https://democracy.hertfordshire.gov.uk/documents/s77017/05-item-5-rp-q4-finance-budget-monitor-2025-26.pdf	Hertfordshire	05. Item 5 RP Q4 Finance Budget Monitor 2025-26	normal
E06000063-cumberland-2026-07-14-council-56262-2025-26-cumberland-council-budget-monito.pdf	https://Cumberland.moderngov.co.uk/documents/s56262/2025-26-cumberland-council-budget-monitoring-at-q3.pdf	Cumberland	2025-26 Cumberland Council Budget Monitoring at Q3	normal
E07000103-watford-2026-07-14-council-54448-financial-monitoring-report-for-cabinet.pdf	https://watford.moderngov.co.uk/documents/s54448/financial-monitoring-report-for-cabinet-01-07-2026-cabinet.pdf	Watford	Financial Monitoring report for Cabinet, 01/07/2026 Cabinet	normal
E07000103-watford-2026-07-14-council-54450-financial-monitoring-report-year-end-202.pdf	https://watford.moderngov.co.uk/documents/s54450/financial-monitoring-report-year-end-2025-26-22-06-2026-fina.pdf	Watford	Financial Monitoring Report Year End 2025/26, 22/06/2026 Finance Scrutiny Committee, 01/07/2026 Cabinet	normal
E06000062-west-northamptonshire-2026-07-13-council-29129-item-10-revenue-monitoring-report-2025-2.pdf	https://WestNorthants.moderngov.co.uk/documents/s29129/item-10-revenue-monitoring-report-2025-26.pdf	West Northamptonshire	Item 10 - Revenue Monitoring Report 2025-26	normal
E07000105-ashford-2026-07-09-cabinet-34318-financial-monitoring-quarterly-report-ge.pdf	http://ashford.moderngov.co.uk/documents/s34318/financial-monitoring-quarterly-report-general-fund.pdf	Ashford	Financial Monitoring Quarterly Report (General Fund)	normal
E07000105-ashford-2026-07-09-cabinet-34319-financial-monitoring-quarterly-report-hr.pdf	http://ashford.moderngov.co.uk/documents/s34319/financial-monitoring-quarterly-report-hra.pdf	Ashford	Financial Monitoring Quarterly Report (HRA)	normal
E06000023-city-of-bristol-2026-07-09-transport-connectivity-pol-128466-appendix-a1-budget-monitor-pack.pdf	https://Democracy.Bristol.gov.uk/documents/s128466/appendix-a1-budget-monitor-pack.pdf	City of Bristol	Appendix A1 - Budget Monitor Pack	normal
E06000002-middlesbrough-2026-07-07-overview-and-scrutiny-boar-43972-appendix-3-reserves-provisions-for-q4-25.pdf	https://middlesbrough.moderngov.co.uk/documents/s43972/appendix-3-reserves-provisions-for-q4-25-26.pdf	Middlesbrough	Appendix 3 - Reserves Provisions for Q4 25-26	normal
E08000018-rotherham-2026-07-06-cabinet-159011-may-2026-financial-monitoring-to-cabinet.pdf	https://moderngov.rotherham.gov.uk/documents/s159011/may-2026-financial-monitoring-to-cabinet-final.pdf	Rotherham	May 2026 Financial Monitoring to Cabinet - Final	normal
E06000005-darlington-2026-07-02-economy-and-resources-scru-28314-item-07-cover-report-revenue-budget-moni.pdf	https://democracy.darlington.gov.uk/documents/s28314/item-07-cover-report-revenue-budget-monitoring-report.pdf	Darlington	Item 07 - Cover Report Revenue Budget Monitoring Report	normal
E09000004-bexley-2026-07-01-public-cabinet-125353-2-appendix-a-revenue-budget-monitoring-p.pdf	https://democracy.bexley.gov.uk/documents/s125353/2-appendix-a-revenue-budget-monitoring-p12-public-cabinet.pdf	Bexley	2 Appendix A Revenue Budget Monitoring P12 - Public Cabinet	normal
E09000004-bexley-2026-07-01-public-cabinet-125354-3-appendix-b-capital-budget-monitoring-p.pdf	https://democracy.bexley.gov.uk/documents/s125354/3-appendix-b-capital-budget-monitoring-p12-public-cabinet.pdf	Bexley	3 Appendix B - Capital Budget Monitoring P12 - Public Cabinet	normal
E09000004-bexley-2026-07-01-public-cabinet-125356-1-budget-monitor-may-period-2-public-cab.pdf	https://democracy.bexley.gov.uk/documents/s125356/1-budget-monitor-may-period-2-public-cabinet.pdf	Bexley	1 Budget Monitor May - Period 2 - Public Cabinet	normal
E07000103-watford-2026-07-01-cabinet-54353-financial-monitoring-report-for-cabinet.pdf	https://watford.moderngov.co.uk/documents/s54353/financial-monitoring-report-for-cabinet.pdf	Watford	Financial Monitoring report for Cabinet	normal
E07000103-watford-2026-07-01-cabinet-54344-financial-monitoring-report-year-end-202.pdf	https://watford.moderngov.co.uk/documents/s54344/financial-monitoring-report-year-end-2025-26-22-06-2026-fina.pdf	Watford	Financial Monitoring Report Year End 2025/26, 22/06/2026 Finance Scrutiny Committee	normal
E06000063-cumberland-2026-06-30-business-and-resources-ove-56731-q4-budget-monitoring-report-to-scrutiny.pdf	https://Cumberland.moderngov.co.uk/documents/s56731/q4-budget-monitoring-report-to-scrutiny.pdf	Cumberland	Q4 Budget Monitoring Report to Scrutiny	normal
E06000063-cumberland-2026-06-30-business-and-resources-ove-56732-appendix-a-capital-budget-monitoring-202.pdf	https://Cumberland.moderngov.co.uk/documents/s56732/appendix-a-capital-budget-monitoring-2025-26.pdf	Cumberland	Appendix A Capital Budget monitoring 2025-26	normal
E06000040-windsor-and-maidenhead-2026-06-30-cabinet-72418-appendix-a-revenue-monitoring.pdf	https://RBWM.moderngov.co.uk/documents/s72418/appendix-a-revenue-monitoring.pdf	Windsor and Maidenhead	Appendix A - Revenue monitoring	normal
W06000013-bridgend-2026-06-29-corporate-overview-and-scr-38113-4c-appendix-3-revenue-budget-monitoring.pdf	https://democratic.bridgend.gov.uk/documents/s38113/4c-appendix-3-revenue-budget-monitoring-2025-26.pdf	Bridgend	4c - Appendix 3 Revenue Budget Monitoring 2025-26	normal
W06000013-bridgend-2026-06-29-corporate-overview-and-scr-38114-4d-appendix-4-earmarked-reserves-quarter.pdf	https://democratic.bridgend.gov.uk/documents/s38114/4d-appendix-4-earmarked-reserves-quarter-4.pdf	Bridgend	4d - Appendix 4 - Earmarked Reserves Quarter 4	normal
E09000012-hackney-2026-06-29-cabinet-98769-2025-26-overall-financial-position-march.pdf	https://Hackney.moderngov.co.uk/documents/s98769/2025-26-overall-financial-position-march-2026.pdf	Hackney	2025/26 Overall Financial Position - March 2026	normal
E06000023-city-of-bristol-2026-06-25-children-and-young-people-127772-appendix-a1-budget-monitor-pack.pdf	https://Democracy.Bristol.gov.uk/documents/s127772/appendix-a1-budget-monitor-pack.pdf	City of Bristol	Appendix A1 - Budget Monitor Pack	normal
E09000019-islington-2026-06-25-executive-47370-appendix-1-2025-26-gf-revenue-monitoring.pdf	https://islington.moderngov.co.uk/documents/s47370/appendix-1-2025-26-gf-revenue-monitoring-q4.pdf	Islington	Appendix_1_2025-26_GF Revenue Monitoring Q4	normal
E09000019-islington-2026-06-25-executive-47379-quarterly-capital-budget-monitoring-repo.pdf	https://islington.moderngov.co.uk/documents/s47379/quarterly-capital-budget-monitoring-report-quarter-4-2025-26.pdf	Islington	Quarterly Capital Budget Monitoring Report, Quarter 4 2025-26 - Exec	normal
E07000211-reigate-and-banstead-2026-06-25-executive-42643-annex-3-q4-2025-26-reserves-summary-25-0.pdf	https://REIGATE-BANSTEAD.moderngov.co.uk/documents/s42643/annex-3-q4-2025-26-reserves-summary-25-06-2026-executive.pdf	Reigate and Banstead	Annex 3 - Q4 2025-26 Reserves Summary, 25/06/2026 Executive	normal
E07000211-reigate-and-banstead-2026-06-25-executive-42646-annex-4-2-q4-2025-26-capital-reprofiled.pdf	https://REIGATE-BANSTEAD.moderngov.co.uk/documents/s42646/annex-4-2-q4-2025-26-capital-reprofiled-budgets-25-06-2026-e.pdf	Reigate and Banstead	Annex 4.2 - Q4 2025-26 Capital Reprofiled Budgets, 25/06/2026 Executive	normal
E07000116-tunbridge-wells-2026-06-25-cabinet-83736-quarter-4-treasury-management-202526.pdf	https://TunbridgeWells.moderngov.co.uk/documents/s83736/quarter-4-treasury-management-202526.pdf	Tunbridge Wells	Quarter 4 Treasury Management 202526	normal
E07000116-tunbridge-wells-2026-06-25-cabinet-83754-appendix-d-usable-reserves-q4-202526.pdf	https://TunbridgeWells.moderngov.co.uk/documents/s83754/appendix-d-usable-reserves-q4-202526.pdf	Tunbridge Wells	Appendix D Usable Reserves Q4 202526	normal
W06000013-bridgend-2026-06-24-council-38074-appendix-3-revenue-budget-monitoring-202.pdf	https://democratic.bridgend.gov.uk/documents/s38074/appendix-3-revenue-budget-monitoring-2025-26.pdf	Bridgend	Appendix 3 Revenue Budget Monitoring 2025-26	normal
W06000013-bridgend-2026-06-24-council-38075-appendix-4-earmarked-reserves-quarter-4.pdf	https://democratic.bridgend.gov.uk/documents/s38075/appendix-4-earmarked-reserves-quarter-4.pdf	Bridgend	Appendix 4 - Earmarked Reserves Quarter 4	normal
mg5-argyll-and-bute-2026-06-24-argyll-and-bute-council-232069-25-26-revenue-budget-monitoring.pdf	http://www.argyll-bute.gov.uk/moderngov/documents/s232069/25-26-revenue-budget-monitoring.pdf	Argyll and Bute	25-26 Revenue Budget Monitoring	normal
W06000013-bridgend-2026-06-23-cabinet-38062-appendix-3-revenue-budget-monitoring-202.pdf	https://democratic.bridgend.gov.uk/documents/s38062/appendix-3-revenue-budget-monitoring-2025-26.pdf	Bridgend	Appendix 3 Revenue Budget Monitoring 2025-26	normal
W06000013-bridgend-2026-06-23-cabinet-38063-appendix-4-earmarked-reserves-quarter-4.pdf	https://democratic.bridgend.gov.uk/documents/s38063/appendix-4-earmarked-reserves-quarter-4.pdf	Bridgend	Appendix 4 - Earmarked Reserves Quarter 4	normal
E09000008-croydon-2026-06-23-scrutiny-streets-environme-71311-financial-monitoring-period-10.pdf	https://democracy.croydon.gov.uk/documents/s71311/financial-monitoring-period-10.pdf	Croydon	Financial Monitoring - Period 10	normal
E07000103-watford-2026-06-22-finance-scrutiny-committee-54254-financial-monitoring-report-year-end-202.pdf	https://watford.moderngov.co.uk/documents/s54254/financial-monitoring-report-year-end-2025-26.pdf	Watford	Financial Monitoring Report Year End 2025/26	normal
mg258-gwynedd-cymraeg-2026-06-19-north-wales-corporate-join-50492-appendix-6-rsp-financial-position.pdf	https://democracy.gwynedd.llyw.cymru/documents/s50492/appendix-6-rsp-financial-position.pdf	Gwynedd Cymraeg	Appendix 6 - RSP Financial Position	normal
E07000041-exeter-2026-06-18-customer-focus-scrutiny-co-105464-overview-of-general-fund-revenue-budget.pdf	https://modgov.exeter.gov.uk/documents/s105464/overview-of-general-fund-revenue-budget-2025-26-quarter-4-1.pdf	Exeter	Overview of General Fund Revenue Budget 2025-26 - Quarter 4 (1)	normal
E07000041-exeter-2026-06-18-customer-focus-scrutiny-co-105105-appendix-1-hra-revenue-monitoring-q4-202.pdf	https://modgov.exeter.gov.uk/documents/s105105/appendix-1-hra-revenue-monitoring-q4-2025-26-16-06-2026-coun.pdf	Exeter	Appendix 1 HRA Revenue Monitoring Q4 2025-26, 16/06/2026 Council	normal
E07000041-exeter-2026-06-18-customer-focus-scrutiny-co-105492-overview-of-general-fund-revenue-budget.pdf	https://modgov.exeter.gov.uk/documents/s105492/overview-of-general-fund-revenue-budget-2025-26-quarter-4-1.pdf	Exeter	Overview of General Fund Revenue Budget 2025-26 - Quarter 4 (1)	normal
mg258-gwynedd-cymraeg-2026-06-18-education-and-economy-scru-50468-appendix-6-update-on-the-work-programme.pdf	https://democracy.gwynedd.llyw.cymru/documents/s50468/appendix-6-update-on-the-work-programme-and-financial-positi.pdf	Gwynedd Cymraeg	Appendix 6 - Update on the Work Programme and Financial Position	normal
E07000041-exeter-2026-06-16-council-105415-overview-of-general-fund-revenue-budget.pdf	https://modgov.exeter.gov.uk/documents/s105415/overview-of-general-fund-revenue-budget-2025-26-quarter-4.pdf	Exeter	Overview of General Fund Revenue Budget 2025-26 - Quarter 4	normal
E07000041-exeter-2026-06-16-council-105502-general-fund-revenue-budget-2025-26-quar.pdf	https://modgov.exeter.gov.uk/documents/s105502/general-fund-revenue-budget-2025-26-quarter-4.pdf	Exeter	General Fund Revenue Budget 2025-26 - Quarter 4	normal
E07000041-exeter-2026-06-16-council-105402-appendix-1-hra-revenue-monitoring-q4-202.pdf	https://modgov.exeter.gov.uk/documents/s105402/appendix-1-hra-revenue-monitoring-q4-2025-26.pdf	Exeter	Appendix 1 HRA Revenue Monitoring Q4 2025-26	normal
S12000036-city-of-edinburgh-2026-06-11-governance-risk-and-best-v-99810-8-13-edinburgh-integration-joint-board-h.pdf	https://democracy.edinburgh.gov.uk/documents/s99810/8-13-edinburgh-integration-joint-board-history-of-financial.pdf	City of Edinburgh	8.13 - Edinburgh Integration Joint Board – history of financial position	normal
E07000074-maldon-2026-06-11-strategy-and-resources-com-41942-10-budget-monitoring-report-period-12.pdf	https://democracy.maldon.gov.uk/documents/s41942/10-budget-monitoring-report-period-12.pdf	Maldon	10 Budget Monitoring Report – Period 12	normal
E07000211-reigate-and-banstead-2026-06-11-overview-and-scrutiny-comm-42280-annex-3-q4-2025-26-reserves-summary.pdf	https://REIGATE-BANSTEAD.moderngov.co.uk/documents/s42280/annex-3-q4-2025-26-reserves-summary.pdf	Reigate and Banstead	Annex 3 - Q4 2025-26 Reserves Summary	normal
E07000211-reigate-and-banstead-2026-06-11-overview-and-scrutiny-comm-42283-annex-4-2-q4-2025-26-capital-reprofiled.pdf	https://REIGATE-BANSTEAD.moderngov.co.uk/documents/s42283/annex-4-2-q4-2025-26-capital-reprofiled-budgets.pdf	Reigate and Banstead	Annex 4.2 - Q4 2025-26 Capital Reprofiled Budgets	normal
E06000002-middlesbrough-2026-06-10-executive-43563-appendix-3-reserves-provisions-for-q4-25.pdf	https://middlesbrough.moderngov.co.uk/documents/s43563/appendix-3-reserves-provisions-for-q4-25-26.pdf	Middlesbrough	Appendix 3 - Reserves & Provisions for Q4 25-26	normal
E06000027-torbay-2026-06-09-cabinet-170978-budget-monitoring-report-revenue-and-cap.pdf	http://www.torbay.gov.uk/DemocraticServices/documents/s170978/budget-monitoring-report-revenue-and-capital-q4-2025-26-v3-f.pdf	Torbay	Budget Monitoring Report Revenue and Capital Q4 2025 26 v3 for Cabinet	normal
E07000116-tunbridge-wells-2026-06-08-finance-innovation-and-tra-83493-quarter-4-treasury-management-202526.pdf	https://TunbridgeWells.moderngov.co.uk/documents/s83493/quarter-4-treasury-management-202526.pdf	Tunbridge Wells	Quarter 4 Treasury Management 202526	normal
E07000116-tunbridge-wells-2026-06-08-finance-innovation-and-tra-83505-appendix-d-usable-reserves-q4-202526.pdf	https://TunbridgeWells.moderngov.co.uk/documents/s83505/appendix-d-usable-reserves-q4-202526.pdf	Tunbridge Wells	Appendix D Usable Reserves Q4 202526	normal
S12000045-east-dunbartonshire-2026-06-04-policy-and-resources-commi-16800-general-fund-revenue-monitoring-as-at-pe.pdf	https://EastDunbarton.moderngov.co.uk/documents/s16800/general-fund-revenue-monitoring-as-at-period-10-of-the-2025.pdf	East Dunbartonshire	GENERAL FUND REVENUE MONITORING AS AT PERIOD 10 OF THE 2025/26 FINANCIAL YEAR	normal
S12000045-east-dunbartonshire-2026-06-04-policy-and-resources-commi-16801-appendix-1-for-general-fund-revenue-moni.pdf	https://EastDunbarton.moderngov.co.uk/documents/s16801/appendix-1-for-general-fund-revenue-monitoring-as-at-period.pdf	East Dunbartonshire	Appendix 1 for GENERAL FUND REVENUE MONITORING AS AT PERIOD 10 OF THE 2025/26 FINANCIAL YEAR	normal
S12000045-east-dunbartonshire-2026-06-04-policy-and-resources-commi-16802-appendix-2-for-general-fund-revenue-moni.pdf	https://EastDunbarton.moderngov.co.uk/documents/s16802/appendix-2-for-general-fund-revenue-monitoring-as-at-period.pdf	East Dunbartonshire	Appendix 2 for GENERAL FUND REVENUE MONITORING AS AT PERIOD 10 OF THE 2025/26 FINANCIAL YEAR	normal
S12000045-east-dunbartonshire-2026-06-04-policy-and-resources-commi-16803-appendix-3-for-general-fund-revenue-moni.pdf	https://EastDunbarton.moderngov.co.uk/documents/s16803/appendix-3-for-general-fund-revenue-monitoring-as-at-period.pdf	East Dunbartonshire	Appendix 3 for GENERAL FUND REVENUE MONITORING AS AT PERIOD 10 OF THE 2025/26 FINANCIAL YEAR	normal
E06000027-torbay-2026-06-03-overview-and-scrutiny-boar-170708-budget-monitoring-report-revenue-and-cap.pdf	http://www.torbay.gov.uk/DemocraticServices/documents/s170708/budget-monitoring-report-revenue-and-capital-q4-2025-26-v2.pdf	Torbay	Budget Monitoring Report Revenue and Capital Q4 2025 26 v2	normal
E08000006-salford-2026-06-01-growth-prosperity-scrutiny-94309-q3-budget-monitoring-report-2025-26.pdf	https://sccdemocracy.salford.gov.uk/documents/s94309/q3-budget-monitoring-report-2025-26.pdf	Salford	Q3 Budget Monitoring Report 2025-26	normal
E07000209-guildford-2026-05-28-executive-44201-item-00-financial-monitoring-report-2025.pdf	https://democracy.guildford.gov.uk/documents/s44201/item-00-financial-monitoring-report-2025-26-quarter-3.pdf	Guildford	Item 00 - Financial Monitoring Report 2025-26 Quarter 3	normal
E07000209-guildford-2026-05-28-executive-44206-item-00-appendix-5-reserves-quarter-3-20.pdf	https://democracy.guildford.gov.uk/documents/s44206/item-00-appendix-5-reserves-quarter-3-2025-26.pdf	Guildford	Item 00 - Appendix 5 - Reserves Quarter 3 2025-26	normal
mg430-north-yorkshire-2026-05-26-executive-68508-260526-2-revenue-monitoring.pdf	http://edemocracy.northyorks.gov.uk/documents/s68508/260526-2-revenue-monitoring.pdf	North Yorkshire	260526 - 2 Revenue Monitoring	normal
mg430-north-yorkshire-2026-05-26-executive-68509-260526-3-treasury-management-q4-2526.pdf	http://edemocracy.northyorks.gov.uk/documents/s68509/260526-3-treasury-management-q4-2526.pdf	North Yorkshire	260526 - 3 Treasury Management Q4 2526	normal
mg5-argyll-and-bute-2026-05-19-argyll-and-bute-hscp-finan-230752-budget-monitoring-12-months-to-31-march.pdf	http://www.argyll-bute.gov.uk/moderngov/documents/s230752/budget-monitoring-12-months-to-31-march-2026-and-provisional.pdf	Argyll and Bute	BUDGET MONITORING - 12 MONTHS TO 31 MARCH 2026 AND PROVISIONAL YEAR END	normal
mg5-argyll-and-bute-2026-05-19-argyll-and-bute-hscp-finan-230753-appendix-1-ijb-budget-monitoring.pdf	http://www.argyll-bute.gov.uk/moderngov/documents/s230753/appendix-1-ijb-budget-monitoring.pdf	Argyll and Bute	Appendix 1 IJB Budget Monitoring	normal
E06000060-buckinghamshire-2026-05-12-high-wycombe-town-committe-119522-report-for-special-expenses-reserves-upd.pdf	https://Buckinghamshire.moderngov.co.uk/documents/s119522/report-for-special-expenses-reserves-update-and-discussion.pdf	Buckinghamshire	Report for Special Expenses Reserves update and discussion	normal
E06000060-buckinghamshire-2026-05-12-high-wycombe-town-committe-119523-appendix-1-for-special-expenses-reserves.pdf	https://Buckinghamshire.moderngov.co.uk/documents/s119523/appendix-1-for-special-expenses-reserves-update-and-discussi.pdf	Buckinghamshire	Appendix 1 for Special Expenses Reserves update and discussion	normal
E06000060-buckinghamshire-2026-05-12-high-wycombe-town-committe-119524-appendix-2-for-special-expenses-reserves.pdf	https://Buckinghamshire.moderngov.co.uk/documents/s119524/appendix-2-for-special-expenses-reserves-update-and-discussi.pdf	Buckinghamshire	Appendix 2 for Special Expenses Reserves update and discussion	normal
E06000063-cumberland-2026-05-12-council-55944-2025-26-cumberland-council-budget-monito.pdf	https://Cumberland.moderngov.co.uk/documents/s55944/2025-26-cumberland-council-budget-monitoring-at-q3.pdf	Cumberland	2025-26 Cumberland Council Budget Monitoring at Q3	normal
E06000063-cumberland-2026-05-11-joint-executive-committee-55942-hosted-services-budget-monitoring-q3.pdf	https://Cumberland.moderngov.co.uk/documents/s55942/hosted-services-budget-monitoring-q3.pdf	Cumberland	Hosted Services Budget Monitoring (Q3)	normal
E06000063-cumberland-2026-05-11-joint-executive-committee-55943-hosted-services-budget-monitoring-q3-app.pdf	https://Cumberland.moderngov.co.uk/documents/s55943/hosted-services-budget-monitoring-q3-appendix.pdf	Cumberland	Hosted Services Budget Monitoring (Q3) Appendix	normal
E07000209-guildford-2026-04-28-overview-scrutiny-committe-43885-item-04-financial-monitoring-report-2025.pdf	https://democracy.guildford.gov.uk/documents/s43885/item-04-financial-monitoring-report-2025-26-quarter-3.pdf	Guildford	Item 04 - Financial Monitoring Report 2025-26 Quarter 3	normal
E07000209-guildford-2026-04-28-overview-scrutiny-committe-43882-item-04-appendix-5-reserves-quarter-3-20.pdf	https://democracy.guildford.gov.uk/documents/s43882/item-04-appendix-5-reserves-quarter-3-2025-26.pdf	Guildford	Item 04 - Appendix 5 - Reserves Quarter 3 2025-26	normal
E07000146-kings-lynn-and-west-no-2026-04-23-cabinet-84695-eia-pre-screening-form-rev-6-budget-moni.pdf	https://democracy.west-norfolk.gov.uk/documents/s84695/eia-pre-screening-form-rev-6-budget-monitoring.pdf	Kings Lynn and West Norfolk	EIA Pre-screening form Rev 6 - Budget Monitoring	normal
E07000175-newark-and-sherwood-2026-04-22-audit-accounts-committee-25969-22-04-26-budget-monitoring-as-at-31-dece.pdf	https://democracy.newark-sherwooddc.gov.uk/documents/s25969/22-04-26-budget-monitoring-as-at-31-december-25.pdf	Newark and Sherwood	22.04.26 - Budget Monitoring as at 31 December 25	normal
E07000175-newark-and-sherwood-2026-04-22-audit-accounts-committee-25970-22-04-26-budget-monitoring-as-at-31-dece.pdf	https://democracy.newark-sherwooddc.gov.uk/documents/s25970/22-04-26-budget-monitoring-as-at-31-december-25-appendix-a.pdf	Newark and Sherwood	22.04.26 - Budget Monitoring as at 31 December 25 - Appendix A	normal
E07000180-vale-of-white-horse-2026-04-17-cabinet-64719-budget-monitoring-april-2025-december-20.pdf	https://democratic.whitehorsedc.gov.uk/documents/s64719/budget-monitoring-april-2025-december-2025.pdf	Vale of White Horse	Budget monitoring April 2025 - December 2025	normal
E07000082-stroud-2026-04-16-strategy-and-resources-com-19007-budget-monitoring-report-quarter-3-2025.pdf	https://Stroud.moderngov.co.uk/documents/s19007/budget-monitoring-report-quarter-3-2025-26.pdf	Stroud	Budget Monitoring Report Quarter 3 2025/26	normal
E07000146-kings-lynn-and-west-no-2026-04-15-corporate-performance-pane-84526-covering-report-to-panels-q3-budget-moni.pdf	https://democracy.west-norfolk.gov.uk/documents/s84526/covering-report-to-panels-q3-budget-monitoring-report.pdf	Kings Lynn and West Norfolk	Covering Report to Panels - Q3 Budget Monitoring Report	normal
E07000146-kings-lynn-and-west-no-2026-04-15-corporate-performance-pane-84539-eia-pre-screening-form-rev-6-budget-moni.pdf	https://democracy.west-norfolk.gov.uk/documents/s84539/eia-pre-screening-form-rev-6-budget-monitoring.pdf	Kings Lynn and West Norfolk	EIA Pre-screening form Rev 6 - Budget Monitoring	normal
E07000146-kings-lynn-and-west-no-2026-04-15-corporate-performance-pane-84689-signed-eia-pre-screening-form-rev-6-budg.pdf	https://democracy.west-norfolk.gov.uk/documents/s84689/signed-eia-pre-screening-form-rev-6-budget-monitoring.pdf	Kings Lynn and West Norfolk	Signed EIA Pre-screening form Rev 6 - Budget Monitoring	normal
E07000099-north-hertfordshire-2026-04-14-cabinet-30657-6g-third-quarter-revenue-budget-monitori.pdf	https://democracy.north-herts.gov.uk/documents/s30657/6g-third-quarter-revenue-budget-monitoring-2025-26.pdf	North Hertfordshire	6G - Third Quarter Revenue Budget Monitoring 2025-26	normal
E07000099-north-hertfordshire-2026-04-14-cabinet-30613-third-quarter-capital-budget-monitoring.pdf	https://democracy.north-herts.gov.uk/documents/s30613/third-quarter-capital-budget-monitoring-review-2025-26.pdf	North Hertfordshire	THIRD QUARTER CAPITAL BUDGET MONITORING REVIEW 2025/26	normal
E07000099-north-hertfordshire-2026-04-14-cabinet-30648-third-quarter-revenue-budget-monitoring.pdf	https://democracy.north-herts.gov.uk/documents/s30648/third-quarter-revenue-budget-monitoring-2025-26-25-03-2026-f.pdf	North Hertfordshire	THIRD QUARTER REVENUE BUDGET MONITORING 2025/26, 25/03/2026 Finance, Audit and Risk Committee	normal
E09000004-bexley-2026-04-09-public-cabinet-122453-budget-monitor-january-period-10-public.pdf	https://democracy.bexley.gov.uk/documents/s122453/budget-monitor-january-period-10-public-cabinet-1.pdf	Bexley	Budget Monitor January - Period 10 - Public Cabinet. (1)	normal
E09000004-bexley-2026-04-09-public-cabinet-122454-appendix-a-revenue-budget-monitoring-p10.pdf	https://democracy.bexley.gov.uk/documents/s122454/appendix-a-revenue-budget-monitoring-p10-public-cabinet.pdf	Bexley	Appendix A Revenue Budget Monitoring P10 - Public Cabinet	normal
E09000004-bexley-2026-04-09-public-cabinet-122455-appendix-b-capital-budget-monitoring-p10.pdf	https://democracy.bexley.gov.uk/documents/s122455/appendix-b-capital-budget-monitoring-p10-public-cabinet.pdf	Bexley	Appendix B - Capital Budget Monitoring P10 - Public Cabinet	normal
E10000007-derbyshire-2026-04-09-cabinet-34295-capital-budget-monitoring-and-forecast-a.pdf	https://democracy.derbyshire.gov.uk/documents/s34295/capital-budget-monitoring-and-forecast-as-at-quarter-3.pdf	Derbyshire	Capital budget monitoring and forecast as at Quarter 3	normal
E06000038-reading-2026-04-08-audit-and-governance-commi-39148-treasury-management-review-q3.pdf	https://democracy.reading.gov.uk/documents/s39148/treasury-management-review-q3.pdf	Reading	Treasury Management Review Q3	normal
E06000063-cumberland-2026-04-07-executive-55563-2025-26-budget-monitoring-at-quarter-3-a.pdf	https://Cumberland.moderngov.co.uk/documents/s55563/2025-26-budget-monitoring-at-quarter-3-april-to-december.pdf	Cumberland	2025-26 Budget Monitoring at Quarter 3 (April to December)	normal
E06000063-cumberland-2026-04-07-executive-55555-appendix-a1-capital-budget-monitoring-20.pdf	https://Cumberland.moderngov.co.uk/documents/s55555/appendix-a1-capital-budget-monitoring-2025-26-q3.pdf	Cumberland	Appendix A1 - Capital Budget Monitoring 2025-26 Q3	normal
E06000063-cumberland-2026-04-07-executive-55556-appendix-b-budget-amendments-to-q3.pdf	https://Cumberland.moderngov.co.uk/documents/s55556/appendix-b-budget-amendments-to-q3.pdf	Cumberland	Appendix B Budget Amendments to Q3	normal
E06000063-cumberland-2026-04-07-executive-55564-appendix-d-requests-for-earmarked-reserv.pdf	https://Cumberland.moderngov.co.uk/documents/s55564/appendix-d-requests-for-earmarked-reserves-at-q3.pdf	Cumberland	Appendix D Requests for Earmarked Reserves at Q3	normal
E06000063-cumberland-2026-04-07-executive-55574-minute-excerpt-budget-monitoring-quarter.pdf	https://Cumberland.moderngov.co.uk/documents/s55574/minute-excerpt-budget-monitoring-quarter-3-2025-26-report.pdf	Cumberland	Minute Excerpt - Budget monitoring Quarter 3 2025.26 report	normal
E07000095-broxbourne-2026-03-31-scrutiny-committee-10032-2025-26-q3-revenue-monitor.pdf	https://Broxbourne.moderngov.co.uk/documents/s10032/2025-26-q3-revenue-monitor.pdf	Broxbourne	2025-26 Q3 Revenue Monitor	normal
E07000124-ribble-valley-2026-03-31-policy-and-finance-11129-revenue-monitoring-2025-26.pdf	https://RibbleValley.moderngov.co.uk/documents/s11129/revenue-monitoring-2025-26.pdf	Ribble Valley	Revenue Monitoring 2025/26	normal
E47000012-york-and-north-yorkshi-2026-03-27-cabinet-1542-20260327-report-2025-26-q3-budget-update.pdf	https://YorkNorthYorks-CA.moderngov.co.uk/documents/s1542/20260327-report-2025-26-q3-budget-update.pdf	York and North Yorkshire	20260327 - Report - 2025/26 Q3 Budget Update	normal
E07000035-derbyshire-dales-2026-03-26-council-15569-2-quarter-3-revenue-monitoring-202526.pdf	https://democracy.derbyshiredales.gov.uk/documents/s15569/2-quarter-3-revenue-monitoring-202526.pdf	Derbyshire Dales	2. Quarter 3 Revenue Monitoring 202526	normal
E08000004-oldham-2026-03-26-audit-committee-158390-treasury-management-q3-to-audit-committe.pdf	http://committees.oldham.gov.uk/documents/s158390/treasury-management-q3-to-audit-committee-march-2026.pdf	Oldham	Treasury Management Q3 to Audit committee March 2026	normal
E07000215-tandridge-2026-03-26-strategy-resources-committ-18562-quarter-3-2025-26-budget-monitoring-stra.pdf	https://Tandridge.moderngov.co.uk/documents/s18562/quarter-3-2025-26-budget-monitoring-strategy-resources-commi.pdf	Tandridge	Quarter 3 2025/26 Budget Monitoring - Strategy & Resources Committee	normal
E07000215-tandridge-2026-03-26-strategy-resources-committ-18563-appendix-a-committee-2025-26-q3-m9-finan.pdf	https://Tandridge.moderngov.co.uk/documents/s18563/appendix-a-committee-2025-26-q3-m9-financial-report-supporti.pdf	Tandridge	Appendix A - Committee 2025/26 Q3 / M9 Financial Report & Supporting Data	normal
E08000038-barnsley-2026-03-25-central-area-council-133618-202526-cac-q3-ward-alliance-fund-budget.pdf	https://barnsleymbc.moderngov.co.uk/documents/s133618/202526-cac-q3-ward-alliance-fund-budget-overview.pdf	Barnsley	202526 CAC Q3 Ward Alliance Fund Budget Overview	normal
E07000116-tunbridge-wells-2026-03-26-cabinet-82442-quarter-3-treasury-management-202526.pdf	https://TunbridgeWells.moderngov.co.uk/documents/s82442/quarter-3-treasury-management-202526.pdf	Tunbridge Wells	Quarter 3 Treasury Management 202526	normal
E07000116-tunbridge-wells-2026-03-26-cabinet-82526-appendix-d-usable-reserves-q3-202526.pdf	https://TunbridgeWells.moderngov.co.uk/documents/s82526/appendix-d-usable-reserves-q3-202526.pdf	Tunbridge Wells	Appendix D Usable Reserves Q3 202526	normal
E09000019-islington-2026-03-25-executive-44602-2025-26-q3-budget-monitoring-report-emrb.pdf	https://islington.moderngov.co.uk/documents/s44602/2025-26-q3-budget-monitoring-report-emrb.pdf	Islington	2025-26 - Q3 Budget Monitoring Report_EMRB	normal
E09000019-islington-2026-03-25-executive-44603-appendix-1-2025-26-gf-revenue-monitoring.pdf	https://islington.moderngov.co.uk/documents/s44603/appendix-1-2025-26-gf-revenue-monitoring-q3.pdf	Islington	Appendix_1_2025-26_GF Revenue Monitoring Q3	normal
E09000015-harrow-2026-03-25-performance-and-finance-sc-199069-revenue-and-capital-budget-monitoring-re.pdf	https://moderngov.harrow.gov.uk/documents/s199069/revenue-and-capital-budget-monitoring-report-2025-26-q3.pdf	Harrow	Revenue and Capital Budget Monitoring Report 2025-26 Q3	normal
E07000147-north-norfolk-2026-03-25-council-22664-budget-monitoring-report-p10-2025-26.pdf	https://modgov.north-norfolk.gov.uk/documents/s22664/budget-monitoring-report-p10-2025-26.pdf	North Norfolk	Budget Monitoring Report P10 2025-26	normal
E07000147-north-norfolk-2026-03-25-council-22669-appx-d-reserve-statement-2025-26-p10-bud.pdf	https://modgov.north-norfolk.gov.uk/documents/s22669/appx-d-reserve-statement-2025-26-p10-budget-monitoring.pdf	North Norfolk	Appx D Reserve Statement 2025-26 P10 Budget Monitoring	normal
E07000099-north-hertfordshire-2026-03-25-finance-audit-and-risk-com-30444-third-quarter-revenue-budget-monitoring.pdf	https://democracy.north-herts.gov.uk/documents/s30444/third-quarter-revenue-budget-monitoring-2025-26.pdf	North Hertfordshire	THIRD QUARTER REVENUE BUDGET MONITORING 2025/26	normal
E07000099-north-hertfordshire-2026-03-25-finance-audit-and-risk-com-30483-uploaded-3rd-qrt-capital-budget-monitori.pdf	https://democracy.north-herts.gov.uk/documents/s30483/uploaded-3rd-qrt-capital-budget-monitoring-2025-26.pdf	North Hertfordshire	Uploaded 3rd Qrt Capital Budget Monitoring 2025-26	normal
E07000127-west-lancashire-2026-03-25-policy-resources-committee-52253-gra-q3-budget-monitoring.pdf	https://democracy.westlancs.gov.uk/documents/s52253/gra-q3-budget-monitoring.pdf	West Lancashire	GRA Q3 Budget Monitoring	normal
E07000127-west-lancashire-2026-03-25-policy-resources-committee-52211-hra-q3-budget-monitoring-revenue-capital.pdf	https://democracy.westlancs.gov.uk/documents/s52211/hra-q3-budget-monitoring-revenue-capital.pdf	West Lancashire	HRA Q3 Budget Monitoring - Revenue & Capital	normal
E09000003-barnet-2026-03-24-overview-and-scrutiny-comm-94701-chief-finance-officer-report-2025-26-q3.pdf	http://barnet.moderngov.co.uk/documents/s94701/chief-finance-officer-report-2025-26-q3-financial-forecast-a.pdf	Barnet	Chief Finance Officer Report - 2025/26 Q3 Financial Forecast and 2025/26 Budget Management	normal
E06000060-buckinghamshire-2026-03-24-high-wycombe-town-committe-116912-report-for-hwtc-special-expenses-reserve.pdf	https://Buckinghamshire.moderngov.co.uk/documents/s116912/report-for-hwtc-special-expenses-reserves-update.pdf	Buckinghamshire	Report for HWTC Special Expenses Reserves Update	normal
E06000060-buckinghamshire-2026-03-24-high-wycombe-town-committe-117097-appendix-1-hwtc-special-expenses-reserve.pdf	https://Buckinghamshire.moderngov.co.uk/documents/s117097/appendix-1-hwtc-special-expenses-reserves-update.pdf	Buckinghamshire	Appendix 1 - HWTC Special Expenses Reserves Update	normal
E07000175-newark-and-sherwood-2026-03-24-cabinet-25695-24-03-26-budget-performance-q3-monitorin.pdf	https://democracy.newark-sherwooddc.gov.uk/documents/s25695/24-03-26-budget-performance-q3-monitoring.pdf	Newark and Sherwood	24.03.26 - Budget Performance Q3 Monitoring	normal
E07000175-newark-and-sherwood-2026-03-24-cabinet-25696-24-03-26-budget-monitoring-as-at-31-dec.pdf	https://democracy.newark-sherwooddc.gov.uk/documents/s25696/24-03-26-budget-monitoring-as-at-31-dec-25-appendix-a.pdf	Newark and Sherwood	24.03.26 - Budget Monitoring as at 31 Dec 25 - Appendix A	normal
E07000175-newark-and-sherwood-2026-03-24-cabinet-25697-24-03-26-budget-monitoring-as-at-31-dec.pdf	https://democracy.newark-sherwooddc.gov.uk/documents/s25697/24-03-26-budget-monitoring-as-at-31-dec-25-appendix-b.pdf	Newark and Sherwood	24.03.26 - Budget Monitoring as at 31 Dec 25 - Appendix B	normal
E07000175-newark-and-sherwood-2026-03-24-cabinet-25698-24-03-26-budget-monitoring-as-at-31-dec.pdf	https://democracy.newark-sherwooddc.gov.uk/documents/s25698/24-03-26-budget-monitoring-as-at-31-dec-25-appendix-c.pdf	Newark and Sherwood	24.03.26 - Budget Monitoring as at 31 Dec 25 - Appendix C	normal
E07000175-newark-and-sherwood-2026-03-24-cabinet-25699-24-03-26-budget-monitoring-as-at-31-dec.pdf	https://democracy.newark-sherwooddc.gov.uk/documents/s25699/24-03-26-budget-monitoring-as-at-31-dec-25-appendix-d.pdf	Newark and Sherwood	24.03.26 - Budget Monitoring as at 31 Dec 25 - Appendix D	normal
E07000175-newark-and-sherwood-2026-03-24-cabinet-25700-24-03-26-budget-monitoring-as-at-31-dec.pdf	https://democracy.newark-sherwooddc.gov.uk/documents/s25700/24-03-26-budget-monitoring-as-at-31-dec-25-appendix-e.pdf	Newark and Sherwood	24.03.26 - Budget Monitoring as at 31 Dec 25 - Appendix E	normal
E07000175-newark-and-sherwood-2026-03-24-cabinet-25701-24-03-26-budget-monitoring-as-at-31-dec.pdf	https://democracy.newark-sherwooddc.gov.uk/documents/s25701/24-03-26-budget-monitoring-as-at-31-dec-25-appendix-f.pdf	Newark and Sherwood	24.03.26 - Budget Monitoring as at 31 Dec 25 - Appendix F	normal
E07000175-newark-and-sherwood-2026-03-24-cabinet-25702-24-03-26-budget-monitoring-as-at-31-dec.pdf	https://democracy.newark-sherwooddc.gov.uk/documents/s25702/24-03-26-budget-monitoring-as-at-31-dec-25-appendix-g.pdf	Newark and Sherwood	24.03.26 - Budget Monitoring as at 31 Dec 25 - Appendix G	normal
E07000175-newark-and-sherwood-2026-03-24-cabinet-25703-24-03-26-budget-monitoring-as-at-31-dec.pdf	https://democracy.newark-sherwooddc.gov.uk/documents/s25703/24-03-26-budget-monitoring-as-at-31-dec-25-appendix-h.pdf	Newark and Sherwood	24.03.26 - Budget Monitoring as at 31 Dec 25 - Appendix H	normal
E08000034-kirklees-2026-03-24-cabinet-70456-25-26-q3-financial-monitoring-cabinet.pdf	https://democracy.kirklees.gov.uk/documents/s70456/25-26-q3-financial-monitoring-cabinet.pdf	Kirklees	25-26 Q3 Financial Monitoring Cabinet	normal
E08000034-kirklees-2026-03-24-cabinet-70458-app-2-25-26-monthly-budget-savings-deliv.pdf	https://democracy.kirklees.gov.uk/documents/s70458/app-2-25-26-monthly-budget-savings-delivery-update-q3.pdf	Kirklees	App 2 - 25-26 - Monthly Budget Savings Delivery Update - Q3	normal
E06000040-windsor-and-maidenhead-2026-03-24-cabinet-71037-month-10-budget-monitoring-cabinet-repor.pdf	https://RBWM.moderngov.co.uk/documents/s71037/month-10-budget-monitoring-cabinet-report.pdf	Windsor and Maidenhead	Month 10 Budget Monitoring - Cabinet Report	normal
E09000008-croydon-2026-03-23-scrutiny-streets-environme-70024-financial-monitoring-period-8.pdf	https://democracy.croydon.gov.uk/documents/s70024/financial-monitoring-period-8.pdf	Croydon	Financial Monitoring - Period 8	normal
E08000013-st-helens-2026-03-23-overview-and-scrutiny-comm-176995-financial-monitoring-report-period-3-202.pdf	https://StHelens.moderngov.co.uk/documents/s176995/financial-monitoring-report-period-3-202526-cover.pdf	St. Helens	Financial Monitoring Report Period 3 202526 Cover	normal
E06000023-city-of-bristol-2026-03-20-public-health-and-communit-124529-13-3-appendix-a2-p08-appendix-a1a-revenu.pdf	https://Democracy.Bristol.gov.uk/documents/s124529/13-3-appendix-a2-p08-appendix-a1a-revenue-budget-monitoring.pdf	City of Bristol	13.3 Appendix A2 - P08 Appendix A1a - Revenue Budget Monitoring	normal
E07000068-brentwood-2026-07-27-housing-health-community-c-31005-housing-debt-write-off.pdf	http://brentwood.moderngov.co.uk/documents/s31005/housing-debt-write-off.pdf	Brentwood	Housing Debt Write Off	normal
E07000177-cherwell-2026-06-30-budget-planning-committee-63627-appendix-3-virements-aged-debt-march-202.pdf	https://modgov.cherwell.gov.uk/documents/s63627/appendix-3-virements-aged-debt-march-2026.pdf	Cherwell	Appendix 3 - Virements & Aged Debt March 2026	normal
E09000024-merton-2026-06-23-merton-and-sutton-joint-ce-59123-msjc-annual-governance-statement-2025-26.pdf	https://democracy.merton.gov.uk/documents/s59123/msjc-annual-governance-statement-2025-26.pdf	Merton	MSJC Annual Governance Statement 2025-26	normal
S12000006-dumfries-and-galloway-2026-06-16-enabling-and-customer-serv-76897-financial-code-04-debt-write-offs.pdf	http://DumfriesGalloway.moderngov.co.uk/documents/s76897/financial-code-04-debt-write-offs.pdf	Dumfries and Galloway	Financial Code 04 Debt Write Offs	normal
S12000006-dumfries-and-galloway-2026-06-16-enabling-and-customer-serv-76898-financial-code-04-debt-write-offs-append.pdf	http://DumfriesGalloway.moderngov.co.uk/documents/s76898/financial-code-04-debt-write-offs-appendix-1.pdf	Dumfries and Galloway	Financial Code 04 Debt Write Offs - Appendix 1	normal
S12000006-dumfries-and-galloway-2026-06-16-enabling-and-customer-serv-76899-financial-code-04-debt-write-offs-append.pdf	http://DumfriesGalloway.moderngov.co.uk/documents/s76899/financial-code-04-debt-write-offs-appendix-2.pdf	Dumfries and Galloway	Financial Code 04 Debt Write Offs - Appendix 2	normal
S12000034-aberdeenshire-2026-06-11-business-services-committe-44242-draft-annual-governance-statement-2025-2.pdf	https://Aberdeenshire.moderngov.co.uk/documents/s44242/draft-annual-governance-statement-2025-26.pdf	Aberdeenshire	Draft Annual Governance Statement 2025/26	normal
S12000034-aberdeenshire-2026-06-11-business-services-committe-44243-appendix-1-draft-annual-governance-state.pdf	https://Aberdeenshire.moderngov.co.uk/documents/s44243/appendix-1-draft-annual-governance-statement-2025-26.pdf	Aberdeenshire	Appendix 1- Draft Annual Governance Statement 2025/26	normal
E07000215-tandridge-2026-06-09-investment-sub-committee-19404-appendix-a-summary-of-investments-borrow.pdf	https://Tandridge.moderngov.co.uk/documents/s19404/appendix-a-summary-of-investments-borrowing-31-mar-2026.pdf	Tandridge	Appendix A - Summary of Investments Borrowing 31 Mar 2026	normal
mg362-mid-and-west-wales-fir-2026-06-08-fire-authority-7565-annual-governance-statement-2025-26-repo.pdf	https://midwestwalesfire.moderngov.co.uk/documents/s7565/annual-governance-statement-2025-26-report.pdf	Mid and West Wales Fire	Annual Governance Statement 2025_26 Report	normal
mg362-mid-and-west-wales-fir-2026-06-08-fire-authority-7575-annual-governance-statement-2025-26.pdf	https://midwestwalesfire.moderngov.co.uk/documents/s7575/annual-governance-statement-2025-26.pdf	Mid and West Wales Fire	Annual Governance Statement 2025_26	normal
S12000034-aberdeenshire-2026-06-04-communities-committee-44123-draft-annual-governance-statement-2025-2.pdf	https://Aberdeenshire.moderngov.co.uk/documents/s44123/draft-annual-governance-statement-2025-26.pdf	Aberdeenshire	Draft Annual Governance Statement 2025/26	normal
S12000034-aberdeenshire-2026-06-04-communities-committee-44124-appendix-1-draft-annual-governance-state.pdf	https://Aberdeenshire.moderngov.co.uk/documents/s44124/appendix-1-draft-annual-governance-statement-2025-26.pdf	Aberdeenshire	Appendix 1 - Draft Annual Governance Statement 2025/26	normal
S12000034-aberdeenshire-2026-05-21-education-and-children-s-s-43452-draft-annual-governance-statement-2025-2.pdf	https://Aberdeenshire.moderngov.co.uk/documents/s43452/draft-annual-governance-statement-2025-26.pdf	Aberdeenshire	Draft Annual Governance Statement 2025/26	normal
S12000034-aberdeenshire-2026-05-21-education-and-children-s-s-43453-appendix-1-draft-annual-governance-state.pdf	https://Aberdeenshire.moderngov.co.uk/documents/s43453/appendix-1-draft-annual-governance-statement-2025-26.pdf	Aberdeenshire	Appendix 1 - Draft Annual Governance Statement 2025/26	normal
S12000034-aberdeenshire-2026-05-14-infrastructure-services-co-43203-draft-annual-governance-statement-2025-2.pdf	https://Aberdeenshire.moderngov.co.uk/documents/s43203/draft-annual-governance-statement-2025-26.pdf	Aberdeenshire	Draft Annual Governance Statement 2025/26	normal
S12000034-aberdeenshire-2026-05-14-infrastructure-services-co-43204-appendix-1-draft-annual-governance-state.pdf	https://Aberdeenshire.moderngov.co.uk/documents/s43204/appendix-1-draft-annual-governance-statement-2025-26.pdf	Aberdeenshire	Appendix 1 - Draft Annual Governance Statement 2025/26	normal
E07000124-ribble-valley-2026-05-12-constitution-11506-corporate-debt-policy-2026.pdf	https://RibbleValley.moderngov.co.uk/documents/s11506/corporate-debt-policy-2026.pdf	Ribble Valley	Corporate Debt Policy 2026	normal
E06000027-torbay-2026-03-30-harbour-committee-168478-harbour-committee-30-3-26-required-pmsc.pdf	http://www.torbay.gov.uk/DemocraticServices/documents/s168478/harbour-committee-30-3-26-required-pmsc-policies-report-appe.pdf	Torbay	Harbour Committee 30.3.26 Required PMSC Policies Report Appendix E - Debt Recovery Policy	normal
S12000036-city-of-edinburgh-2026-03-20-lothian-valuation-joint-bo-96146-4-1-appendix-4-lvjb-annual-governance-st.pdf	https://democracy.edinburgh.gov.uk/documents/s96146/4-1-appendix-4-lvjb-annual-governance-statement-2025-to-2026.pdf	City of Edinburgh	4.1 - Appendix 4 - LVJB Annual Governance Statement 2025 to 2026	normal
W06000020-torfaen-2026-03-20-gwent-archives-joint-commi-76996-annual-governance-statement-2025-26-repo.pdf	https://Torfaen.moderngov.co.uk/documents/s76996/annual-governance-statement-2025-26-report.pdf	Torfaen	Annual Governance Statement 2025 26 report	normal
E09000007-camden-2026-08-07-constitution-134586-part-4-6-budget-and-policy-framework-pro.pdf	https://Camden.moderngov.co.uk/documents/s134586/part-4-6-budget-and-policy-framework-procedure-rules.pdf	Camden	PART 4(6) Budget and Policy Framework Procedure Rules	normal
E10000034-worcestershire-2026-07-30-constitution-61565-2026-07-appendix-6-budget-policy-framewo.pdf	http://worcestershire.moderngov.co.uk/documents/s61565/2026-07-appendix-6-budget-policy-framework.pdf	Worcestershire	2026 07 APPENDIX 6 Budget & Policy framework	normal
E08000008-tameside-2026-07-29-executive-cabinet-209396-appendix-1-reserves-and-balances.pdf	https://tameside.moderngov.co.uk/documents/s209396/appendix-1-reserves-and-balances.pdf	Tameside	Appendix. 1 - Reserves and Balances	normal
E09000030-tower-hamlets-2026-07-29-cabinet-274202-appendix-3-2025-26-general-fund-and-earm.pdf	https://TowerHamlets.moderngov.co.uk/documents/s274202/appendix-3-2025-26-general-fund-and-earmarked-reserves-final.pdf	Tower Hamlets	Appendix 3 - 2025-26 General Fund and Earmarked Reserves Final	normal
E09000030-tower-hamlets-2026-07-29-cabinet-274207-appendix-3-2026-27-period-2-general-fund.pdf	https://TowerHamlets.moderngov.co.uk/documents/s274207/appendix-3-2026-27-period-2-general-fund-and-earmarked-reser.pdf	Tower Hamlets	Appendix 3 - 2026-27 Period 2 General Fund and Earmarked Reserves	normal
E07000128-wyre-2026-07-28-audit-and-standards-commit-33532-appendix-4a-reserves-and-balances-statem.pdf	https://wyre.moderngov.co.uk/documents/s33532/appendix-4a-reserves-and-balances-statement-25-26.pdf	Wyre	Appendix 4a - Reserves and balances statement 25.26	normal
E07000128-wyre-2026-07-28-audit-and-standards-commit-33533-appendix-4b-transfers-to-and-from-reserv.pdf	https://wyre.moderngov.co.uk/documents/s33533/appendix-4b-transfers-to-and-from-reserves-25-26.pdf	Wyre	Appendix 4b - Transfers to and from reserves 25.26	normal
E09000030-tower-hamlets-2026-07-28-overview-scrutiny-committe-274446-appendix-3-2026-27-period-2-general-fund.pdf	https://TowerHamlets.moderngov.co.uk/documents/s274446/appendix-3-2026-27-period-2-general-fund-and-earmarked-reser.pdf	Tower Hamlets	Appendix 3 - 2026-27 Period 2 General Fund and Earmarked Reserves	normal
E09000030-tower-hamlets-2026-07-28-overview-scrutiny-committe-274452-appendix-3-2025-26-general-fund-and-earm.pdf	https://TowerHamlets.moderngov.co.uk/documents/s274452/appendix-3-2025-26-general-fund-and-earmarked-reserves-final.pdf	Tower Hamlets	Appendix 3 - 2025-26 General Fund and Earmarked Reserves Final	normal
E06000014-york-2026-07-27-constitution-194872-09-appendix-9-approval-of-budget-and-pol.pdf	https://democracy.york.gov.uk/documents/s194872/09-appendix-9-approval-of-budget-and-policy-work.pdf	York	09 - Appendix 9 - Approval of Budget and Policy Work	normal
E09000030-tower-hamlets-2026-07-27-overview-scrutiny-committe-274213-appendix-3-2026-27-period-2-general-fund.pdf	https://TowerHamlets.moderngov.co.uk/documents/s274213/appendix-3-2026-27-period-2-general-fund-and-earmarked-reser.pdf	Tower Hamlets	Appendix 3 - 2026-27 Period 2 General Fund and Earmarked Reserves	normal
E09000030-tower-hamlets-2026-07-27-overview-scrutiny-committe-274194-appendix-3-2025-26-general-fund-and-earm.pdf	https://TowerHamlets.moderngov.co.uk/documents/s274194/appendix-3-2025-26-general-fund-and-earmarked-reserves-final.pdf	Tower Hamlets	Appendix 3 - 2025-26 General Fund and Earmarked Reserves Final	normal
E06000042-milton-keynes-2026-07-23-budget-resources-scrutiny-30168-annex-b-reserves.pdf	https://milton-keynes.moderngov.co.uk/documents/s30168/annex-b-reserves.pdf	Milton Keynes	Annex B - Reserves	normal
E07000036-erewash-2026-07-22-council-executive-42781-2-appendix-1-reserves-policy-2027-budget.pdf	https://moderngov.erewash.gov.uk/documents/s42781/2-appendix-1-reserves-policy-2027-budget-strategy-final.pdf	Erewash	2. Appendix 1 - Reserves Policy 2027 Budget Strategy FINAL	normal
E07000114-thanet-2026-07-22-cabinet-96901-annex-1-general-fund-reserves-2025-26-go.pdf	https://Thanet.moderngov.co.uk/documents/s96901/annex-1-general-fund-reserves-2025-26-google-docs.pdf	Thanet	Annex 1 - General Fund Reserves 2025_26 - Google Docs	normal
E09000014-haringey-2026-07-21-overview-and-scrutiny-comm-158507-appendix-3-appropriations-to-and-from-re.pdf	http://www.minutes.haringey.gov.uk/documents/s158507/appendix-3-appropriations-to-and-from-reserves.pdf	Haringey	Appendix 3 Appropriations to and from Reserves	normal
E07000012-south-cambridgeshire-2026-07-17-constitution-143817-part-4-c-budget-procedure-rules.pdf	https://scambs.moderngov.co.uk/documents/s143817/part-4-c-budget-procedure-rules.pdf	South Cambridgeshire	Part 4. C. Budget Procedure Rules	normal
E09000007-camden-2026-07-16-gospel-oak-district-manage-133696-budget-report-june-2026.pdf	https://Camden.moderngov.co.uk/documents/s133696/budget-report-june-2026.pdf	Camden	Budget Report June 2026	normal
E06000046-isle-of-wight-2026-07-16-schools-forum-23310-item-5-appendix-c-budget-heading-descrip.pdf	https://IOW.moderngov.co.uk/documents/s23310/item-5-appendix-c-budget-heading-descriptions.pdf	Isle of Wight	Item 5 Appendix C – Budget Heading Descriptions	normal
E06000040-windsor-and-maidenhead-2026-07-16-cabinet-72631-appendix-g-earmarked-reserves.pdf	https://RBWM.moderngov.co.uk/documents/s72631/appendix-g-earmarked-reserves.pdf	Windsor and Maidenhead	Appendix G - Earmarked Reserves	normal
E07000117-burnley-2026-07-15-full-council-51044-app-2-revenue-earmarked-reserves.pdf	https://burnley.moderngov.co.uk/documents/s51044/app-2-revenue-earmarked-reserves.pdf	Burnley	App 2 Revenue - earmarked reserves	normal
E07000227-horsham-2026-07-15-council-34421-earmarked-reserves-july-26.pdf	https://horsham.moderngov.co.uk/documents/s34421/earmarked-reserves-july-26.pdf	Horsham	Earmarked Reserves July 26	normal
E09000014-haringey-2026-07-14-cabinet-158378-appendix-3-appropriations-to-and-from-re.pdf	http://www.minutes.haringey.gov.uk/documents/s158378/appendix-3-appropriations-to-and-from-reserves.pdf	Haringey	Appendix 3 Appropriations to and from Reserves	normal
E09000031-waltham-forest-2026-07-14-cabinet-109939-appendix-3-reserves-provisions.pdf	https://democracy.walthamforest.gov.uk/documents/s109939/appendix-3-reserves-provisions.pdf	Waltham Forest	Appendix 3 - Reserves & Provisions	normal
E07000103-watford-2026-07-14-council-54449-appendix-5-earmarked-reserves-updated-ve.pdf	https://watford.moderngov.co.uk/documents/s54449/appendix-5-earmarked-reserves-updated-version-for-cabinet-01.pdf	Watford	Appendix 5 - Earmarked reserves Updated version for Cabinet, 01/07/2026 Cabinet	normal
E07000103-watford-2026-07-14-council-54455-appendix-5-earmarked-reserves-v2-22-06-2.pdf	https://watford.moderngov.co.uk/documents/s54455/appendix-5-earmarked-reserves-v2-22-06-2026-finance-scrutiny.pdf	Watford	Appendix 5 - Earmarked Reserves v2, 22/06/2026 Finance Scrutiny Committee, 01/07/2026 Cabinet	normal
E07000177-cherwell-2026-07-13-executive-63773-appendix-4-use-of-reserves-and-grant-fun.pdf	https://modgov.cherwell.gov.uk/documents/s63773/appendix-4-use-of-reserves-and-grant-funding-may-2026.pdf	Cherwell	Appendix 4 - Use of Reserves and Grant funding May 2026	normal
E06000038-reading-2026-07-13-policy-committee-40416-appendix-7-reserves-position-as-at-31st.pdf	https://democracy.reading.gov.uk/documents/s40416/appendix-7-reserves-position-as-at-31st-march-2026.pdf	Reading	Appendix 7 - Reserves Position as at 31st March 2026	normal
E06000019-herefordshire-2026-07-10-herefordshire-schools-foru-50134614-schools-forum-report-dsg-upate-2728-budg.pdf	https://councillors.herefordshire.gov.uk/documents/s50134614/schools-forum-report-dsg-upate-2728-budget-process.pdf	Herefordshire	Schools Forum Report - DSG Upate & 2728 Budget Process	normal
E10000007-derbyshire-2026-07-09-resources-scrutiny-committ-35089-appendix-14-earmarked-reserves-summary.pdf	https://democracy.derbyshire.gov.uk/documents/s35089/appendix-14-earmarked-reserves-summary.pdf	Derbyshire	Appendix 14 Earmarked Reserves Summary	normal
E07000073-harlow-2026-07-09-cabinet-31017-appendix-a-earmarked-reserves-position.pdf	https://Harlow.moderngov.co.uk/documents/s31017/appendix-a-earmarked-reserves-position.pdf	Harlow	Appendix A - Earmarked Reserves Position	normal
E07000117-burnley-2026-07-08-executive-50945-app-2-revenue-earmarked-reserves.pdf	https://burnley.moderngov.co.uk/documents/s50945/app-2-revenue-earmarked-reserves.pdf	Burnley	App 2 Revenue - earmarked reserves	normal
E06000052-cornwall-2026-07-09-cornwall-harbours-board-198695-20260709-harbours-board-budget-outt-ch-2.pdf	https://democracy.cornwall.gov.uk/documents/s198695/20260709-harbours-board-budget-outt-ch-2026-appendix-2-publi.pdf	Cornwall	20260709 - Harbours Board - Budget Outt...ch 2026 - Appendix 2 - PUBLIC.docx	normal
W06000021-monmouthshire-2026-07-08-cabinet-45550-4e-appendix-6-useable-reserves.pdf	https://democracy.monmouthshire.gov.uk/documents/s45550/4e-appendix-6-useable-reserves.pdf	Monmouthshire	4e. Appendix 6 - Useable reserves	normal
E06000039-slough-2026-07-08-slough-schools-forum-88700-high-needs-services-budget-appendix-a.pdf	https://democracy.slough.gov.uk/documents/s88700/high-needs-services-budget-appendix-a.pdf	Slough	High Needs Services Budget Appendix A	normal
E09000007-camden-2026-07-07-kentish-town-district-mana-133527-ktdmc-budget-report-june-2026.pdf	https://Camden.moderngov.co.uk/documents/s133527/ktdmc-budget-report-june-2026.pdf	Camden	KTDMC Budget Report June 2026	normal
E10000007-derbyshire-2026-07-02-cabinet-35040-appendix-14-earmarked-reserves-summary.pdf	https://democracy.derbyshire.gov.uk/documents/s35040/appendix-14-earmarked-reserves-summary.pdf	Derbyshire	Appendix 14 Earmarked Reserves Summary	normal
E09000007-camden-2026-07-02-hampstead-district-managem-133843-hampstead-dmc-budget-report-july-2026.pdf	https://Camden.moderngov.co.uk/documents/s133843/hampstead-dmc-budget-report-july-2026.pdf	Camden	Hampstead DMC Budget Report_July_2026	normal
E06000060-buckinghamshire-2026-07-02-buckinghamshire-shareholde-121486-report-for-farnham-park-sports-fields-ch.pdf	https://Buckinghamshire.moderngov.co.uk/documents/s121486/report-for-farnham-park-sports-fields-charitable-trust-budge.pdf	Buckinghamshire	Report for Farnham Park Sports Fields charitable trust budget 2026/27	normal
E06000027-torbay-2026-07-02-torbay-council-s-policy-fr-171723-revenue-reserves-policy-december-2025.pdf	http://www.torbay.gov.uk/DemocraticServices/documents/s171723/revenue-reserves-policy-december-2025.pdf	Torbay	Revenue Reserves Policy December 2025	normal
E07000117-burnley-2026-07-01-scrutiny-committee-50893-app-2-revenue-earmarked-reserves.pdf	https://burnley.moderngov.co.uk/documents/s50893/app-2-revenue-earmarked-reserves.pdf	Burnley	App 2 Revenue - earmarked reserves	normal
E07000079-cotswold-2026-07-01-cabinet-16157-annex-c-earmarked-reserves-and-general-f.pdf	https://meetings.cotswold.gov.uk/documents/s16157/annex-c-earmarked-reserves-and-general-fund-31-march-2026.pdf	Cotswold	Annex C_Earmarked Reserves and General Fund 31 March 2026	normal
E07000103-watford-2026-07-01-cabinet-54354-appendix-5-earmarked-reserves-updated-ve.pdf	https://watford.moderngov.co.uk/documents/s54354/appendix-5-earmarked-reserves-updated-version-for-cabinet.pdf	Watford	Appendix 5 - Earmarked reserves Updated version for Cabinet	normal
E07000103-watford-2026-07-01-cabinet-54349-appendix-5-earmarked-reserves-v2-22-06-2.pdf	https://watford.moderngov.co.uk/documents/s54349/appendix-5-earmarked-reserves-v2-22-06-2026-finance-scrutiny.pdf	Watford	Appendix 5 - Earmarked Reserves v2, 22/06/2026 Finance Scrutiny Committee	normal
E09000007-camden-2026-06-30-holborn-district-managemen-133587-holborn-dmc-budget-report-june-2026.pdf	https://Camden.moderngov.co.uk/documents/s133587/holborn-dmc-budget-report-june-2026.pdf	Camden	Holborn DMC Budget Report June 2026	normal
W06000021-monmouthshire-2026-06-30-performance-and-overview-s-45433-20260630-p-o-scrutiny-financial-update-a.pdf	https://democracy.monmouthshire.gov.uk/documents/s45433/20260630-p-o-scrutiny-financial-update-appx6-useable-reserve.pdf	Monmouthshire	20260630 P&O Scrutiny - Financial update - Appx6 - Useable reserves	normal
E07000129-blaby-2026-06-29-cabinet-executive-55392-appendix-b-earmarked-reserves.pdf	https://democracy.blaby.gov.uk/documents/s55392/appendix-b-earmarked-reserves.pdf	Blaby	Appendix B – Earmarked Reserves	normal
E07000079-cotswold-2026-06-29-overview-and-scrutiny-comm-16140-annex-c-earmarked-reserves-and-general-f.pdf	https://meetings.cotswold.gov.uk/documents/s16140/annex-c-earmarked-reserves-and-general-fund-31-march-2026.pdf	Cotswold	Annex C_Earmarked Reserves and General Fund 31 March 2026	normal
S12000034-aberdeenshire-2026-06-25-aberdeenshire-council-45592-appendix-2-reserves-2025-26.pdf	https://Aberdeenshire.moderngov.co.uk/documents/s45592/appendix-2-reserves-2025-26.pdf	Aberdeenshire	Appendix 2 - Reserves 2025/26	normal
E07000173-gedling-2026-06-25-cabinet-45231-appendix-2-summary-of-general-fund-balan.pdf	https://democracy.gedling.gov.uk/documents/s45231/appendix-2-summary-of-general-fund-balance-and-earmarked-res.pdf	Gedling	Appendix 2 - Summary of General Fund Balance and Earmarked Reserves 2025-26	normal
E07000173-gedling-2026-06-25-cabinet-45232-appendix-3-movement-on-reserves.pdf	https://democracy.gedling.gov.uk/documents/s45232/appendix-3-movement-on-reserves.pdf	Gedling	Appendix 3 - Movement on Reserves	normal
S12000036-city-of-edinburgh-2026-06-25-city-of-edinburgh-council-100575-item-7-1-appendix-3-reserves-25-26.pdf	https://democracy.edinburgh.gov.uk/documents/s100575/item-7-1-appendix-3-reserves-25-26.pdf	City of Edinburgh	Item 7.1 - Appendix 3 - Reserves 25-26	normal
mg5-argyll-and-bute-2026-06-24-argyll-and-bute-council-232070-25-26-earmarked-reserves-report-council.pdf	http://www.argyll-bute.gov.uk/moderngov/documents/s232070/25-26-earmarked-reserves-report-council.pdf	Argyll and Bute	25-26 Earmarked Reserves Report Council	normal
E09000007-camden-2026-06-24-camden-town-district-manag-133466-ctdmc-budget-report-june-2026.pdf	https://Camden.moderngov.co.uk/documents/s133466/ctdmc-budget-report-june-2026.pdf	Camden	CTDMC Budget Report June 2026	normal
E10000018-leicestershire-2026-06-24-leicestershire-schools-for-196969-schools-forum-ey-budget-update-2026.pdf	https://democracy.leics.gov.uk/documents/s196969/schools-forum-ey-budget-update-2026.pdf	Leicestershire	Schools Forum EY Budget Update 2026	normal
E06000046-isle-of-wight-2026-06-24-local-pension-board-22918-9-budget-update-final.pdf	https://IOW.moderngov.co.uk/documents/s22918/9-budget-update-final.pdf	Isle of Wight	9. Budget update FINAL	normal
E06000046-isle-of-wight-2026-06-24-local-pension-board-22919-9-appendix-1-draft-202627-operating-budg.pdf	https://IOW.moderngov.co.uk/documents/s22919/9-appendix-1-draft-202627-operating-budget.pdf	Isle of Wight	9. Appendix 1 - Draft 202627 Operating Budget	normal
mg403-bletchley-and-fenny-st-2026-06-23-finance-and-governance-com-8464-earmarked-reserves-as-at-31-may-2026.pdf	https://BletchleyFennyStratford-tc.moderngov.co.uk/documents/s8464/earmarked-reserves-as-at-31-may-2026.pdf	Bletchley and Fenny Stratford	Earmarked Reserves as at 31 May 2026	normal
E07000176-rushcliffe-2026-06-23-cabinet-19465-designation-of-local-nature-reserves.pdf	https://democracy.rushcliffe.gov.uk/documents/s19465/designation-of-local-nature-reserves.pdf	Rushcliffe	Designation of Local Nature Reserves	normal
E08000031-wolverhampton-2026-06-23-scrutiny-board-324979-appendix8reserves.pdf	https://wolverhampton.moderngov.co.uk/documents/s324979/appendix8reserves.pdf	Wolverhampton	Appendix8Reserves	normal
E07000103-watford-2026-06-22-finance-scrutiny-committee-54259-appendix-5-earmarked-reserves-v2.pdf	https://watford.moderngov.co.uk/documents/s54259/appendix-5-earmarked-reserves-v2.pdf	Watford	Appendix 5 - Earmarked Reserves v2	normal
mg258-gwynedd-cymraeg-2026-06-19-north-wales-corporate-join-50489-appendix-3-growth-deal-reserves-position.pdf	https://democracy.gwynedd.llyw.cymru/documents/s50489/appendix-3-growth-deal-reserves-position.pdf	Gwynedd Cymraeg	Appendix 3- Growth Deal Reserves Position	normal
E07000064-rother-2026-06-19-constitution-15942-part-4-3-budget-and-policy-framework-pro.pdf	http://Rother.moderngov.co.uk/documents/s15942/part-4-3-budget-and-policy-framework-procedure-rules-updated.pdf	Rother	Part 4.3 - Budget and Policy Framework Procedure Rules - updated June 2026	normal
E07000082-stroud-2026-06-18-strategy-and-resources-com-20171-appendix-g-earmarked-reserves.pdf	https://Stroud.moderngov.co.uk/documents/s20171/appendix-g-earmarked-reserves.pdf	Stroud	Appendix G - Earmarked Reserves	normal
E06000046-isle-of-wight-2026-06-17-isle-of-wight-pension-fund-22821-7a-pension-fund-budget-update.pdf	https://IOW.moderngov.co.uk/documents/s22821/7a-pension-fund-budget-update.pdf	Isle of Wight	7a. Pension Fund Budget Update	normal
E06000046-isle-of-wight-2026-06-17-isle-of-wight-pension-fund-22822-7a-appendix-1-draft-2026-27-operating-bu.pdf	https://IOW.moderngov.co.uk/documents/s22822/7a-appendix-1-draft-2026-27-operating-budget.pdf	Isle of Wight	7a. Appendix 1 - Draft 2026-27 Operating Budget	normal
E07000177-cherwell-2026-06-16-executive-63426-appendix-5-use-of-reserves-and-grant-fun.pdf	https://modgov.cherwell.gov.uk/documents/s63426/appendix-5-use-of-reserves-and-grant-funding-march-2026.pdf	Cherwell	Appendix 5 - Use of Reserves and Grant funding March 2026	normal
E07000177-cherwell-2026-06-16-executive-63427-appendix-6-reserves-to-be-released-in-20.pdf	https://modgov.cherwell.gov.uk/documents/s63427/appendix-6-reserves-to-be-released-in-2026-27.pdf	Cherwell	Appendix 6 - Reserves to be released in 2026-27	normal
E07000177-cherwell-2026-06-16-executive-63740-annex-to-minutes-reserves-to-be-released.pdf	https://modgov.cherwell.gov.uk/documents/s63740/annex-to-minutes-reserves-to-be-released-in-2026-27.pdf	Cherwell	Annex to Minutes - Reserves to be released in 2026-27	normal
E07000209-guildford-2026-06-16-overview-scrutiny-committe-44680-item-08-appendix-6-reserves-16-june.pdf	https://democracy.guildford.gov.uk/documents/s44680/item-08-appendix-6-reserves-16-june.pdf	Guildford	Item 08 - Appendix 6 Reserves 16 June	normal
E06000036-bracknell-forest-2026-06-15-berkshire-prosperity-board-221402-berkshire-prosperity-board-budget-update.pdf	https://democratic.Bracknell-forest.gov.uk/documents/s221402/berkshire-prosperity-board-budget-update-and-setting-202526.pdf	Bracknell Forest	Berkshire Prosperity Board budget update and setting 202526 and 202627 June 2026	normal
E10000031-warwickshire-2026-06-11-cabinet-49691-appendix-e-reserves-schedule-2025-26.pdf	https://democracy.warwickshire.gov.uk/documents/s49691/appendix-e-reserves-schedule-2025-26.pdf	Warwickshire	Appendix E - Reserves Schedule 2025-26	normal
E10000031-warwickshire-2026-06-11-cabinet-49687-annexes-a-n-service-level-narrative-rese.pdf	https://democracy.warwickshire.gov.uk/documents/s49687/annexes-a-n-service-level-narrative-reserves-and-savings.pdf	Warwickshire	Annexes A-N Service Level narrative reserves and savings	normal
E08000031-wolverhampton-2026-06-10-cabinet-323885-appendix-8-reserves.pdf	https://wolverhampton.moderngov.co.uk/documents/s323885/appendix-8-reserves.pdf	Wolverhampton	Appendix 8 - Reserves	normal
E06000055-bedford-2026-06-09-trustees-of-the-house-of-i-81120-item-06-hoi-annual-report-and-budget.pdf	https://councillorsupport.bedford.gov.uk/documents/s81120/item-06-hoi-annual-report-and-budget.pdf	Bedford	Item 06 HoI Annual Report and Budget	normal
E07000227-horsham-2026-06-08-finance-and-performance-po-34086-appendix-d-useable-reserves.pdf	https://horsham.moderngov.co.uk/documents/s34086/appendix-d-useable-reserves.pdf	Horsham	Appendix D Useable Reserves	normal
E06000037-west-berkshire-2026-06-08-joint-public-protection-co-144469-11-budget-discussion.pdf	http://decisionmaking.westberks.gov.uk/documents/s144469/11-budget-discussion.pdf	West Berkshire	11. Budget Discussion	normal
mg501-lancashire-police-and-2026-06-01-joint-independent-audit-co-1411-reserves-strategy-covering-report.pdf	https://lancashire-pcc.moderngov.co.uk/documents/s1411/reserves-strategy-covering-report.pdf	Lancashire Police and Crime Commissioner	Reserves Strategy (Covering Report)	normal
mg501-lancashire-police-and-2026-06-01-joint-independent-audit-co-1407-pcc-reserves-strategy-2026-27.pdf	https://lancashire-pcc.moderngov.co.uk/documents/s1407/pcc-reserves-strategy-2026-27.pdf	Lancashire Police and Crime Commissioner	PCC Reserves Strategy 2026.27	normal
E06000046-isle-of-wight-2026-05-28-constitution-22660-part-three-budget-and-policy-framework.pdf	https://IOW.moderngov.co.uk/documents/s22660/part-three-budget-and-policy-framework.pdf	Isle of Wight	PART THREE - Budget and Policy Framework	normal
E06000046-isle-of-wight-2026-05-28-constitution-22692-part-four-budget-and-policy-framework-ru.pdf	https://IOW.moderngov.co.uk/documents/s22692/part-four-budget-and-policy-framework-rules.pdf	Isle of Wight	PART FOUR - Budget and Policy Framework Rules	normal
E07000033-bolsover-2026-05-26-constitution-28852-part-4-3-budget-policy-framework-rules.pdf	https://committees.bolsover.gov.uk/documents/s28852/part-4-3-budget-policy-framework-rules.pdf	Bolsover	PART 4.3 BUDGET & POLICY FRAMEWORK RULES	normal
E07000012-south-cambridgeshire-2026-05-26-constitution-143244-part-4-c-budget-procedure-rules.pdf	https://scambs.moderngov.co.uk/documents/s143244/part-4-c-budget-procedure-rules.pdf	South Cambridgeshire	Part 4. C. Budget Procedure Rules	normal
E06000055-bedford-2026-05-21-bedfordshire-local-pension-80891-20260521-agenda-item-12-proposed-2026-20.pdf	https://councillorsupport.bedford.gov.uk/documents/s80891/20260521-agenda-item-12-proposed-2026-2027-budget-and-estima.pdf	Bedford	20260521 Agenda Item 12 - Proposed 2026-2027 Budget and Estimated Cash Flow	normal
mg496-royal-wootton-bassett-2026-05-21-full-council-2980-earmarked-reserves-31mar26.pdf	https://RoyalWoottonBassett.moderngov.co.uk/documents/s2980/earmarked-reserves-31mar26.pdf	Royal Wootton Bassett Town Council	Earmarked Reserves 31Mar26	normal
mg496-royal-wootton-bassett-2026-05-21-full-council-2981-supporting-reserves-reconciliation-31mar.pdf	https://RoyalWoottonBassett.moderngov.co.uk/documents/s2981/supporting-reserves-reconciliation-31mar26.pdf	Royal Wootton Bassett Town Council	Supporting Reserves Reconciliation 31Mar26	normal
mg5-argyll-and-bute-2026-05-19-argyll-and-bute-hscp-finan-230755-appendix-3-reserves-m12.pdf	http://www.argyll-bute.gov.uk/moderngov/documents/s230755/appendix-3-reserves-m12.pdf	Argyll and Bute	Appendix 3 Reserves M12	normal
E07000064-rother-2026-05-19-constitution-15669-part-4-3-budget-and-policy-framework-pro.pdf	http://Rother.moderngov.co.uk/documents/s15669/part-4-3-budget-and-policy-framework-procedure-rules-updated.pdf	Rother	Part 4.3 - Budget and Policy Framework Procedure Rules - updated June 2025	normal
E06000039-slough-2026-05-15-constitution-88430-4-3-budget-and-policy-framework-procedur.pdf	https://democracy.slough.gov.uk/documents/s88430/4-3-budget-and-policy-framework-procedure-rules.pdf	Slough	4.3 - Budget and Policy Framework Procedure Rules	normal
E06000061-north-northamptonshire-2026-05-08-constitution-37738-03-part-3-budget-and-policy-framework.pdf	https://NorthNorthants.moderngov.co.uk/documents/s37738/03-part-3-budget-and-policy-framework.pdf	North Northamptonshire	03. Part 3 - Budget and Policy Framework	normal
E10000034-worcestershire-2026-04-24-malvern-hills-national-lan-60591-7-work-plng-and-budget-2627.pdf	http://worcestershire.moderngov.co.uk/documents/s60591/7-work-plng-and-budget-2627.pdf	Worcestershire	7 Work plng and budget 2627	normal
E06000064-westmorland-and-furnes-2026-04-23-cumbria-local-pension-boar-39845-cpc-230426-draft-pensions-fund-business.pdf	https://WestmorlandandFurness.moderngov.co.uk/documents/s39845/cpc-230426-draft-pensions-fund-business-plan-administration.pdf	Westmorland and Furness	CPC 230426 - Draft Pensions Fund Business Plan & Administration Budget 2026/29	normal
E06000060-buckinghamshire-2026-04-21-schools-forum-117205-high-needs-budget-update.pdf	https://Buckinghamshire.moderngov.co.uk/documents/s117205/high-needs-budget-update.pdf	Buckinghamshire	High Needs Budget Update	normal
E06000064-westmorland-and-furnes-2026-04-15-eden-locality-board-39612-elb-15-4-26-devolved-communities-budget.pdf	https://WestmorlandandFurness.moderngov.co.uk/documents/s39612/elb-15-4-26-devolved-communities-budget-allocations.pdf	Westmorland and Furness	ELB -15/4/26 - Devolved Communities Budget Allocations	normal
E06000064-westmorland-and-furnes-2026-04-15-eden-locality-board-39613-appendix-1-for-elb-15-4-26-devolved-comm.pdf	https://WestmorlandandFurness.moderngov.co.uk/documents/s39613/appendix-1-for-elb-15-4-26-devolved-communities-budget-alloc.pdf	Westmorland and Furness	Appendix 1 for ELB -15/4/26 - Devolved Communities Budget Allocations	normal
E06000064-westmorland-and-furnes-2026-04-15-eden-locality-board-39614-appendix-2-for-elb-15-4-26-devolved-comm.pdf	https://WestmorlandandFurness.moderngov.co.uk/documents/s39614/appendix-2-for-elb-15-4-26-devolved-communities-budget-alloc.pdf	Westmorland and Furness	Appendix 2 for ELB -15/4/26 - Devolved Communities Budget Allocations	normal
mg403-bletchley-and-fenny-st-2026-04-14-finance-and-governance-com-8280-earmarked-reserves-as-at-31-march-2026.pdf	https://BletchleyFennyStratford-tc.moderngov.co.uk/documents/s8280/earmarked-reserves-as-at-31-march-2026.pdf	Bletchley and Fenny Stratford	Earmarked Reserves as at 31 March 2026	normal
E06000014-york-2026-04-10-constitution-188709-09-appendix-9-approval-of-budget-and-pol.pdf	https://democracy.york.gov.uk/documents/s188709/09-appendix-9-approval-of-budget-and-policy-work.pdf	York	09 - Appendix 9 - Approval of Budget and Policy Work	normal
E06000049-cheshire-east-2026-04-02-highways-and-transport-com-131606-ward-member-budget-scheme-update.pdf	http://moderngov.cheshireeast.gov.uk/ecminutes/documents/s131606/ward-member-budget-scheme-update.pdf	Cheshire East	Ward Member Budget Scheme Update	normal
E06000046-isle-of-wight-2026-04-01-constitution-22164-part-three-budget-and-policy-framework.pdf	https://IOW.moderngov.co.uk/documents/s22164/part-three-budget-and-policy-framework.pdf	Isle of Wight	PART THREE - Budget and Policy Framework	normal
E06000046-isle-of-wight-2026-04-01-constitution-22196-part-four-budget-and-policy-framework-ru.pdf	https://IOW.moderngov.co.uk/documents/s22196/part-four-budget-and-policy-framework-rules.pdf	Isle of Wight	PART FOUR - Budget and Policy Framework Rules	normal
E06000046-isle-of-wight-2026-04-01-constitution-22211-part-five-budget-protocol-information-ga.pdf	https://IOW.moderngov.co.uk/documents/s22211/part-five-budget-protocol-information-gathering-by-political.pdf	Isle of Wight	PART FIVE - Budget Protocol - Information Gathering by Political Groups and the Non-Aligned Councillors	normal
E06000037-west-berkshire-2026-04-01-constitution-138489-part-7-budget-and-policy-framework.pdf	http://decisionmaking.westberks.gov.uk/documents/s138489/part-7-budget-and-policy-framework.pdf	West Berkshire	Part 7 - Budget and Policy Framework	normal
E06000049-cheshire-east-2026-03-30-cheshire-and-warrington-jo-131786-260320-ecw-budget-2026-7-jc-paper.pdf	http://moderngov.cheshireeast.gov.uk/ecminutes/documents/s131786/260320-ecw-budget-2026-7-jc-paper.pdf	Cheshire East	260320 ecw budget 2026-7 jc paper	normal
E06000049-cheshire-east-2026-03-30-cheshire-and-warrington-jo-131787-appendix-1-budget-and-business-plan-2026.pdf	http://moderngov.cheshireeast.gov.uk/ecminutes/documents/s131787/appendix-1-budget-and-business-plan-202627.pdf	Cheshire East	Appendix 1 - Budget and Business Plan 202627	normal
E06000034-thurrock-2026-03-30-constitution-52315-part-3-budget-and-policy-framework-proce.pdf	https://democracy.thurrock.gov.uk/documents/s52315/part-3-budget-and-policy-framework-procedure-rules.pdf	Thurrock	Part 3 - Budget and Policy Framework Procedure Rules	normal
E06000057-northumberland-2026-03-26-audit-and-standards-commit-30087-appendix-a-forecast-reserves-position-at.pdf	https://Northumberland.moderngov.co.uk/documents/s30087/appendix-a-forecast-reserves-position-at-31-march-2026.pdf	Northumberland	Appendix A - Forecast Reserves Position at 31 March 2026	normal
E10000007-derbyshire-2026-03-25-council-34170-appendix-14-earmarked-reserves-summary.pdf	https://democracy.derbyshire.gov.uk/documents/s34170/appendix-14-earmarked-reserves-summary.pdf	Derbyshire	Appendix 14 Earmarked Reserves Summary	normal
E09000015-harrow-2026-03-25-performance-and-finance-sc-199061-appendix-8-reserves-policy.pdf	https://moderngov.harrow.gov.uk/documents/s199061/appendix-8-reserves-policy.pdf	Harrow	Appendix 8 - Reserves Policy	normal
E09000015-harrow-2026-03-25-performance-and-finance-sc-199062-appendix-9-reserves-forecast.pdf	https://moderngov.harrow.gov.uk/documents/s199062/appendix-9-reserves-forecast.pdf	Harrow	Appendix 9 - Reserves Forecast	normal
E06000060-buckinghamshire-2026-03-24-schools-forum-116779-high-needs-budget-update.pdf	https://Buckinghamshire.moderngov.co.uk/documents/s116779/high-needs-budget-update.pdf	Buckinghamshire	High Needs Budget Update	normal
E06000066-somerset-2026-03-24-avon-and-somerset-police-a-64540-item-12-appendix-1-budget-report-forecas.pdf	https://Somerset.moderngov.co.uk/documents/s64540/item-12-appendix-1-budget-report-forecast-and-estimates.pdf	Somerset	Item 12 - Appendix 1 - Budget Report Forecast and Estimates	normal
E09000030-tower-hamlets-2026-03-24-cabinet-269493-appendix-3-2025-26-general-fund-and-earm.pdf	https://TowerHamlets.moderngov.co.uk/documents/s269493/appendix-3-2025-26-general-fund-and-earmarked-reserves.pdf	Tower Hamlets	Appendix 3 - 2025-26 General Fund and Earmarked Reserves	normal
E06000064-westmorland-and-furnes-2026-03-23-cumbria-pensions-committee-38396-cpc-230326-draft-pensions-fund-business.pdf	https://WestmorlandandFurness.moderngov.co.uk/documents/s38396/cpc-230326-draft-pensions-fund-business-plan-administration.pdf	Westmorland and Furness	CPC 230326 - Draft Pensions Fund Business Plan & Administration Budget 2026/29	normal
E09000030-tower-hamlets-2026-03-23-overview-scrutiny-committe-269412-appendix-3-2025-26-general-fund-and-earm.pdf	https://TowerHamlets.moderngov.co.uk/documents/s269412/appendix-3-2025-26-general-fund-and-earmarked-reserves.pdf	Tower Hamlets	Appendix 3 - 2025-26 General Fund and Earmarked Reserves	normal
E06000019-herefordshire-2026-03-20-herefordshire-schools-foru-50132374-schools-forum-report-hnb-budget-2627.pdf	https://councillors.herefordshire.gov.uk/documents/s50132374/schools-forum-report-hnb-budget-2627.pdf	Herefordshire	Schools Forum Report - HNB Budget 2627	normal
E06000019-herefordshire-2026-03-20-herefordshire-schools-foru-50132375-appendix-1-2026-2027-high-needs-budget-p.pdf	https://councillors.herefordshire.gov.uk/documents/s50132375/appendix-1-2026-2027-high-needs-budget-placements-and-cost-d.pdf	Herefordshire	Appendix 1 2026-2027 High Needs Budget - Placements and cost details	normal
E10000018-leicestershire-2026-03-20-local-pension-committee-195393-budget-26-27-report.pdf	https://democracy.leics.gov.uk/documents/s195393/budget-26-27-report.pdf	Leicestershire	Budget 26 - 27 Report	normal
E08000005-rochdale-2026-08-10-charitable-trustee-committ-123891-charitable-trustee-ctte-projected-financ.pdf	https://Rochdale.moderngov.co.uk/documents/s123891/charitable-trustee-ctte-projected-financial-position-for-202.pdf	Rochdale	Charitable Trustee Ctte Projected Financial Position for 2026-27	normal
E08000005-rochdale-2026-08-10-charitable-trustee-committ-123892-append-1-for-charitable-trustee-ctte-pro.pdf	https://Rochdale.moderngov.co.uk/documents/s123892/append-1-for-charitable-trustee-ctte-projected-financial-pos.pdf	Rochdale	Append. 1 for Charitable Trustee Ctte Projected Financial Position for 2026-27	normal
E08000005-rochdale-2026-08-10-charitable-trustee-committ-123893-append-2-for-charitable-trustee-ctte-pro.pdf	https://Rochdale.moderngov.co.uk/documents/s123893/append-2-for-charitable-trustee-ctte-projected-financial-pos.pdf	Rochdale	Append. 2 for Charitable Trustee Ctte Projected Financial Position for 2026-27	normal
E08000005-rochdale-2026-08-10-charitable-trustee-committ-123894-append-3-for-charitable-trustee-ctte-pro.pdf	https://Rochdale.moderngov.co.uk/documents/s123894/append-3-for-charitable-trustee-ctte-projected-financial-pos.pdf	Rochdale	Append. 3 for Charitable Trustee Ctte Projected Financial Position for 2026-27	normal
E08000028-sandwell-2026-08-06-friar-park-pride-in-place-35420-08-1-q1-financial-report-to-board-aug-26.pdf	https://Sandwell.moderngov.co.uk/documents/s35420/08-1-q1-financial-report-to-board-aug-26.pdf	Sandwell	08.1 Q1 Financial Report to Board Aug 26	normal
S12000026-the-scottish-borders-2026-08-05-health-social-care-integra-99377-item-6-a-app-2-national-ijb-financial-po.pdf	https://scottishborders.moderngov.co.uk/documents/s99377/item-6-a-app-2-national-ijb-financial-position-26-27.pdf	The Scottish Borders	Item 6(a) - App 2 National IJB Financial Position.26.27	normal
E07000134-north-west-leicestersh-2026-08-18-coalville-special-expenses-52175-appendix-a-budget-monitoring-quarter-1.pdf	http://minutes-1.nwleics.gov.uk/documents/s52175/appendix-a-budget-monitoring-quarter-1.pdf	North West Leicestershire	Appendix A - Budget Monitoring Quarter 1	normal
E06000037-west-berkshire-2026-07-28-audit-and-risk-committee-146131-5-audit-risk-committee-treasury-manageme.pdf	http://decisionmaking.westberks.gov.uk/documents/s146131/5-audit-risk-committee-treasury-management-review-2025-26.pdf	West Berkshire	5. Audit & Risk Committee - Treasury Management Review 2025-26	normal
E06000060-buckinghamshire-2026-07-22-bmkfa-overview-audit-commi-122424-item-18-treasury-management-performance.pdf	https://Buckinghamshire.moderngov.co.uk/documents/s122424/item-18-treasury-management-performance-2025-26.pdf	Buckinghamshire	ITEM 18_Treasury Management Performance 2025-26	normal
E06000060-buckinghamshire-2026-07-22-bmkfa-overview-audit-commi-122425-item-18a-appendix-1-treasury-management.pdf	https://Buckinghamshire.moderngov.co.uk/documents/s122425/item-18a-appendix-1-treasury-management-performance-2025-26.pdf	Buckinghamshire	ITEM 18a_Appendix 1 - Treasury Management Performance 2025-26	normal
E06000019-herefordshire-2026-07-21-audit-and-governance-commi-50134756-2025-26-financial-statement-audit-progre.pdf	https://councillors.herefordshire.gov.uk/documents/s50134756/2025-26-financial-statement-audit-progress-main-report.pdf	Herefordshire	2025/26 Financial Statement Audit Progress, main report	normal
E06000019-herefordshire-2026-07-21-audit-and-governance-commi-50134757-appendix-a-for-2025-26-financial-stateme.pdf	https://councillors.herefordshire.gov.uk/documents/s50134757/appendix-a-for-2025-26-financial-statement-audit-progress.pdf	Herefordshire	Appendix A for 2025/26 Financial Statement Audit Progress	normal
E10000018-leicestershire-2026-07-21-cabinet-197442-appendix-b-prudential-and-treasury-indic.pdf	https://democracy.leics.gov.uk/documents/s197442/appendix-b-prudential-and-treasury-indicators-2025-26.pdf	Leicestershire	Appendix B - Prudential and Treasury Indicators 2025-26	normal
E08000015-wirral-2026-07-21-tourism-communities-cultur-50145146-tccl-2026-27-budget-monitoring-quarter-1.pdf	https://democracy.wirral.gov.uk/documents/s50145146/tccl-2026-27-budget-monitoring-quarter-1.pdf	Wirral	TCCL 2026-27 Budget Monitoring Quarter 1	normal
mg292-cheshire-fire-authorit-2026-07-16-estates-and-property-commi-18521-item-3-e-p-financial-monitoring-and-esta.pdf	https://authority.cheshirefire.gov.uk/documents/s18521/item-3-e-p-financial-monitoring-and-estates-strategy-report.pdf	Cheshire Fire Authority	Item 3 - E&P Financial Monitoring and Estates Strategy Report 30Jun26	normal
E06000046-isle-of-wight-2026-07-15-full-council-23251-8a-interim-chief-finance-officer-s151-ar.pdf	https://IOW.moderngov.co.uk/documents/s23251/8a-interim-chief-finance-officer-s151-arrangements.pdf	Isle of Wight	8a. Interim Chief Finance Officer (s151) Arrangements	normal
E06000066-somerset-2026-07-15-full-council-68376-appointment-of-statutory-officer-chief-f.pdf	https://Somerset.moderngov.co.uk/documents/s68376/appointment-of-statutory-officer-chief-finance-s151-officer.pdf	Somerset	Appointment of Statutory Officer – Chief Finance (S151) Officer	normal
E08000015-wirral-2026-07-15-children-young-people-and-50144844-2026-27-budget-monitoring-quarter-1.pdf	https://democracy.wirral.gov.uk/documents/s50144844/2026-27-budget-monitoring-quarter-1.pdf	Wirral	2026-27 Budget Monitoring Quarter 1	normal
mg288-bedfordshire-fire-and-2026-07-14-fire-and-rescue-authority-7596-item-08-budget-monitoring.pdf	http://BedsFireResAuth.moderngov.co.uk/documents/s7596/item-08-budget-monitoring.pdf	Bedfordshire Fire and Rescue	Item 08 Budget Monitoring	normal
E08000015-wirral-2026-07-14-adult-social-care-and-publ-50144887-2026-27-budget-monitoring-for-quarter-on.pdf	https://democracy.wirral.gov.uk/documents/s50144887/2026-27-budget-monitoring-for-quarter-one-the-period-to-30-j.pdf	Wirral	2026/27 Budget Monitoring for Quarter One (the period to 30 June 2026)	normal
mg362-mid-and-west-wales-fir-2026-07-13-resource-management-commit-7722-budget-monitoring-report-as-at-31st-may.pdf	https://midwestwalesfire.moderngov.co.uk/documents/s7722/budget-monitoring-report-as-at-31st-may-2026-report.pdf	Mid and West Wales Fire	Budget Monitoring Report as at 31st May 2026 Report	normal
E08000015-wirral-2026-07-08-environment-climate-emerge-50144740-ecet-2026-27-budget-monitoring-quarter-1.pdf	https://democracy.wirral.gov.uk/documents/s50144740/ecet-2026-27-budget-monitoring-quarter-1.pdf	Wirral	ECET 2026-27 Budget Monitoring Quarter 1	normal
E08000015-wirral-2026-07-08-environment-climate-emerge-50144357-carbon-budget-performance-report-2025-26.pdf	https://democracy.wirral.gov.uk/documents/s50144357/carbon-budget-performance-report-2025-26.pdf	Wirral	Carbon Budget Performance Report 2025-26	normal
E08000015-wirral-2026-07-08-environment-climate-emerge-50144358-appendix-1-carbon-budget-performance-202.pdf	https://democracy.wirral.gov.uk/documents/s50144358/appendix-1-carbon-budget-performance-2025-26.pdf	Wirral	Appendix 1 - Carbon Budget Performance 2025-26	normal
E09000023-lewisham-2026-07-07-public-accounts-select-com-151933-6a-p2-financial-monitoring-mandc-1-july.pdf	https://Lewisham.moderngov.co.uk/documents/s151933/6a-p2-financial-monitoring-mandc-1-july.pdf	Lewisham	6a. P2 Financial Monitoring MandC 1 July	normal
E09000023-lewisham-2026-07-07-public-accounts-select-com-151934-6b-p2-financial-monitoring-mandc-1-july.pdf	https://Lewisham.moderngov.co.uk/documents/s151934/6b-p2-financial-monitoring-mandc-1-july-appendices.pdf	Lewisham	6b. P2 Financial Monitoring MandC 1 July Appendices	normal
S12000034-aberdeenshire-2026-07-01-integration-joint-board-45703-appendix-1-financial-position-by-service.pdf	https://Aberdeenshire.moderngov.co.uk/documents/s45703/appendix-1-financial-position-by-service.pdf	Aberdeenshire	Appendix 1 - Financial Position by Service	normal
E08000031-wolverhampton-2026-07-01-pensions-committee-325761-12-budget-monitoring-and-quarterly-accou.pdf	https://wolverhampton.moderngov.co.uk/documents/s325761/12-budget-monitoring-and-quarterly-accounts-to-31-march-2026.pdf	Wolverhampton	12. Budget Monitoring and Quarterly Accounts to 31 March 2026 Final	normal
E08000031-wolverhampton-2026-07-01-pensions-committee-325762-12-budget-monitoring-appendix-1-quarterl.pdf	https://wolverhampton.moderngov.co.uk/documents/s325762/12-budget-monitoring-appendix-1-quarterly-accounts-q4-2025-2.pdf	Wolverhampton	12. Budget Monitoring Appendix 1 Quarterly Accounts Q4 2025-26	normal
E08000036-wakefield-2026-06-29-audit-committee-137828-6-treasury-management-for-the-year-endin.pdf	https://mg.wakefield.gov.uk/documents/s137828/6-treasury-management-for-the-year-ending-31-march-2026.pdf	Wakefield	6 - Treasury Management for the year ending 31 March 2026	normal
S12000006-dumfries-and-galloway-2026-06-26-south-west-of-scotland-tra-77579-swestrans-revenue-budget-monitoring-as-p.pdf	http://DumfriesGalloway.moderngov.co.uk/documents/s77579/swestrans-revenue-budget-monitoring-as-per-31march-2026.pdf	Dumfries and Galloway	SWestrans Revenue Budget monitoring as per 31March 2026	normal
E10000018-leicestershire-2026-06-26-corporate-governance-commi-196985-appendix-b-prudential-and-treasury-indic.pdf	https://democracy.leics.gov.uk/documents/s196985/appendix-b-prudential-and-treasury-indicators-2025-26.pdf	Leicestershire	Appendix B - Prudential and Treasury Indicators 2025-26	normal
mg19-bromsgrove-2026-06-25-worcestershire-regulatory-67679-06a-wrs-report-budget-monitoring-apr-mar.pdf	https://moderngovwebpublic.bromsgrove.gov.uk/documents/s67679/06a-wrs-report-budget-monitoring-apr-mar-26.pdf	Bromsgrove	06a - WRS Report Budget Monitoring Apr - Mar'26	normal
S12000026-the-scottish-borders-2026-06-24-coldstream-common-good-fun-98804-item-no-05-coldstream-common-good-financ.pdf	https://scottishborders.moderngov.co.uk/documents/s98804/item-no-05-coldstream-common-good-financial-monitoring-repor.pdf	The Scottish Borders	Item No. 05 - Coldstream Common Good Financial Monitoring Report to 310326	normal
S12000026-the-scottish-borders-2026-06-23-kelso-common-good-sub-comm-98716-item-no-5-kelso-common-good-financial-mo.pdf	https://scottishborders.moderngov.co.uk/documents/s98716/item-no-5-kelso-common-good-financial-monitoring-report-to-3.pdf	The Scottish Borders	Item No. 5 - Kelso Common Good Financial Monitoring report to 310326	normal
S12000045-east-dunbartonshire-2026-06-18-health-and-social-care-par-17220-item-14-financial-performance-on-budget.pdf	https://EastDunbarton.moderngov.co.uk/documents/s17220/item-14-financial-performance-on-budget-2025-2026-month-12.pdf	East Dunbartonshire	Item 14. Financial Performance on Budget 2025 - 2026 Month 12	normal
E08000015-wirral-2026-06-18-tourism-communities-cultur-50143822-budget-monitoring-process.pdf	https://democracy.wirral.gov.uk/documents/s50143822/budget-monitoring-process.pdf	Wirral	budget monitoring process	normal
S12000026-the-scottish-borders-2026-06-17-hawick-common-good-fund-su-98503-item-no-05-hawick-common-good-financial.pdf	https://scottishborders.moderngov.co.uk/documents/s98503/item-no-05-hawick-common-good-financial-monitoring-report-to.pdf	The Scottish Borders	Item No. 05 - Hawick Common Good Financial Monitoring Report to 310326	normal
E08000015-wirral-2026-06-17-children-young-people-and-50142907-2026-27-budget-and-budget-monitoring-pro.pdf	https://democracy.wirral.gov.uk/documents/s50142907/2026-27-budget-and-budget-monitoring-processes.pdf	Wirral	2026/27 Budget and Budget Monitoring Processes	normal
S12000026-the-scottish-borders-2026-06-16-william-hill-trust-sub-com-98557-item-no-05-wm-hill-trust-fund-financial.pdf	https://scottishborders.moderngov.co.uk/documents/s98557/item-no-05-wm-hill-trust-fund-financial-monitoring-report-to.pdf	The Scottish Borders	Item No. 05 - Wm Hill Trust Fund Financial monitoring report to 260331	normal
S12000026-the-scottish-borders-2026-06-16-lauder-common-good-fund-su-98564-item-no-05-lauder-common-good-financial.pdf	https://scottishborders.moderngov.co.uk/documents/s98564/item-no-05-lauder-common-good-financial-monitoring-report-to.pdf	The Scottish Borders	Item No. 05 - Lauder Common Good Financial Monitoring Report to 310326	normal
E08000005-rochdale-2026-06-15-charitable-trustee-committ-122709-report-final-accounts-summary-2025-26-an.pdf	https://Rochdale.moderngov.co.uk/documents/s122709/report-final-accounts-summary-2025-26-and-projected-financia.pdf	Rochdale	Report - Final Accounts Summary 2025-26 and Projected Financial Position for 2026-27	normal
E06000027-torbay-2026-06-15-harbour-committee-171086-tor-bay-harbour-budget-monitoring-2025-2.pdf	http://www.torbay.gov.uk/DemocraticServices/documents/s171086/tor-bay-harbour-budget-monitoring-2025-26-q4.pdf	Torbay	Tor Bay Harbour Budget Monitoring 2025-26 Q4	normal
E08000015-wirral-2026-06-15-environment-climate-emerge-50143553-2026-27-budget-and-budget-monitoring-pro.pdf	https://democracy.wirral.gov.uk/documents/s50143553/2026-27-budget-and-budget-monitoring-processes.pdf	Wirral	2026-27 Budget and Budget Monitoring Processes	normal
S12000026-the-scottish-borders-2026-06-11-galashiels-common-good-fun-98312-item-5-galashiels-common-good-financial.pdf	https://scottishborders.moderngov.co.uk/documents/s98312/item-5-galashiels-common-good-financial-monitoring-report-to.pdf	The Scottish Borders	Item 5 - Galashiels Common Good Financial Monitoring report to 310326 LT	normal
E07000215-tandridge-2026-06-11-community-services-committ-19414-appendix-a-m12-q4-202526-budget-monitori.pdf	https://Tandridge.moderngov.co.uk/documents/s19414/appendix-a-m12-q4-202526-budget-monitoring-community-service.pdf	Tandridge	Appendix A -M12 - Q4 202526 Budget Monitoring - Community Services Committee use this	normal
E06000066-somerset-2026-06-10-scrutiny-committee-corpora-66960-appendix-l-treasury-management.pdf	https://Somerset.moderngov.co.uk/documents/s66960/appendix-l-treasury-management.pdf	Somerset	Appendix L: Treasury Management	normal
S12000026-the-scottish-borders-2026-06-10-peebles-common-good-fund-s-98304-item-5-peebles-common-good-financial-mon.pdf	https://scottishborders.moderngov.co.uk/documents/s98304/item-5-peebles-common-good-financial-monitoring-report-to-31.pdf	The Scottish Borders	Item 5 - Peebles Common Good Financial Monitoring Report to 310326	normal
E08000015-wirral-2026-06-09-adult-social-care-and-publ-50142384-2026-27-budget-and-budget-monitoring-pro.pdf	https://democracy.wirral.gov.uk/documents/s50142384/2026-27-budget-and-budget-monitoring-processes.pdf	Wirral	2026/27 Budget and Budget Monitoring Processes	normal
E07000064-rother-2026-06-08-audit-committee-15781-rother-dc-housing-company-annual-governa.pdf	http://Rother.moderngov.co.uk/documents/s15781/rother-dc-housing-company-annual-governance-monitoring.pdf	Rother	Rother DC Housing Company Annual Governance Monitoring	normal
S12000026-the-scottish-borders-2026-06-08-eyemouth-common-good-fund-98324-item-no-05-eyemouth-common-good-financia.pdf	https://scottishborders.moderngov.co.uk/documents/s98324/item-no-05-eyemouth-common-good-financial-monitoring-report.pdf	The Scottish Borders	Item No. 05 - Eyemouth Common Good Financial Monitoring Report to 310326	normal
S12000026-the-scottish-borders-2026-06-04-selkirk-common-good-fund-s-98216-260604-selkirk-common-good-financial-mon.pdf	https://scottishborders.moderngov.co.uk/documents/s98216/260604-selkirk-common-good-financial-monitoring-report-to-31.pdf	The Scottish Borders	260604 Selkirk Common Good Financial monitoring report to 310326	normal
E06000066-somerset-2026-06-03-executive-66745-appendix-l-treasury-management.pdf	https://Somerset.moderngov.co.uk/documents/s66745/appendix-l-treasury-management.pdf	Somerset	Appendix L - Treasury Management	normal
S12000026-the-scottish-borders-2026-05-28-innerleithen-common-good-f-98123-260528-innerleithen-common-good-financia.pdf	https://scottishborders.moderngov.co.uk/documents/s98123/260528-innerleithen-common-good-financial-monitoring-report.pdf	The Scottish Borders	260528 Innerleithen Common Good Financial Monitoring report to 310326	normal
S12000034-aberdeenshire-2026-05-27-integration-joint-board-44530-appendix-2-financial-position-by-service.pdf	https://Aberdeenshire.moderngov.co.uk/documents/s44530/appendix-2-financial-position-by-service.pdf	Aberdeenshire	Appendix 2 - Financial Position by Service	normal
mg5-argyll-and-bute-2026-05-27-argyll-and-bute-hscp-integ-231144-appendix-1-ijb-budget-monitoring.pdf	http://www.argyll-bute.gov.uk/moderngov/documents/s231144/appendix-1-ijb-budget-monitoring.pdf	Argyll and Bute	Appendix 1 IJB Budget Monitoring	normal
S12000026-the-scottish-borders-2026-05-27-duns-common-good-fund-sub-98088-item-no-05-duns-common-good-financial-mo.pdf	https://scottishborders.moderngov.co.uk/documents/s98088/item-no-05-duns-common-good-financial-monitoring-report-to-3.pdf	The Scottish Borders	Item No. 05 - Duns Common Good Financial Monitoring Report to 310326	normal
W06000011-swansea-2026-05-26-swansea-bay-city-region-jo-127282-13-sbcd-financial-monitoring-report-q4-2.pdf	https://democracy.swansea.gov.uk/documents/s127282/13-sbcd-financial-monitoring-report-q4-25-26.pdf	Swansea	13 - SBCD Financial Monitoring Report - Q4 25-26	normal
S12000026-the-scottish-borders-2026-05-25-jedburgh-common-good-sub-c-98111-item-no-5-260525-jedburgh-common-good-fi.pdf	https://scottishborders.moderngov.co.uk/documents/s98111/item-no-5-260525-jedburgh-common-good-financial-monitoring-r.pdf	The Scottish Borders	Item No. 5- 260525 - Jedburgh Common Good Financial Monitoring Report to 310326 LT	normal
E07000012-south-cambridgeshire-2026-05-21-council-143138-appointment-of-head-of-finance-chief-fin.pdf	https://scambs.moderngov.co.uk/documents/s143138/appointment-of-head-of-finance-chief-finance-officer.pdf	South Cambridgeshire	Appointment of Head of Finance - Chief Finance Officer	normal
S12000026-the-scottish-borders-2026-05-20-hawick-common-good-fund-su-97954-item-no-05-hawick-common-good-financial.pdf	https://scottishborders.moderngov.co.uk/documents/s97954/item-no-05-hawick-common-good-financial-monitoring-report-to.pdf	The Scottish Borders	Item No. 05 - Hawick Common Good Financial Monitoring Report to 310326	normal
E06000066-somerset-2026-05-20-full-council-66011-paper-b-s151-officer.pdf	https://Somerset.moderngov.co.uk/documents/s66011/paper-b-s151-officer.pdf	Somerset	Paper B - S151 Officer	normal
E08000001-bolton-2026-05-15-schools-forum-14945-15-5-26-dsg-financial-monitoring-2025-26.pdf	https://Bolton.moderngov.co.uk/documents/s14945/15-5-26-dsg-financial-monitoring-2025-26-quarter-three.pdf	Bolton	15.5.26 DSG Financial Monitoring - 2025-26 Quarter Three	normal
E10000018-leicestershire-2026-05-13-leicestershire-county-coun-195933-part4cbudgetandpolicyframework.pdf	https://democracy.leics.gov.uk/documents/s195933/part4cbudgetandpolicyframework.pdf	Leicestershire	Part4CBudgetandPolicyFramework	normal
E06000058-bournemouth-christchur-2026-05-12-council-66108-extension-of-secondment-interim-chief-of.pdf	https://bcpcouncil.moderngov.co.uk/documents/s66108/extension-of-secondment-interim-chief-of-finance-section-151.pdf	Bournemouth, Christchurch and Poole	Extension of Secondment – Interim Chief of Finance & Section 151 Officer	normal
E07000064-rother-2026-05-11-cabinet-15456-appendix-3-investment-strategy.pdf	http://Rother.moderngov.co.uk/documents/s15456/appendix-3-investment-strategy.pdf	Rother	Appendix 3 - Investment Strategy	normal
mg476-south-yorkshire-jagu-2026-04-27-south-yorkshire-police-and-9197-item-11-q3-budget-update-report.pdf	https://SYJAGU.moderngov.co.uk/documents/s9197/item-11-q3-budget-update-report.pdf	South Yorkshire JAGU	Item 11 - Q3 Budget Update Report	normal
mg476-south-yorkshire-jagu-2026-04-27-south-yorkshire-police-and-9198-item-11-appendix-a-q3-budget-update-deta.pdf	https://SYJAGU.moderngov.co.uk/documents/s9198/item-11-appendix-a-q3-budget-update-detail.pdf	South Yorkshire JAGU	Item 11 - Appendix A - Q3 Budget Update Detail	normal
E06000043-brighton-and-hove-2026-04-23-cabinet-214108-temporary-accommodation-transformation-f.pdf	https://democracy.brighton-hove.gov.uk/documents/s214108/temporary-accommodation-transformation-for-financial-sustain.pdf	Brighton and Hove	Temporary Accommodation - Transformation for Financial Sustainability	normal
mg362-mid-and-west-wales-fir-2026-04-20-resource-management-commit-7486-budget-monitoring-report-as-at-28-februa.pdf	https://midwestwalesfire.moderngov.co.uk/documents/s7486/budget-monitoring-report-as-at-28-february-2026.pdf	Mid and West Wales Fire	Budget Monitoring Report as at 28 February 2026	normal
mg362-mid-and-west-wales-fir-2026-04-20-resource-management-commit-7487-appendix-a-revenue-budget-monitoring-rep.pdf	https://midwestwalesfire.moderngov.co.uk/documents/s7487/appendix-a-revenue-budget-monitoring-report-as-at-28th-febru.pdf	Mid and West Wales Fire	Appendix A - Revenue - Budget Monitoring Report as at 28th February 2026	normal
mg362-mid-and-west-wales-fir-2026-04-20-resource-management-commit-7488-appendix-b-capital-budget-monitoring-rep.pdf	https://midwestwalesfire.moderngov.co.uk/documents/s7488/appendix-b-capital-budget-monitoring-report-as-at-28th-febru.pdf	Mid and West Wales Fire	Appendix B - Capital - Budget Monitoring Report as at 28th February 2026	normal
mg362-mid-and-west-wales-fir-2026-04-20-resource-management-commit-7489-appendix-c-grants-budget-monitoring-repo.pdf	https://midwestwalesfire.moderngov.co.uk/documents/s7489/appendix-c-grants-budget-monitoring-report-as-at-28th-februa.pdf	Mid and West Wales Fire	Appendix C - Grants - Budget Monitoring Report as at 28th February 2026	normal
S12000026-the-scottish-borders-2026-04-16-lauder-common-good-fund-su-97588-item-no-05-lauder-common-good-financial.pdf	https://scottishborders.moderngov.co.uk/documents/s97588/item-no-05-lauder-common-good-financial-monitoring-report-to.pdf	The Scottish Borders	Item No. 05 - Lauder Common Good Financial Monitoring Report to 311225	normal
mg292-cheshire-fire-authorit-2026-04-15-estates-and-property-commi-18043-eandp-financial-monitoring-and-estates-s.pdf	https://authority.cheshirefire.gov.uk/documents/s18043/eandp-financial-monitoring-and-estates-strategy-report-15apr.pdf	Cheshire Fire Authority	EandP Financial Monitoring and Estates Strategy Report 15Apr26	normal
E06000027-torbay-2026-03-30-harbour-committee-168484-harbour-committee-30-30-26-tor-bay-harbo.pdf	http://www.torbay.gov.uk/DemocraticServices/documents/s168484/harbour-committee-30-30-26-tor-bay-harbour-budget-monitoring.pdf	Torbay	Harbour Committee 30.30.26 Tor Bay Harbour Budget Monitoring 2025-26 Q3	normal
mg5-argyll-and-bute-2026-03-25-argyll-and-bute-hscp-integ-229421-budget-monitoring-m11-covering-report.pdf	http://www.argyll-bute.gov.uk/moderngov/documents/s229421/budget-monitoring-m11-covering-report.pdf	Argyll and Bute	Budget Monitoring M11 Covering report	normal
mg5-argyll-and-bute-2026-03-25-argyll-and-bute-hscp-integ-229422-budget-monitoring-m11-combined-appendice.pdf	http://www.argyll-bute.gov.uk/moderngov/documents/s229422/budget-monitoring-m11-combined-appendices.pdf	Argyll and Bute	Budget Monitoring M11 Combined Appendices	normal
S12000045-east-dunbartonshire-2026-03-19-health-and-social-care-par-16099-item-14-financial-performance-on-budget.pdf	https://EastDunbarton.moderngov.co.uk/mgConvert2PDF.aspx?ID=16099	East Dunbartonshire	Item 14. Financial Performance on Budget 2025 - 2026 Month 10	normal
E06000040-windsor-and-maidenhead-2026-07-30-council-72828-capital-budget-council-report.pdf	https://RBWM.moderngov.co.uk/documents/s72828/capital-budget-council-report.pdf	Windsor and Maidenhead	Capital Budget Council Report	normal
E07000142-west-lindsey-2026-07-30-thriving-council-committee-52142-budget-consultation-2026.pdf	https://democracy.west-lindsey.gov.uk/documents/s52142/budget-consultation-2026.pdf	West Lindsey	Budget Consultation 2026	normal
E09000008-croydon-2026-07-29-cabinet-72222-appendix-d-budget-setting-timetable-2027.pdf	https://democracy.croydon.gov.uk/documents/s72222/appendix-d-budget-setting-timetable-2027-28.pdf	Croydon	Appendix D - Budget Setting Timetable 2027-28	normal
E08000005-rochdale-2026-07-29-corporate-overview-and-scr-123628-budget-2027-28-to-2029-30-guidelines-tim.pdf	https://Rochdale.moderngov.co.uk/documents/s123628/budget-2027-28-to-2029-30-guidelines-timetable-and-budget-up.pdf	Rochdale	Budget 2027-28 to 2029-30 – Guidelines, Timetable and Budget Update	normal
mg456-chippenham-2026-07-28-finance-sub-committee-9033-fsc-budget-setting.pdf	https://Chippenham.moderngov.co.uk/documents/s9033/fsc-budget-setting.pdf	Chippenham	FSC Budget Setting	normal
E08000005-rochdale-2026-07-28-cabinet-123595-budget-2027-28-2029-30-guidelines-timeta.pdf	https://Rochdale.moderngov.co.uk/documents/s123595/budget-2027-28-2029-30-guidelines-timetable-and-budget-updat.pdf	Rochdale	Budget 2027/28-2029/30 Guidelines, Timetable and Budget Update	normal
E08000005-rochdale-2026-07-28-cabinet-123596-append-1-for-budget-2027-28-2029-30-guid.pdf	https://Rochdale.moderngov.co.uk/documents/s123596/append-1-for-budget-2027-28-2029-30-guidelines-timetable-and.pdf	Rochdale	Append. 1 for Budget 2027/28-2029/30 Guidelines, Timetable and Budget Update	normal
E07000128-wyre-2026-07-28-audit-and-standards-commit-33529-appendix-2-table-2-comparison-of-capital.pdf	https://wyre.moderngov.co.uk/documents/s33529/appendix-2-table-2-comparison-of-capital-expenditure-to-budg.pdf	Wyre	Appendix 2 (Table 2) - Comparison of capital expenditure to budget 25.26	normal
E07000128-wyre-2026-07-28-audit-and-standards-commit-33530-appendix-3a-revenue-variances-25-26-slip.pdf	https://wyre.moderngov.co.uk/documents/s33530/appendix-3a-revenue-variances-25-26-slippage-budget-to-mtfp.pdf	Wyre	Appendix 3a Revenue Variances 25.26 (slippage budget to MTFP) Updated	normal
W06000013-bridgend-2026-07-27-corporate-overview-and-scr-38316-4a-appendix-1-prior-year-budget-reductio.pdf	https://democratic.bridgend.gov.uk/documents/s38316/4a-appendix-1-prior-year-budget-reductions-monitoring.pdf	Bridgend	4a - Appendix 1 - Prior Year Budget Reductions Monitoring	normal
E07000076-tendring-2026-07-24-cabinet-82585-a-3-appendix-a-year-1-budget-and-program.pdf	https://tdcdemocracy.tendringdc.gov.uk/documents/s82585/a-3-appendix-a-year-1-budget-and-programme.pdf	Tendring	A.3 Appendix A - Year 1 Budget and Programme	normal
mg178-merseyside-fire-and-re-2026-07-23-policy-and-resources-commi-35964-appendix-a-2025-26-revenue-budget-to-act.pdf	http://mfra.merseyfire.gov.uk/documents/s35964/appendix-a-2025-26-revenue-budget-to-actual.pdf	Merseyside Fire and Rescue Authority	Appendix A: 2025/26 Revenue Budget to Actual	normal
mg178-merseyside-fire-and-re-2026-07-23-policy-and-resources-commi-35965-appendix-b-2025-26-capital-budget-to-act.pdf	http://mfra.merseyfire.gov.uk/documents/s35965/appendix-b-2025-26-capital-budget-to-actual.pdf	Merseyside Fire and Rescue Authority	Appendix B: 2025/26 Capital Budget to Actual	normal
E06000042-milton-keynes-2026-07-23-budget-resources-scrutiny-30179-draft-minutes-budget-and-resources-scrut.pdf	https://milton-keynes.moderngov.co.uk/documents/s30179/draft-minutes-budget-and-resources-scrutiny-committee-20-jan.pdf	Milton Keynes	Draft Minutes Budget and Resources Scrutiny Committee 20 January 2026	normal
E06000042-milton-keynes-2026-07-23-budget-resources-scrutiny-30180-draft-minutes-budget-and-resources-scrut.pdf	https://milton-keynes.moderngov.co.uk/documents/s30180/draft-minutes-budget-and-resources-scrutiny-committee-27-jan.pdf	Milton Keynes	Draft Minutes Budget and Resources Scrutiny Committee 27 January 2026	normal
E06000042-milton-keynes-2026-07-23-budget-resources-scrutiny-30172-annex-d1-mkwrp-capital-budget-revision.pdf	https://milton-keynes.moderngov.co.uk/documents/s30172/annex-d1-mkwrp-capital-budget-revision.pdf	Milton Keynes	Annex D1 - MKWRP CAPITAL BUDGET REVISION	normal
E06000042-milton-keynes-2026-07-23-budget-resources-scrutiny-30177-2026-27-budget-reductions-and-income-pro.pdf	https://milton-keynes.moderngov.co.uk/documents/s30177/2026-27-budget-reductions-and-income-proposals.pdf	Milton Keynes	2026_27 Budget Reductions and Income Proposals	normal
E07000214-surrey-heath-2026-07-23-constitution-of-surrey-hea-42817-part-4-section-g-budget-policy-framework.pdf	http://SurreyHeath.moderngov.co.uk/documents/s42817/part-4-section-g-budget-policy-framework-rules.pdf	Surrey Heath	Part 4 - Section G - Budget & Policy Framework Rules	normal
E07000036-erewash-2026-07-22-council-executive-42782-1-2027-budget-strategy-report.pdf	https://moderngov.erewash.gov.uk/documents/s42782/1-2027-budget-strategy-report.pdf	Erewash	1. 2027 Budget Strategy Report	normal
E07000112-folkestone-and-hythe-2026-07-22-cabinet-55867-appendix-d-list-of-budget-carry-forwards.pdf	https://Folkestone-Hythe.moderngov.co.uk/documents/s55867/appendix-d-list-of-budget-carry-forwards.pdf	Folkestone and Hythe	Appendix D - List of Budget Carry Forwards	normal
E08000031-wolverhampton-2026-07-22-cabinet-327149-appendix-5-general-fund-budget-virements.pdf	https://wolverhampton.moderngov.co.uk/documents/s327149/appendix-5-general-fund-budget-virements.pdf	Wolverhampton	Appendix 5 - General Fund Budget Virements	normal
W06000013-bridgend-2026-07-21-cabinet-38265-appendix-1-prior-year-budget-reductions.pdf	https://democratic.bridgend.gov.uk/documents/s38265/appendix-1-prior-year-budget-reductions-monitoring.pdf	Bridgend	Appendix 1 - Prior Year Budget Reductions Monitoring	normal
mg19-bromsgrove-2026-07-21-overview-and-scrutiny-boar-67944-finance-budget-working-group-membership.pdf	https://moderngovwebpublic.bromsgrove.gov.uk/documents/s67944/finance-budget-working-group-membership-report-2026.pdf	Bromsgrove	Finance Budget Working Group - Membership Report 2026	normal
mg19-bromsgrove-2026-07-21-overview-and-scrutiny-boar-67620-tor-finance-and-budget-working-group-las.pdf	https://moderngovwebpublic.bromsgrove.gov.uk/documents/s67620/tor-finance-and-budget-working-group-last-amend-090625.pdf	Bromsgrove	ToR Finance and Budget Working Group last amend 090625	normal
E09000012-hackney-2026-07-21-scrutiny-panel-99135-item-7a-scrutiny-panel-21-july-2026-budg.pdf	https://Hackney.moderngov.co.uk/documents/s99135/item-7a-scrutiny-panel-21-july-2026-budget-overview.pdf	Hackney	Item 7a Scrutiny Panel _ 21 July 2026 _ Budget Overview	normal
E09000012-hackney-2026-07-21-scrutiny-panel-99144-item-9-coversheet-budget-task-finish-gro.pdf	https://Hackney.moderngov.co.uk/documents/s99144/item-9-coversheet-budget-task-finish-group.pdf	Hackney	Item 9 - Coversheet (Budget Task & Finish Group)	normal
E09000012-hackney-2026-07-21-scrutiny-panel-99145-item-9a-budget-scrutiny-task-finish-pane.pdf	https://Hackney.moderngov.co.uk/documents/s99145/item-9a-budget-scrutiny-task-finish-panel-tor.pdf	Hackney	Item 9a - Budget Scrutiny Task Finish Panel - ToR	normal
E09000012-hackney-2026-07-21-scrutiny-panel-99146-item-9d-budget-scrutiny-task-finish-pane.pdf	https://Hackney.moderngov.co.uk/documents/s99146/item-9d-budget-scrutiny-task-finish-panel-criteria-for-savin.pdf	Hackney	Item 9d - Budget Scrutiny Task Finish Panel - Criteria for Savings Proposals	normal
E07000175-newark-and-sherwood-2026-07-21-cabinet-26846-21-07-26-corporate-annual-budget-strateg.pdf	https://democracy.newark-sherwooddc.gov.uk/documents/s26846/21-07-26-corporate-annual-budget-strategy-for-2027-28.pdf	Newark and Sherwood	21.07.26 - Corporate Annual Budget Strategy for 2027-28	normal
E07000075-rochford-2026-07-21-strategy-finance-policy-ec-5894-2027-28-budget-setting-guidelines.pdf	https://rochford.moderngov.co.uk/documents/s5894/2027-28-budget-setting-guidelines.pdf	Rochford	2027/28 Budget Setting Guidelines	normal
mg474-barnstaple-2026-07-20-finance-and-general-purpos-5696-monthly-2026-27-budget-variance-report-t.pdf	https://BarnstapleTownCouncil.moderngov.co.uk/documents/s5696/monthly-2026-27-budget-variance-report-to-june-2026-ctee-inc.pdf	Barnstaple	Monthly 2026-27 Budget Variance Report - to June 2026 Ctee inc PPI PPE	normal
mg496-royal-wootton-bassett-2026-07-16-full-council-3153-lhfig-budget-request.pdf	https://RoyalWoottonBassett.moderngov.co.uk/documents/s3153/lhfig-budget-request.pdf	Royal Wootton Bassett Town Council	LHFIG Budget Request	normal
E06000040-windsor-and-maidenhead-2026-07-16-cabinet-72624-2026-27-month-2-budget-management-report.pdf	https://RBWM.moderngov.co.uk/documents/s72624/2026-27-month-2-budget-management-report-cabinet-briefing.pdf	Windsor and Maidenhead	2026-27 Month 2 Budget Management Report Cabinet Briefing	normal
E06000040-windsor-and-maidenhead-2026-07-16-cabinet-72627-appendix-c-revenue-budget-risks-and-oppo.pdf	https://RBWM.moderngov.co.uk/documents/s72627/appendix-c-revenue-budget-risks-and-oppotunities.pdf	Windsor and Maidenhead	Appendix C - Revenue budget risks and oppotunities	normal
E06000040-windsor-and-maidenhead-2026-07-16-cabinet-72628-appendix-d-capital-budget-risks-opportun.pdf	https://RBWM.moderngov.co.uk/documents/s72628/appendix-d-capital-budget-risks-opportunities.pdf	Windsor and Maidenhead	Appendix D - Capital Budget Risks & Opportunities	normal
E06000040-windsor-and-maidenhead-2026-07-16-cabinet-72630-appendix-f-month-2-budget-virements.pdf	https://RBWM.moderngov.co.uk/documents/s72630/appendix-f-month-2-budget-virements.pdf	Windsor and Maidenhead	Appendix F - Month 2 Budget Virements	normal
W06000011-swansea-2026-07-16-cabinet-128933-15-cfs-budget-virement.pdf	https://democracy.swansea.gov.uk/documents/s128933/15-cfs-budget-virement.pdf	Swansea	15 - CFS Budget Virement	normal
W06000011-swansea-2026-07-16-cabinet-128912-15-appendix-a-cfs-budget-virement.pdf	https://democracy.swansea.gov.uk/documents/s128912/15-appendix-a-cfs-budget-virement.pdf	Swansea	15 - Appendix A - CFS Budget Virement	normal
W06000011-swansea-2026-07-16-cabinet-128913-15-appendix-b-iia-cfs-budget-virement.pdf	https://democracy.swansea.gov.uk/documents/s128913/15-appendix-b-iia-cfs-budget-virement.pdf	Swansea	15 - Appendix B - IIA - CFS Budget Virement	normal
E07000133-melton-2026-07-15-cabinet-32115-general-fund-revenue-and-capital-budget.pdf	https://democracy.melton.gov.uk/documents/s32115/general-fund-revenue-and-capital-budget-provisional-year-end.pdf	Melton	General Fund Revenue and Capital Budget Provisional Year End 2025/26	normal
E07000133-melton-2026-07-15-cabinet-32118-housing-revenue-account-revenue-and-capi.pdf	https://democracy.melton.gov.uk/documents/s32118/housing-revenue-account-revenue-and-capital-budget-provision.pdf	Melton	Housing Revenue Account Revenue and Capital Budget Provisional Year End for 2025/26	normal
E07000126-south-ribble-2026-07-15-council-57728-annual-report-of-the-corporate-performan.pdf	http://southribble.moderngov.co.uk/documents/s57728/annual-report-of-the-corporate-performance-and-budget-scruti.pdf	South Ribble	Annual Report of the Corporate, Performance and Budget Scrutiny Committee 2025-2026	normal
E07000240-st-albans-2026-07-15-council-50077421-budget-council-minutes.pdf	https://stalbans.moderngov.co.uk/documents/s50077421/budget-council-minutes.pdf	St Albans	Budget Council Minutes	normal
E07000240-st-albans-2026-07-15-the-constitution-of-st-alb-50072691-04-3-budget-and-policy-framework-procedu.pdf	https://stalbans.moderngov.co.uk/documents/s50072691/04-3-budget-and-policy-framework-procedure-rules-april-2022.pdf	St Albans	04.3 Budget and Policy Framework Procedure Rules - April 2022	normal
E08000028-sandwell-2026-07-15-cabinet-34968-appendix-2-summary-of-revenue-budget-vir.pdf	https://Sandwell.moderngov.co.uk/documents/s34968/appendix-2-summary-of-revenue-budget-virements.pdf	Sandwell	Appendix 2 - Summary of Revenue Budget Virements	normal
E08000031-wolverhampton-2026-07-15-council-326437-appendix-1-detailed-projected-budget.pdf	https://wolverhampton.moderngov.co.uk/documents/s326437/appendix-1-detailed-projected-budget.pdf	Wolverhampton	Appendix 1 - Detailed projected budget	normal
E07000171-bassetlaw-2026-07-14-cabinet-17090-cb090626ex-budget.pdf	https://Bassetlaw.moderngov.co.uk/documents/s17090/cb090626ex-budget.pdf	Bassetlaw	cb090626ex Budget	normal
E07000118-chorley-2026-07-14-council-198982-establish-a-budget-following-award-of-lo.pdf	https://democracy.chorley.gov.uk/documents/s198982/establish-a-budget-following-award-of-local-authority-housin.pdf	Chorley	Establish a budget following award of Local Authority Housing Funding to deliver Temporary Accommodation and resettlement properties and improvments to Cotswold House Council Report Template	normal
E08000037-gateshead-2026-07-14-cabinet-49814-revenue-budget-first-quarter-review-2026.pdf	https://Gateshead.moderngov.co.uk/documents/s49814/revenue-budget-first-quarter-review-2026-27-nk.pdf	Gateshead	Revenue Budget – First Quarter Review 2026-27 - NK	normal
E10000015-hertfordshire-2026-07-14-resources-and-performance-77024-08-item-8-locality-budget-scheme-report.pdf	https://democracy.hertfordshire.gov.uk/documents/s77024/08-item-8-locality-budget-scheme-report-2025-26.pdf	Hertfordshire	08. Item 8 Locality Budget Scheme report 2025-26	normal
E10000025-oxfordshire-2026-07-14-cabinet-82969-ca140726r17-budget-business-planning-rep.pdf	https://mycouncil.oxfordshire.gov.uk/documents/s82969/ca140726r17-budget-business-planning-report-july-2026-29-06.pdf	Oxfordshire	CA140726R17 Budget Business Planning Report - July 2026 29.06.26	normal
E07000103-watford-2026-07-14-council-54451-appendix-1-variations-to-budget-by-servi.pdf	https://watford.moderngov.co.uk/documents/s54451/appendix-1-variations-to-budget-by-service-area-revised-v3-2.pdf	Watford	Appendix 1 - Variations to budget by service area - revised v3, 22/06/2026 Finance Scrutiny Committee, 01/07/2026 Cabinet	normal
E07000114-thanet-2026-07-09-council-96758-council-budget-approvals-report.pdf	https://Thanet.moderngov.co.uk/documents/s96758/council-budget-approvals-report.pdf	Thanet	Council - Budget Approvals Report	normal
E06000016-leicester-2026-07-09-housing-scrutiny-commissio-172794-environmental-budget-gkm.pdf	https://cabinet.leicester.gov.uk/documents/s172794/environmental-budget-gkm.pdf	Leicester	Environmental Budget GKM	normal
E07000068-brentwood-2026-07-08-finance-future-development-30814-budget-setting-guidelines.pdf	http://brentwood.moderngov.co.uk/documents/s30814/budget-setting-guidelines.pdf	Brentwood	Budget Setting Guidelines	normal
E06000002-middlesbrough-2026-07-08-executive-44033-appendix-1-2027-28-budget-timetable-1.pdf	https://middlesbrough.moderngov.co.uk/documents/s44033/appendix-1-2027-28-budget-timetable-1.pdf	Middlesbrough	Appendix 1 - 2027-28 Budget Timetable (1)	normal
mg482-rbkc-royal-borough-of-2026-07-08-overview-scrutiny-committe-34495-4-appendix-4-original-budget-to-revised.pdf	https://www.rbkc.gov.uk/Committees/documents/s34495/4-appendix-4-original-budget-to-revised-budget-reconciliatio.pdf	RBKC - Royal Borough of Kensington and Chelsea	4 - Appendix 4 - Original Budget to Revised Budget Reconciliation	normal
W06000021-monmouthshire-2026-07-08-cabinet-45551-4f-appendix-7-2025-26-financial-update-c.pdf	https://democracy.monmouthshire.gov.uk/documents/s45551/4f-appendix-7-2025-26-financial-update-capital-budget-revisi.pdf	Monmouthshire	4f. Appendix 7 - 2025-26 Financial update - Capital budget revisions	normal
E08000031-wolverhampton-2026-07-08-cabinet-326291-appendix-1-detailed-projected-budget.pdf	https://wolverhampton.moderngov.co.uk/documents/s326291/appendix-1-detailed-projected-budget.pdf	Wolverhampton	Appendix 1 - Detailed projected budget	normal
mg403-bletchley-and-fenny-st-2026-07-07-full-council-8652-budget-summary-june-2026.pdf	https://BletchleyFennyStratford-tc.moderngov.co.uk/documents/s8652/budget-summary-june-2026.pdf	Bletchley and Fenny Stratford	Budget Summary June 2026	normal
E07000008-cambridge-2026-07-07-cabinet-73068-budget-setting-context-2027-28.pdf	https://democracy.cambridge.gov.uk/documents/s73068/budget-setting-context-2027-28.pdf	Cambridge	Budget Setting Context 2027-28	normal
E06000002-middlesbrough-2026-07-07-overview-and-scrutiny-boar-43970-appendix-1-proposed-revenue-budget-virem.pdf	https://middlesbrough.moderngov.co.uk/documents/s43970/appendix-1-proposed-revenue-budget-virements-above-250000-at.pdf	Middlesbrough	Appendix 1 - Proposed revenue budget virements above 250000 at Quarter Four 2025-26	normal
mg457-saltash-2026-07-07-policy-and-finance-committ-19300-overall-summary-budget-may-26.pdf	https://modern.saltash.gov.uk/documents/s19300/overall-summary-budget-may-26.pdf	Saltash	Overall Summary Budget May 26	normal
mg457-saltash-2026-07-07-policy-and-finance-committ-19306-p-f-budget-may-2026.pdf	https://modern.saltash.gov.uk/documents/s19306/p-f-budget-may-2026.pdf	Saltash	P&F Budget - May 2026	normal
mg457-saltash-2026-07-07-policy-and-finance-committ-19307-personnel-budget-may-2026.pdf	https://modern.saltash.gov.uk/documents/s19307/personnel-budget-may-2026.pdf	Saltash	Personnel Budget - May 2026	normal
mg457-saltash-2026-07-07-policy-and-finance-committ-19308-service-delivery-budget-may-2026.pdf	https://modern.saltash.gov.uk/documents/s19308/service-delivery-budget-may-2026.pdf	Saltash	Service Delivery Budget - May 2026	normal
mg457-saltash-2026-07-07-policy-and-finance-committ-19304-library-budget-may-2026.pdf	https://modern.saltash.gov.uk/documents/s19304/library-budget-may-2026.pdf	Saltash	Library Budget - May 2026	normal
mg457-saltash-2026-07-07-policy-and-finance-committ-19309-station-budget-may-2026.pdf	https://modern.saltash.gov.uk/documents/s19309/station-budget-may-2026.pdf	Saltash	Station Budget - May 2026	normal
mg457-saltash-2026-07-07-policy-and-finance-committ-19301-burial-authority-budget-may-2026.pdf	https://modern.saltash.gov.uk/documents/s19301/burial-authority-budget-may-2026.pdf	Saltash	Burial Authority Budget - May 2026	normal
mg457-saltash-2026-07-07-policy-and-finance-committ-19302-burial-board-budget-may-2026.pdf	https://modern.saltash.gov.uk/documents/s19302/burial-board-budget-may-2026.pdf	Saltash	Burial Board Budget - May 2026	normal
mg457-saltash-2026-07-07-policy-and-finance-committ-19303-guildhall-budget-may-2026.pdf	https://modern.saltash.gov.uk/documents/s19303/guildhall-budget-may-2026.pdf	Saltash	Guildhall Budget - May 2026	normal
mg457-saltash-2026-07-07-policy-and-finance-committ-19305-maurice-huggins-budget-may-2026.pdf	https://modern.saltash.gov.uk/documents/s19305/maurice-huggins-budget-may-2026.pdf	Saltash	Maurice Huggins Budget - May 2026	normal
E07000228-mid-sussex-2026-07-06-cabinet-23250-budget-setting-guidelines-for-2027-28.pdf	https://midsussex.moderngov.co.uk/documents/s23250/budget-setting-guidelines-for-2027-28.pdf	Mid Sussex	Budget Setting Guidelines for 2027/28	normal
E07000175-newark-and-sherwood-2026-07-06-policy-performance-improve-26654-06-07-26-corporate-annual-budget-strateg.pdf	https://democracy.newark-sherwooddc.gov.uk/documents/s26654/06-07-26-corporate-annual-budget-strategy-for-2027-28.pdf	Newark and Sherwood	06.07.26 - Corporate Annual Budget Strategy for 2027-28	normal
E07000224-arun-2026-07-02-policy-and-resources-commi-25066-item-19-budget-2027-28-process-report.pdf	https://democracy.arun.gov.uk/documents/s25066/item-19-budget-2027-28-process-report.pdf	Arun	Item 19 - Budget 2027-28 Process Report	normal
E10000007-derbyshire-2026-07-02-cabinet-34977-allocations-from-the-children-s-services.pdf	https://democracy.derbyshire.gov.uk/documents/s34977/allocations-from-the-children-s-services-capital-budget.pdf	Derbyshire	Allocations from the Children’s Services Capital Budget	normal
E10000007-derbyshire-2026-07-02-cabinet-34978-appendix-2-for-allocations-from-the-chil.pdf	https://democracy.derbyshire.gov.uk/documents/s34978/appendix-2-for-allocations-from-the-children-s-services-capi.pdf	Derbyshire	Appendix 2 for Allocations from the Children’s Services Capital Budget	normal
E10000007-derbyshire-2026-07-02-cabinet-34979-appendix-3-for-allocations-from-the-chil.pdf	https://democracy.derbyshire.gov.uk/documents/s34979/appendix-3-for-allocations-from-the-children-s-services-capi.pdf	Derbyshire	Appendix 3 for Allocations from the Children’s Services Capital Budget	normal
E10000007-derbyshire-2026-07-02-cabinet-34980-appendix-4-for-allocations-from-the-chil.pdf	https://democracy.derbyshire.gov.uk/documents/s34980/appendix-4-for-allocations-from-the-children-s-services-capi.pdf	Derbyshire	Appendix 4 for Allocations from the Children’s Services Capital Budget	normal
E10000016-kent-2026-07-02-policy-and-resources-cabin-137711-budget-planning-process-2027-28-and-mtfp.pdf	https://democracy.kent.gov.uk/documents/s137711/budget-planning-process-2027-28-and-mtfp-update-report.pdf	Kent	Budget Planning Process 2027-28 and MTFP Update Report	normal
E10000016-kent-2026-07-02-policy-and-resources-cabin-137713-appendix-b-2027-28-budget-revenue-and-ca.pdf	https://democracy.kent.gov.uk/documents/s137713/appendix-b-2027-28-budget-revenue-and-capital-timetable.pdf	Kent	Appendix B - 2027-28 Budget (Revenue and Capital) Timetable	normal
E07000240-st-albans-2026-07-02-audit-governance-committee-50077401-budget-setting-report-a-g-june-2026.pdf	https://stalbans.moderngov.co.uk/documents/s50077401/budget-setting-report-a-g-june-2026.pdf	St Albans	Budget setting report A&G June 2026	normal
E09000023-lewisham-2026-07-01-mayor-and-cabinet-151817-building-for-lewisham-approval-of-contra.pdf	https://Lewisham.moderngov.co.uk/documents/s151817/building-for-lewisham-approval-of-contract-award-for-strateg.pdf	Lewisham	Building for Lewisham - Approval of Contract Award for Strategic Partner and Capital Budget SIGN OFF SHEET	normal
E09000023-lewisham-2026-07-01-mayor-and-cabinet-151818-building-for-lewisham-approval-of-contra.pdf	https://Lewisham.moderngov.co.uk/documents/s151818/building-for-lewisham-approval-of-contract-award-for-strateg.pdf	Lewisham	Building for Lewisham - Approval of Contract Award for Strategic Partner and Capital Budget REPORT PART 1	normal
E07000103-watford-2026-07-01-cabinet-54345-appendix-1-variations-to-budget-by-servi.pdf	https://watford.moderngov.co.uk/documents/s54345/appendix-1-variations-to-budget-by-service-area-revised-v3-2.pdf	Watford	Appendix 1 - Variations to budget by service area - revised v3, 22/06/2026 Finance Scrutiny Committee	normal
E47000008-cambridgeshire-and-pet-2026-06-30-overview-and-scrutiny-comm-7109-appendix-c-budget-working-group-terms-of.pdf	https://cambridgeshirepeterborough-ca.moderngov.co.uk/documents/s7109/appendix-c-budget-working-group-terms-of-ref.pdf	Cambridgeshire and Peterborough	Appendix C - Budget Working Group Terms of Ref	normal
E07000112-folkestone-and-hythe-2026-06-30-finance-and-performance-sc-55670-appendix-d-list-of-budget-carry-forwards.pdf	https://Folkestone-Hythe.moderngov.co.uk/documents/s55670/appendix-d-list-of-budget-carry-forwards.pdf	Folkestone and Hythe	Appendix D - List of Budget Carry Forwards	normal
E06000063-cumberland-2026-06-30-business-and-resources-ove-56734-strategic-planning-and-budget-planning-p.pdf	https://Cumberland.moderngov.co.uk/documents/s56734/strategic-planning-and-budget-planning-process-202728.pdf	Cumberland	Strategic Planning and Budget Planning Process - 202728	normal
W06000021-monmouthshire-2026-06-30-performance-and-overview-s-45434-20260630-p-o-scrutiny-financial-update-a.pdf	https://democracy.monmouthshire.gov.uk/documents/s45434/20260630-p-o-scrutiny-financial-update-appx7-2025-26-financi.pdf	Monmouthshire	20260630 P&O Scrutiny - Financial update - Appx7 - 2025-26 Financial update - Capital budget revisions	normal
E06000040-windsor-and-maidenhead-2026-06-30-cabinet-72421-appendix-d-budget-virements-v2.pdf	https://RBWM.moderngov.co.uk/documents/s72421/appendix-d-budget-virements-v2.pdf	Windsor and Maidenhead	Appendix D - Budget Virements v2	normal
E06000040-windsor-and-maidenhead-2026-06-30-cabinet-72412-2027-28-budget-setting-and-mtfp.pdf	https://RBWM.moderngov.co.uk/documents/s72412/2027-28-budget-setting-and-mtfp.pdf	Windsor and Maidenhead	2027-28 Budget Setting and MTFP	normal
E06000040-windsor-and-maidenhead-2026-06-30-cabinet-72405-appendix-a-2027-28-budget-setting-timeta.pdf	https://RBWM.moderngov.co.uk/documents/s72405/appendix-a-2027-28-budget-setting-timetable.pdf	Windsor and Maidenhead	Appendix A 2027-28 Budget Setting Timetable	normal
E06000040-windsor-and-maidenhead-2026-06-30-cabinet-72406-appendix-b-budget-setting-schematic.pdf	https://RBWM.moderngov.co.uk/documents/s72406/appendix-b-budget-setting-schematic.pdf	Windsor and Maidenhead	Appendix B Budget Setting Schematic	normal
E06000040-windsor-and-maidenhead-2026-06-30-cabinet-72407-appendix-c-budget-challenge-sessions.pdf	https://RBWM.moderngov.co.uk/documents/s72407/appendix-c-budget-challenge-sessions.pdf	Windsor and Maidenhead	Appendix C Budget Challenge Sessions	normal
E07000129-blaby-2026-06-29-cabinet-executive-55391-appendix-a-general-fund-revenue-account.pdf	https://democracy.blaby.gov.uk/documents/s55391/appendix-a-general-fund-revenue-account-performance-against.pdf	Blaby	Appendix A – General Fund Revenue Account Performance against Budget	normal
E07000129-blaby-2026-06-29-cabinet-executive-55393-appendix-c-capital-expenditure-against-b.pdf	https://democracy.blaby.gov.uk/documents/s55393/appendix-c-capital-expenditure-against-budget.pdf	Blaby	Appendix C – Capital Expenditure against Budget	normal
W06000013-bridgend-2026-06-29-corporate-overview-and-scr-38111-4a-appendix-1-prior-year-budget-reductio.pdf	https://democratic.bridgend.gov.uk/documents/s38111/4a-appendix-1-prior-year-budget-reductions-monitoring.pdf	Bridgend	4a - Appendix 1 - Prior Year Budget Reductions Monitoring	normal
W06000013-bridgend-2026-06-29-corporate-overview-and-scr-38120-8-scrutiny-budget-working-group.pdf	https://democratic.bridgend.gov.uk/documents/s38120/8-scrutiny-budget-working-group.pdf	Bridgend	8 - Scrutiny Budget Working Group	normal
W06000013-bridgend-2026-06-29-corporate-overview-and-scr-38133-8c-app-3-proposed-amended-structure-of-s.pdf	https://democratic.bridgend.gov.uk/documents/s38133/8c-app-3-proposed-amended-structure-of-scrutiny-budget-worki.pdf	Bridgend	8c - App 3 - Proposed Amended Structure of Scrutiny Budget Working Group	normal
mg258-gwynedd-cymraeg-2026-06-29-schools-finance-forum-50674-school-budget-forum-2025-17-02.pdf	https://democracy.gwynedd.llyw.cymru/documents/s50674/school-budget-forum-2025-17-02.pdf	Gwynedd Cymraeg	School Budget Forum 2025_17_02	normal
S12000034-aberdeenshire-2026-06-25-aberdeenshire-council-45627-appendix-1-budget-risk-register-2026-27.pdf	https://Aberdeenshire.moderngov.co.uk/documents/s45627/appendix-1-budget-risk-register-2026-27.pdf	Aberdeenshire	Appendix 1 - Budget Risk Register 2026-27	normal
S12000034-aberdeenshire-2026-06-25-aberdeenshire-council-45196-appendix-2-budget-savings-and-disinvestm.pdf	https://Aberdeenshire.moderngov.co.uk/documents/s45196/appendix-2-budget-savings-and-disinvestment-2026-27.pdf	Aberdeenshire	Appendix 2 - Budget Savings and Disinvestment 2026/27	normal
E09000008-croydon-2026-06-25-audit-governance-committee-71544-send-budget-overspend-2024-25-cipfa-reco.pdf	https://democracy.croydon.gov.uk/documents/s71544/send-budget-overspend-2024-25-cipfa-recommendations-action-p.pdf	Croydon	SEND budget overspend 2024-25: CIPFA recommendations action plan and SEND focus work	normal
S12000006-dumfries-and-galloway-2026-06-25-dumfries-and-galloway-coun-77287-budget-savings-on-leadership-costs-repor.pdf	http://DumfriesGalloway.moderngov.co.uk/documents/s77287/budget-savings-on-leadership-costs-report-final.pdf	Dumfries and Galloway	Budget Savings on Leadership Costs Report FINAL	normal
S12000006-dumfries-and-galloway-2026-06-25-dumfries-and-galloway-coun-77288-budget-savings-on-leadership-costs-appen.pdf	http://DumfriesGalloway.moderngov.co.uk/documents/s77288/budget-savings-on-leadership-costs-appendix-1-final.pdf	Dumfries and Galloway	Budget Savings on Leadership Costs Appendix 1 FINAL	normal
S12000006-dumfries-and-galloway-2026-06-25-dumfries-and-galloway-coun-77289-budget-savings-on-leadership-costs-appen.pdf	http://DumfriesGalloway.moderngov.co.uk/documents/s77289/budget-savings-on-leadership-costs-appendix-2-final.pdf	Dumfries and Galloway	Budget Savings on Leadership Costs Appendix 2 FINAL	normal
S12000006-dumfries-and-galloway-2026-06-25-dumfries-and-galloway-coun-77290-budget-savings-on-leadership-costs-appen.pdf	http://DumfriesGalloway.moderngov.co.uk/documents/s77290/budget-savings-on-leadership-costs-appendix-3-final.pdf	Dumfries and Galloway	Budget Savings on Leadership Costs Appendix 3 FINAL	normal
S12000006-dumfries-and-galloway-2026-06-25-dumfries-and-galloway-coun-77291-budget-savings-on-leadership-costs-appen.pdf	http://DumfriesGalloway.moderngov.co.uk/documents/s77291/budget-savings-on-leadership-costs-appendix-4-final.pdf	Dumfries and Galloway	Budget Savings on Leadership Costs Appendix 4 FINAL	normal
S12000006-dumfries-and-galloway-2026-06-25-dumfries-and-galloway-coun-77275-budget-timetable-and-process-report-fina.pdf	http://DumfriesGalloway.moderngov.co.uk/documents/s77275/budget-timetable-and-process-report-final.pdf	Dumfries and Galloway	Budget Timetable and Process Report FINAL	normal
S12000006-dumfries-and-galloway-2026-06-25-dumfries-and-galloway-coun-77276-budget-timetable-and-process-appendix-1.pdf	http://DumfriesGalloway.moderngov.co.uk/documents/s77276/budget-timetable-and-process-appendix-1-final.pdf	Dumfries and Galloway	Budget Timetable and Process Appendix 1 FINAL	normal
S12000006-dumfries-and-galloway-2026-06-25-dumfries-and-galloway-coun-77277-budget-timetable-and-process-appendix-2.pdf	http://DumfriesGalloway.moderngov.co.uk/documents/s77277/budget-timetable-and-process-appendix-2-final.pdf	Dumfries and Galloway	Budget Timetable and Process Appendix 2 FINAL	normal
W06000013-bridgend-2026-06-24-council-38072-appendix-1-prior-year-budget-reductions.pdf	https://democratic.bridgend.gov.uk/documents/s38072/appendix-1-prior-year-budget-reductions-monitoring.pdf	Bridgend	Appendix 1 - Prior Year Budget Reductions Monitoring	normal
E10000028-staffordshire-2026-06-24-staffordshire-county-counc-208528-appendix-1-budget-and-policy-framework-p.pdf	https://Staffordshire.moderngov.co.uk/documents/s208528/appendix-1-budget-and-policy-framework-procedure-rules.pdf	Staffordshire	Appendix 1 - Budget and Policy Framework Procedure Rules	normal
E10000028-staffordshire-2026-06-24-standing-advisory-council-207913-sacre-agenda-item-11-sacre-budget-june-2.pdf	https://Staffordshire.moderngov.co.uk/documents/s207913/sacre-agenda-item-11-sacre-budget-june-24th-2026.pdf	Staffordshire	SACRE Agenda item 11 SACRE budget June 24th 2026	normal
mg403-bletchley-and-fenny-st-2026-06-23-finance-and-governance-com-8527-budget-sycamore-house-and-hall-project-5.pdf	https://BletchleyFennyStratford-tc.moderngov.co.uk/documents/s8527/budget-sycamore-house-and-hall-project-5-june-2026.pdf	Bletchley and Fenny Stratford	Budget Sycamore House and Hall Project 5 June 2026	normal
W06000013-bridgend-2026-06-23-cabinet-38060-appendix-1-prior-year-budget-reductions.pdf	https://democratic.bridgend.gov.uk/documents/s38060/appendix-1-prior-year-budget-reductions-monitoring.pdf	Bridgend	Appendix 1 - Prior Year Budget Reductions Monitoring	normal
E06000044-portsmouth-2026-06-23-cabinet-62878-portico-holdings-ltd-2026-27-budget-and.pdf	https://democracy.portsmouth.gov.uk/documents/s62878/portico-holdings-ltd-2026-27-budget-and-2027-28-to-2028-29-f.pdf	Portsmouth	Portico Holdings Ltd 2026/27 budget and 2027/28 to 2028/29 forecast	normal
E08000022-north-tyneside-2026-06-22-cabinet-36603-2i-north-tyneside-local-plan-budget-and.pdf	http://democracy.northtyneside.gov.uk/documents/s36603/2i-north-tyneside-local-plan-budget-and-policy-framework-ini.pdf	North Tyneside	2i North Tyneside Local Plan Budget and Policy Framework Initial Proposals	normal
E07000103-watford-2026-06-22-finance-scrutiny-committee-54255-appendix-1-variations-to-budget-by-servi.pdf	https://watford.moderngov.co.uk/documents/s54255/appendix-1-variations-to-budget-by-service-area-revised-v3.pdf	Watford	Appendix 1 - Variations to budget by service area - revised v3	normal
mg415-witney-town-council-2026-06-22-policy-governance-finance-19082-detailed-income-expenditure-by-budget-he.pdf	http://democracy.witney-tc.gov.uk/documents/s19082/detailed-income-expenditure-by-budget-heading-31-03-2026.pdf	Witney Town Council	Detailed Income & Expenditure by Budget Heading 31_03_2026	normal
E07000171-bassetlaw-2026-06-18-council-16991-4-referral-a-g-min-6d-and-cabinet-budget.pdf	https://Bassetlaw.moderngov.co.uk/documents/s16991/4-referral-a-g-min-6d-and-cabinet-budget-meeting-min-19a-to.pdf	Bassetlaw	4 - Referral - A&G (Min. 6d) AND Cabinet - Budget Meeting (Min. 19a) to Council	normal
E06000027-torbay-2026-06-19-torbay-council-s-constitut-171353-25-standing-orders-budget-and-policy-fra.pdf	http://www.torbay.gov.uk/DemocraticServices/documents/s171353/25-standing-orders-budget-and-policy-framework.pdf	Torbay	25 Standing Orders - Budget and Policy Framework	normal
E07000041-exeter-2026-06-18-customer-focus-scrutiny-co-105100-appendix-5-budget-reductions-202526-16-0.pdf	https://modgov.exeter.gov.uk/documents/s105100/appendix-5-budget-reductions-202526-16-06-2026-council.pdf	Exeter	Appendix 5 - Budget Reductions 202526, 16/06/2026 Council	normal
E07000041-exeter-2026-06-18-customer-focus-scrutiny-co-105494-appendix-5-budget-reductions-202526-1.pdf	https://modgov.exeter.gov.uk/documents/s105494/appendix-5-budget-reductions-202526-1.pdf	Exeter	Appendix 5 - Budget Reductions 202526 (1)	normal
mg19-bromsgrove-2026-06-16-overview-and-scrutiny-boar-67345-finance-budget-working-group-membership.pdf	https://moderngovwebpublic.bromsgrove.gov.uk/documents/s67345/finance-budget-working-group-membership-report-2026.pdf	Bromsgrove	Finance Budget Working Group - Membership Report 2026	normal
mg19-bromsgrove-2026-06-16-overview-and-scrutiny-boar-67346-tor-finance-and-budget-working-group-las.pdf	https://moderngovwebpublic.bromsgrove.gov.uk/documents/s67346/tor-finance-and-budget-working-group-last-amend-090625.pdf	Bromsgrove	ToR Finance and Budget Working Group last amend 090625	normal
E07000041-exeter-2026-06-16-council-105417-appendix-5-budget-reductions-202526.pdf	https://modgov.exeter.gov.uk/documents/s105417/appendix-5-budget-reductions-202526.pdf	Exeter	Appendix 5 - Budget Reductions 202526	normal
E07000041-exeter-2026-06-16-council-105504-appendix-5-budget-reductions-202526.pdf	https://modgov.exeter.gov.uk/documents/s105504/appendix-5-budget-reductions-202526.pdf	Exeter	Appendix 5 - Budget Reductions 202526	normal
E06000062-west-northamptonshire-2026-06-16-place-and-resources-overvi-28823-budget-scrutiny-review-process.pdf	https://WestNorthants.moderngov.co.uk/documents/s28823/budget-scrutiny-review-process.pdf	West Northamptonshire	Budget Scrutiny Review Process	normal
E07000130-charnwood-2026-06-15-council-22154-cnl-15-june-2026-item-xx-budget-virement.pdf	http://charnwood.moderngov.co.uk/documents/s22154/cnl-15-june-2026-item-xx-budget-virement-sheltered-accommoda.pdf	Charnwood	Cnl 15 June 2026 Item XX Budget Virement (Sheltered Accommodation Cabinet Decisions)	normal
E07000130-charnwood-2026-06-15-council-22155-annex-cnl-15-june-2026-item-xx-budget-vi.pdf	http://charnwood.moderngov.co.uk/documents/s22155/annex-cnl-15-june-2026-item-xx-budget-virement-sheltered-acc.pdf	Charnwood	ANNEX Cnl 15 June 2026 Item XX Budget Virement (Sheltered Accommodation Cabinet Decisions)	normal
E08000018-rotherham-2026-06-11-rotherham-standing-advisor-158715-sacre-annual-budget-report-2025-26.pdf	https://moderngov.rotherham.gov.uk/documents/s158715/sacre-annual-budget-report-2025-26.pdf	Rotherham	SACRE Annual Budget Report 2025-26	normal
E06000002-middlesbrough-2026-06-10-executive-43561-appendix-1-proposed-revenue-budget-virem.pdf	https://middlesbrough.moderngov.co.uk/documents/s43561/appendix-1-proposed-revenue-budget-virements-above-250-000-a.pdf	Middlesbrough	Appendix 1 - Proposed revenue budget virements above £250,000 at Quarter Four 2025-26	normal
E07000171-bassetlaw-2026-06-09-cabinet-16936-3-forward-plan-2026-cabinet-budget-meeti.pdf	https://Bassetlaw.moderngov.co.uk/documents/s16936/3-forward-plan-2026-cabinet-budget-meeting-09-06-2026.pdf	Bassetlaw	3 - Forward Plan 2026 (Cabinet - Budget Meeting 09-06-2026)	normal
E06000063-cumberland-2026-06-08-audit-and-risk-committee-56329-strategic-planning-and-budget-planning-p.pdf	https://Cumberland.moderngov.co.uk/documents/s56329/strategic-planning-and-budget-planning-process.pdf	Cumberland	Strategic Planning and Budget Planning Process	normal
mg102-redditch-2026-06-08-overview-and-scrutiny-58516-budget-scrutiny-working-group-terms-of-r.pdf	http://moderngovwebpublic.redditchbc.gov.uk/documents/s58516/budget-scrutiny-working-group-terms-of-reference.pdf	Redditch	Budget Scrutiny Working Group - Terms of Reference	normal
mg293-opdc-2026-06-02-opdc-audit-and-risk-commit-63226-12-05-appendix-5-follow-up-review-of-bud.pdf	https://GLAOPDC.moderngov.co.uk/documents/s63226/12-05-appendix-5-follow-up-review-of-budget-management.pdf	OPDC	12.05 Appendix 5 - Follow Up Review of Budget Management	normal
mg501-lancashire-police-and-2026-06-01-joint-independent-audit-co-1408-2025-68-revenue-budget-and-council-tax-2.pdf	https://lancashire-pcc.moderngov.co.uk/documents/s1408/2025-68-revenue-budget-and-council-tax-2026-27-recommendatio.pdf	Lancashire Police and Crime Commissioner	2025-68 Revenue Budget and Council Tax 2026.27 - recommendation report	normal
E09000019-islington-2026-05-27-annual-council-47007-budget-council-minutes-february-2026.pdf	https://islington.moderngov.co.uk/documents/s47007/budget-council-minutes-february-2026.pdf	Islington	Budget Council Minutes February 2026	normal
E10000028-staffordshire-2026-05-27-staffordshire-county-counc-207476-appendix-1-budget-and-policy-framework-p.pdf	https://Staffordshire.moderngov.co.uk/documents/s207476/appendix-1-budget-and-policy-framework-procedure-rules.pdf	Staffordshire	Appendix 1 - Budget and Policy Framework Procedure Rules	normal
mg5-argyll-and-bute-2026-05-21-policy-and-resources-commi-230580-budget-outlook-may-2026.pdf	http://www.argyll-bute.gov.uk/moderngov/documents/s230580/budget-outlook-may-2026.pdf	Argyll and Bute	Budget Outlook - May 2026	normal
mg5-argyll-and-bute-2026-05-21-policy-and-resources-commi-230581-appendix-1-budget-outlook-scenarios-may.pdf	http://www.argyll-bute.gov.uk/moderngov/documents/s230581/appendix-1-budget-outlook-scenarios-may-2026.pdf	Argyll and Bute	Appendix 1 - Budget Outlook Scenarios - May 2026	normal
mg496-royal-wootton-bassett-2026-05-21-full-council-2973-restated-budget-26-27-line-items.pdf	https://RoyalWoottonBassett.moderngov.co.uk/documents/s2973/restated-budget-26-27-line-items.pdf	Royal Wootton Bassett Town Council	Restated Budget 26-27 - line items	normal
mg496-royal-wootton-bassett-2026-05-21-full-council-2976-summary-income-expenditure-by-budget-hea.pdf	https://RoyalWoottonBassett.moderngov.co.uk/documents/s2976/summary-income-expenditure-by-budget-heading-31mar26.pdf	Royal Wootton Bassett Town Council	Summary Income & Expenditure by Budget Heading 31Mar26	normal
W06000011-swansea-2026-05-21-council-constitution-127508-budget-and-policy-framework-rules.pdf	https://democracy.swansea.gov.uk/documents/s127508/budget-and-policy-framework-rules.pdf	Swansea	Budget and Policy Framework Rules	normal
E09000024-merton-2026-05-20-council-58421-appendices-to-the-minutes-leaders-speech.pdf	https://democracy.merton.gov.uk/documents/s58421/appendices-to-the-minutes-leaders-speeches-budget-council.pdf	Merton	Appendices to the Minutes - Leaders Speeches Budget Council	normal
E07000126-south-ribble-2026-05-20-council-56885-establish-a-budget-following-award-of-lo.pdf	http://southribble.moderngov.co.uk/documents/s56885/establish-a-budget-following-award-of-local-authority-housin.pdf	South Ribble	Establish a budget following award of Local Authority Housing Funding	normal
mg5-argyll-and-bute-2026-05-19-argyll-and-bute-hscp-finan-230759-social-care-fees-and-charges-budget-2026.pdf	http://www.argyll-bute.gov.uk/moderngov/documents/s230759/social-care-fees-and-charges-budget-2026-27.pdf	Argyll and Bute	SOCIAL CARE FEES AND CHARGES - BUDGET 2026/27	normal
mg258-gwynedd-cymraeg-2026-05-19-the-cabinet-49098-appendix-1-revenue-budget-2025-26-summar.pdf	https://democracy.gwynedd.llyw.cymru/documents/s49098/appendix-1-revenue-budget-2025-26-summary-of-the-situation-b.pdf	Gwynedd Cymraeg	Appendix 1 - Revenue Budget 2025/26 - Summary of the situation by Department	normal
mg258-gwynedd-cymraeg-2026-05-19-the-cabinet-49099-appendix-2-2025-26-revenue-budget-final.pdf	https://democracy.gwynedd.llyw.cymru/documents/s49099/appendix-2-2025-26-revenue-budget-final-accounts.pdf	Gwynedd Cymraeg	Appendix 2 - 2025/26 Revenue Budget - Final Accounts	normal
E07000175-newark-and-sherwood-2026-05-19-full-council-26211-05-03-26-minutes-appendix-b-revenue-budg.pdf	https://democracy.newark-sherwooddc.gov.uk/documents/s26211/05-03-26-minutes-appendix-b-revenue-budget-and-council-tax-s.pdf	Newark and Sherwood	05.03.26 - Minutes - Appendix B Revenue Budget and Council Tax Setting for 2026-27	normal
mg474-barnstaple-2026-05-18-finance-and-general-purpos-5569-monthly-2025-26-budget-variance-report-t.pdf	https://BarnstapleTownCouncil.moderngov.co.uk/documents/s5569/monthly-2025-26-budget-variance-report-to-march-2026-for-cte.pdf	Barnstaple	Monthly 2025-26 Budget Variance Report - to March 2026 for Ctee, Year-End	normal
mg474-barnstaple-2026-05-18-finance-and-general-purpos-5568-monthly-2026-27-budget-variance-report-t.pdf	https://BarnstapleTownCouncil.moderngov.co.uk/documents/s5568/monthly-2026-27-budget-variance-report-to-april-2026-for-cte.pdf	Barnstaple	Monthly 2026-27 Budget Variance Report - to April 2026 for Ctee	normal
mg457-saltash-2026-05-12-policy-and-finance-committ-19023-15-burial-authority-budget-march-2026.pdf	https://modern.saltash.gov.uk/documents/s19023/15-burial-authority-budget-march-2026.pdf	Saltash	15. Burial Authority Budget - March 2026	normal
mg457-saltash-2026-05-12-policy-and-finance-committ-19024-15-burial-board-budget-march-2026.pdf	https://modern.saltash.gov.uk/documents/s19024/15-burial-board-budget-march-2026.pdf	Saltash	15. Burial Board Budget - March 2026	normal
mg457-saltash-2026-05-12-policy-and-finance-committ-19025-15-guildhall-budget-march-2026.pdf	https://modern.saltash.gov.uk/documents/s19025/15-guildhall-budget-march-2026.pdf	Saltash	15. Guildhall Budget - March 2026	normal
mg457-saltash-2026-05-12-policy-and-finance-committ-19026-15-library-budget-march-2026.pdf	https://modern.saltash.gov.uk/documents/s19026/15-library-budget-march-2026.pdf	Saltash	15. Library Budget - March 2026	normal
mg457-saltash-2026-05-12-policy-and-finance-committ-19027-15-maurice-huggins-budget-march-2026.pdf	https://modern.saltash.gov.uk/documents/s19027/15-maurice-huggins-budget-march-2026.pdf	Saltash	15. Maurice Huggins Budget - March 2026	normal
mg457-saltash-2026-05-12-policy-and-finance-committ-19028-15-p-f-budget-march-2026.pdf	https://modern.saltash.gov.uk/documents/s19028/15-p-f-budget-march-2026.pdf	Saltash	15. P&F Budget - March 2026	normal
mg457-saltash-2026-05-12-policy-and-finance-committ-19029-15-personnel-budget-march-2026.pdf	https://modern.saltash.gov.uk/documents/s19029/15-personnel-budget-march-2026.pdf	Saltash	15. Personnel Budget - March 2026	normal
mg457-saltash-2026-05-12-policy-and-finance-committ-19030-15-service-delivery-budget-march-2026.pdf	https://modern.saltash.gov.uk/documents/s19030/15-service-delivery-budget-march-2026.pdf	Saltash	15. Service Delivery Budget - March 2026	normal
mg457-saltash-2026-05-12-policy-and-finance-committ-19031-15-station-budget-march-2026.pdf	https://modern.saltash.gov.uk/documents/s19031/15-station-budget-march-2026.pdf	Saltash	15. Station Budget - March 2026	normal
mg457-saltash-2026-05-12-policy-and-finance-committ-19032-15-overall-summary-budget-march-2026.pdf	https://modern.saltash.gov.uk/documents/s19032/15-overall-summary-budget-march-2026.pdf	Saltash	15. Overall Summary Budget - March 2026	normal
E08000018-rotherham-2026-05-11-cabinet-158154-appendix-1-wath-library-cost-plan-budget.pdf	https://moderngov.rotherham.gov.uk/documents/s158154/appendix-1-wath-library-cost-plan-budget-implications.pdf	Rotherham	Appendix 1_Wath Library Cost Plan Budget Implications	normal
E08000018-rotherham-2026-05-11-cabinet-158158-appendix-5-markets-library-cost-plan-bud.pdf	https://moderngov.rotherham.gov.uk/documents/s158158/appendix-5-markets-library-cost-plan-budget-implications.pdf	Rotherham	Appendix 5_Markets Library Cost Plan Budget Implications	normal
mg457-saltash-2026-05-07-annual-meeting-of-saltash-18868-30-budget-precept-setting-schedule-2026.pdf	https://modern.saltash.gov.uk/documents/s18868/30-budget-precept-setting-schedule-2026-27.pdf	Saltash	30. BUDGET & PRECEPT SETTING SCHEDULE 2026-27	normal
mg457-saltash-2026-05-07-annual-meeting-of-saltash-18993-budget-precept-setting-schedule-2026-27.pdf	https://modern.saltash.gov.uk/documents/s18993/budget-precept-setting-schedule-2026-27.pdf	Saltash	BUDGET & PRECEPT SETTING SCHEDULE 2026-27	normal
E07000107-dartford-2026-05-06-annual-council-81477-minutes-public-pack-23-02-2026-general-a.pdf	https://Dartford.moderngov.co.uk/documents/s81477/minutes-public-pack-23-02-2026-general-assembly-of-the-counc.pdf	Dartford	Minutes Public Pack, 23/02/2026 General Assembly of the Council (Budget)	normal
mg5-argyll-and-bute-2026-04-29-argyll-and-bute-council-230223-building-stronger-connections-and-collab.pdf	http://www.argyll-bute.gov.uk/moderngov/documents/s230223/building-stronger-connections-and-collaborations-with-commun.pdf	Argyll and Bute	BUILDING STRONGER CONNECTIONS AND COLLABORATIONS WITH COMMUNITIES - COUNCIL BUDGET DECISIONS V2	normal
E06000063-cumberland-2026-04-28-joint-executive-committee-55763-enterprising-cumbria-budget-report.pdf	https://Cumberland.moderngov.co.uk/documents/s55763/enterprising-cumbria-budget-report.pdf	Cumberland	Enterprising Cumbria Budget Report	normal
E07000215-tandridge-2026-04-23-full-council-18820-appendix-b-full-council-12th-february-20.pdf	https://Tandridge.moderngov.co.uk/documents/s18820/appendix-b-full-council-12th-february-2026-tdc-band-d-budget.pdf	Tandridge	Appendix B Full Council 12th February 2026 TDC Band D Budget 2026-27_FINAL FOR MINUTES	normal
E07000214-surrey-heath-2026-04-22-constitution-of-surrey-hea-42070-part-4-section-g-budget-policy-framework.pdf	http://SurreyHeath.moderngov.co.uk/documents/s42070/part-4-section-g-budget-policy-framework-rules.pdf	Surrey Heath	Part 4 - Section G - Budget & Policy Framework Rules	normal
E10000015-hertfordshire-2026-04-17-overview-scrutiny-committe-74790-03-item-3-budget-scrutiny-feedback-repor.pdf	https://democracy.hertfordshire.gov.uk/documents/s74790/03-item-3-budget-scrutiny-feedback-report.pdf	Hertfordshire	03 Item 3 Budget Scrutiny Feedback Report	normal
E10000025-oxfordshire-2026-04-17-performance-corporate-serv-81481-cabinet-response-to-pcs-recommendations.pdf	https://mycouncil.oxfordshire.gov.uk/documents/s81481/cabinet-response-to-pcs-recommendations-budget.pdf	Oxfordshire	Cabinet Response to PCS Recommendations - Budget	normal
E10000031-warwickshire-2026-04-16-cabinet-48875-2026-27-service-budget-estimates.pdf	https://democracy.warwickshire.gov.uk/documents/s48875/2026-27-service-budget-estimates.pdf	Warwickshire	2026/27 Service Budget Estimates	normal
E10000031-warwickshire-2026-04-16-cabinet-48876-appendices-a-o-for-2026-27-service-budge.pdf	https://democracy.warwickshire.gov.uk/documents/s48876/appendices-a-o-for-2026-27-service-budget-estimates.pdf	Warwickshire	Appendices A-O for 2026/27 Service Budget Estimates	normal
E08000001-bolton-2026-04-15-executive-cabinet-member-f-14498-15-4-26-directorate-of-place-budget-repo.pdf	https://Bolton.moderngov.co.uk/documents/s14498/15-4-26-directorate-of-place-budget-report-2026-27-46896.pdf	Bolton	15.4.26 Directorate of Place Budget Report 2026-27 46896	normal
E08000001-bolton-2026-04-15-executive-cabinet-member-f-14488-15-4-26-directorate-of-corporate-resourc.pdf	https://Bolton.moderngov.co.uk/documents/s14488/15-4-26-directorate-of-corporate-resources-budget-report-202.pdf	Bolton	15.4.26 Directorate of Corporate Resources Budget Report 2026-27	normal
mg113-aberdeen-2026-04-15-council-178126-council-budget-040326-draft-minute.pdf	https://Aberdeen.moderngov.co.uk/documents/s178126/council-budget-040326-draft-minute.pdf	Aberdeen	Council Budget 040326 draft minute	normal
E07000178-oxford-2026-04-15-cabinet-90056-review-of-ward-member-budget-and-communi.pdf	https://mycouncil.oxford.gov.uk/documents/s90056/review-of-ward-member-budget-and-community-infrastructure-le.pdf	Oxford	Review of Ward Member Budget and Community Infrastructure Levy Councillor Applications - FINAL	normal
E10000028-staffordshire-2026-04-15-staffordshire-county-counc-206754-appendix-1-budget-and-policy-framework-p.pdf	https://Staffordshire.moderngov.co.uk/documents/s206754/appendix-1-budget-and-policy-framework-procedure-rules.pdf	Staffordshire	Appendix 1 - Budget and Policy Framework Procedure Rules	normal
E47000012-york-and-north-yorkshi-2026-04-15-audit-and-governance-commi-1580-15042026-a-g-tms-report-appendix-one-gen.pdf	https://YorkNorthYorks-CA.moderngov.co.uk/documents/s1580/15042026-a-g-tms-report-appendix-one-general-budget-tms-2026.pdf	York and North Yorkshire	15042026_A&G_TMS Report - Appendix One - General Budget TMS 2026-27	normal
mg474-barnstaple-2026-04-13-finance-and-general-purpos-5484-monthly-2025-26-budget-variance-report-t.pdf	https://BarnstapleTownCouncil.moderngov.co.uk/documents/s5484/monthly-2025-26-budget-variance-report-to-march-2026-for-cte.pdf	Barnstaple	Monthly 2025-26 Budget Variance Report - to March 2026 for Ctee	normal
E09000013-hammersmith-and-fulham-2026-04-13-cabinet-134484-revenue-budget-review-2025-26-month-10.pdf	https://democracy.lbhf.gov.uk/documents/s134484/revenue-budget-review-2025-26-month-10.pdf	Hammersmith and Fulham	Revenue Budget Review 2025-26 - Month 10	normal
E06000023-city-of-bristol-2026-04-10-homes-and-housing-delivery-125201-appendix-a-3-budget-approvals.pdf	https://Democracy.Bristol.gov.uk/documents/s125201/appendix-a-3-budget-approvals.pdf	City of Bristol	Appendix A 3 - Budget approvals	normal
E07000085-east-hampshire-2026-04-09-cabinet-29595-report-budget.pdf	http://easthants.moderngov.co.uk/documents/s29595/report-budget.pdf	East Hampshire	Report Budget	normal
E08000001-bolton-2026-04-08-executive-cabinet-member-l-14145-directorate-of-corporate-resources-budge.pdf	https://Bolton.moderngov.co.uk/documents/s14145/directorate-of-corporate-resources-budget-report-2026-27.pdf	Bolton	Directorate of Corporate Resources Budget Report 2026-27	normal
E08000001-bolton-2026-04-08-executive-cabinet-member-l-14146-directorate-of-place-budget-report-2026.pdf	https://Bolton.moderngov.co.uk/documents/s14146/directorate-of-place-budget-report-2026-27.pdf	Bolton	Directorate of Place Budget Report 2026-27	normal
E08000001-bolton-2026-04-07-executive-cabinet-member-f-14122-strategic-budget-report-children-service.pdf	https://Bolton.moderngov.co.uk/documents/s14122/strategic-budget-report-children-services-department-2026-20.pdf	Bolton	Strategic Budget Report - Children Services Department 2026-2027	normal
E08000001-bolton-2026-04-07-executive-cabinet-member-d-14134-directorate-of-corporate-resources-budge.pdf	https://Bolton.moderngov.co.uk/documents/s14134/directorate-of-corporate-resources-budget-report-2026-27.pdf	Bolton	Directorate of Corporate Resources Budget Report 2026-27	normal
E08000001-bolton-2026-04-07-executive-cabinet-member-d-14135-directorate-of-place-budget-report-2026.pdf	https://Bolton.moderngov.co.uk/documents/s14135/directorate-of-place-budget-report-2026-27.pdf	Bolton	Directorate of Place Budget Report 2026-27	normal
mg456-chippenham-2026-04-07-finance-sub-committee-8513-budget-setting-27-28.pdf	https://Chippenham.moderngov.co.uk/documents/s8513/budget-setting-27-28.pdf	Chippenham	Budget Setting 27-28	normal
E07000178-oxford-2026-04-07-scrutiny-committee-89917-review-of-ward-member-budget-and-communi.pdf	https://mycouncil.oxford.gov.uk/documents/s89917/review-of-ward-member-budget-and-community-infrastructure-le.pdf	Oxford	Review of Ward Member Budget and Community Infrastructure Levy Councillor Applications FINAL	normal
S12000045-east-dunbartonshire-2026-04-02-council-16366-260305-council-budget-minute-final.pdf	https://EastDunbarton.moderngov.co.uk/documents/s16366/260305-council-budget-minute-final.pdf	East Dunbartonshire	260305 Council Budget Minute FINAL	normal
E07000124-ribble-valley-2026-03-31-policy-and-finance-11094-budget-working-group-22-december-2025-an.pdf	https://RibbleValley.moderngov.co.uk/documents/s11094/budget-working-group-22-december-2025-and-21-january-2026.pdf	Ribble Valley	Budget Working Group 22 December 2025 and 21 January 2026	normal
E08000001-bolton-2026-03-30-executive-cabinet-member-f-13327-strategic-budget-report-adult-services-d.pdf	https://Bolton.moderngov.co.uk/documents/s13327/strategic-budget-report-adult-services-department-2026-2027.pdf	Bolton	Strategic Budget Report - Adult Services Department 2026-2027	normal
E08000001-bolton-2026-03-30-executive-cabinet-member-f-13328-strategic-budget-report-housing-and-comm.pdf	https://Bolton.moderngov.co.uk/documents/s13328/strategic-budget-report-housing-and-community-safety-2026-20.pdf	Bolton	Strategic Budget Report - Housing and Community Safety 2026-2027	normal
E08000001-bolton-2026-03-30-executive-cabinet-member-f-13310-directorate-of-corporate-resources-budge.pdf	https://Bolton.moderngov.co.uk/documents/s13310/directorate-of-corporate-resources-budget-report-2026-27.pdf	Bolton	Directorate of Corporate Resources Budget Report 2026-27	normal
E08000001-bolton-2026-03-30-executive-cabinet-member-f-13311-directorate-of-place-budget-report-2026.pdf	https://Bolton.moderngov.co.uk/documents/s13311/directorate-of-place-budget-report-2026-27.pdf	Bolton	Directorate of Place Budget Report 2026-27	normal
E06000008-blackburn-with-darwen-2026-03-30-health-and-social-care-ove-33361-impact-on-the-budget-in-relation-to-adul.pdf	https://democracy.blackburn.gov.uk/documents/s33361/impact-on-the-budget-in-relation-to-adult-services.pdf	Blackburn with Darwen	Impact on the budget in relation to Adult Services	normal
E08000001-bolton-2026-03-30-executive-cabinet-member-f-13463-30-3-26-directorate-of-place-budget-repo.pdf	https://Bolton.moderngov.co.uk/documents/s13463/30-3-26-directorate-of-place-budget-report-2026-27-46823.pdf	Bolton	30.3.26 Directorate of Place Budget Report 2026-27 46823	normal
mg415-witney-town-council-2026-03-30-policy-governance-finance-18424-260330-annual-budget-by-committee-actual.pdf	http://democracy.witney-tc.gov.uk/documents/s18424/260330-annual-budget-by-committee-actual-ytd-month-9.pdf	Witney Town Council	260330 Annual Budget - By Committee (Actual YTD Month 9)	normal
E47000012-york-and-north-yorkshi-2026-03-27-cabinet-1549-20260327-appendix-2-adult-skills-budget.pdf	https://YorkNorthYorks-CA.moderngov.co.uk/documents/s1549/20260327-appendix-2-adult-skills-budget.pdf	York and North Yorkshire	20260327 - Appendix 2 - Adult Skills Budget	normal
E10000016-kent-2026-03-26-cabinet-136266-appendix-b-directorate-and-funding-updat.pdf	https://democracy.kent.gov.uk/documents/s136266/appendix-b-directorate-and-funding-updated-approved-budget.pdf	Kent	Appendix B - Directorate and Funding (Updated Approved Budget)	normal
E06000016-leicester-2026-03-26-council-170366-appendix-a2-budget-ceilings.pdf	https://cabinet.leicester.gov.uk/documents/s170366/appendix-a2-budget-ceilings.pdf	Leicester	Appendix A2 Budget Ceilings	normal
E06000062-west-northamptonshire-2026-03-26-council-27856-26-02-26-budget-meeting-minutes.pdf	https://WestNorthants.moderngov.co.uk/documents/s27856/26-02-26-budget-meeting-minutes.pdf	West Northamptonshire	26.02.26 Budget meeting minutes	normal
E07000226-crawley-2026-03-25-full-council-37704-1-25feb26-budget-mins.pdf	https://democracy.crawley.gov.uk/documents/s37704/1-25feb26-budget-mins.pdf	Crawley	1) 25Feb26 budget mins	normal
E10000007-derbyshire-2026-03-25-council-34168-appendix-12-corporate-budget-summary.pdf	https://democracy.derbyshire.gov.uk/documents/s34168/appendix-12-corporate-budget-summary.pdf	Derbyshire	Appendix 12 Corporate Budget Summary	normal
E09000010-enfield-2026-03-25-pension-policy-investment-113028-5-ppic-work-programme-and-budget-2026-27.pdf	https://Enfield.moderngov.co.uk/documents/s113028/5-ppic-work-programme-and-budget-2026-27.pdf	Enfield	5. PPIC Work programme and Budget 2026-27	normal
E09000015-harrow-2026-03-25-performance-and-finance-sc-199054-appendix-1b-savings-and-growth-from-2025.pdf	https://moderngov.harrow.gov.uk/documents/s199054/appendix-1b-savings-and-growth-from-2025-26-2024-25-budget-p.pdf	Harrow	Appendix 1B Savings and Growth from 2025-26 & 2024-25 Budget Process	normal
E09000015-harrow-2026-03-25-performance-and-finance-sc-199056-appendix-3-revenue-budget-summary-2026-2.pdf	https://moderngov.harrow.gov.uk/documents/s199056/appendix-3-revenue-budget-summary-2026-27.pdf	Harrow	Appendix 3 - Revenue Budget Summary 2026-27	normal
E09000015-harrow-2026-03-25-performance-and-finance-sc-199060-appendix-7-public-health-budget-2026-27.pdf	https://moderngov.harrow.gov.uk/documents/s199060/appendix-7-public-health-budget-2026-27.pdf	Harrow	Appendix 7 - Public Health Budget 2026-27	normal
E09000015-harrow-2026-03-25-performance-and-finance-sc-199068-appendix-15-budget-consultation-results.pdf	https://moderngov.harrow.gov.uk/documents/s199068/appendix-15-budget-consultation-results-2026-27.pdf	Harrow	Appendix 15 Budget Consultation Results 2026-27	normal
E07000147-north-norfolk-2026-03-25-council-22597-recorded-vote-budget-amendment.pdf	https://modgov.north-norfolk.gov.uk/documents/s22597/recorded-vote-budget-amendment.pdf	North Norfolk	Recorded vote - Budget Amendment	normal
E07000147-north-norfolk-2026-03-25-council-22598-recorded-vote-budget-substantive-motion.pdf	https://modgov.north-norfolk.gov.uk/documents/s22598/recorded-vote-budget-substantive-motion.pdf	North Norfolk	Recorded vote - Budget Substantive Motion	normal
E47000004-liverpool-city-region-2026-03-25-lcr-overview-and-scrutiny-84079-appendix-2-2025-26-revenue-grant-budget.pdf	https://liverpoolcityregion-ca.moderngov.co.uk/documents/s84079/appendix-2-2025-26-revenue-grant-budget-and-forecast-positio.pdf	Liverpool City Region	Appendix 2 - 2025-26 Revenue Grant Budget and Forecast Position	normal
E47000004-liverpool-city-region-2026-03-25-lcr-overview-and-scrutiny-84080-appendix-3-proposed-2025-26-capital-budg.pdf	https://liverpoolcityregion-ca.moderngov.co.uk/documents/s84080/appendix-3-proposed-2025-26-capital-budget-revisions.pdf	Liverpool City Region	Appendix 3 - Proposed 2025-26 Capital Budget Revisions	normal
E08000004-oldham-2026-03-25-council-158403-4-3-26-budget-meeting-minutes.pdf	http://committees.oldham.gov.uk/documents/s158403/4-3-26-budget-meeting-minutes.pdf	Oldham	4-3-26-budget-meeting-minutes	normal
E08000034-kirklees-2026-03-24-cabinet-70459-app-3-breakdown-of-capital-budget-change.pdf	https://democracy.kirklees.gov.uk/documents/s70459/app-3-breakdown-of-capital-budget-changes.pdf	Kirklees	App 3 - Breakdown of Capital Budget Changes	normal
E06000040-windsor-and-maidenhead-2026-03-24-cabinet-71052-appendix-1-2026-27-budget.pdf	https://RBWM.moderngov.co.uk/documents/s71052/appendix-1-2026-27-budget.pdf	Windsor and Maidenhead	Appendix 1 - 2026-27 Budget	normal
E06000040-windsor-and-maidenhead-2026-03-24-cabinet-71038-appendix-a-revenue-budget.pdf	https://RBWM.moderngov.co.uk/documents/s71038/appendix-a-revenue-budget.pdf	Windsor and Maidenhead	Appendix A - Revenue Budget	normal
E06000040-windsor-and-maidenhead-2026-03-24-cabinet-71039-appendix-b-budget-risks.pdf	https://RBWM.moderngov.co.uk/documents/s71039/appendix-b-budget-risks.pdf	Windsor and Maidenhead	Appendix B - Budget Risks	normal
E07000129-blaby-2026-03-23-cabinet-executive-54789-cabinet-executive-response-to-scrutiny-o.pdf	https://democracy.blaby.gov.uk/documents/s54789/cabinet-executive-response-to-scrutiny-of-the-budget-adminis.pdf	Blaby	Cabinet Executive response to Scrutiny of the Budget Administrations 2026-27 Draft Budget Proposals	normal
E07000129-blaby-2026-03-23-cabinet-executive-54779-appendix-a-cabinet-response-to-scrutiny.pdf	https://democracy.blaby.gov.uk/documents/s54779/appendix-a-cabinet-response-to-scrutiny-recommendations-on-t.pdf	Blaby	Appendix A – Cabinet Response to Scrutiny Recommendations on the Administrations 2026-27 Draft Budget Proposals	normal
E09000012-hackney-2026-03-23-cabinet-97613-copy-of-accessible-january-ofp-appendix.pdf	https://Hackney.moderngov.co.uk/documents/s97613/copy-of-accessible-january-ofp-appendix-2-vcs-infrastructure.pdf	Hackney	Copy of Accessible January OFP Appendix 2_ VCS Infrastructure budget - Sheet1	normal
E09000012-hackney-2026-03-23-cabinet-97477-appendix-2-vcs-infrastructure-budget.pdf	https://Hackney.moderngov.co.uk/documents/s97477/appendix-2-vcs-infrastructure-budget.pdf	Hackney	Appendix 2 - VCS Infrastructure budget	normal
E08000033-calderdale-2026-03-19-council-18817-2026-02-23-budget-council.pdf	https://Calderdale.moderngov.co.uk/documents/s18817/2026-02-23-budget-council.pdf	Calderdale	2026 02 23 - Budget Council	normal
E07000134-north-west-leicestersh-2026-08-18-coalville-special-expenses-52173-appendix-b-earmarked-reserves-2025-26.pdf	http://minutes-1.nwleics.gov.uk/documents/s52173/appendix-b-earmarked-reserves-2025-26.pdf	North West Leicestershire	Appendix B - Earmarked Reserves 2025-26	normal
E07000134-north-west-leicestersh-2026-08-18-coalville-special-expenses-52176-appendix-b-earmarked-reserves.pdf	http://minutes-1.nwleics.gov.uk/documents/s52176/appendix-b-earmarked-reserves.pdf	North West Leicestershire	Appendix B - Earmarked Reserves	normal
E06000062-west-northamptonshire-2026-07-29-leader-decisions-29580-leader-decision-form-sm-reserves-signed.pdf	https://WestNorthants.moderngov.co.uk/documents/s29580/leader-decision-form-sm-reserves-signed-and-dated.pdf	West Northamptonshire	Leader Decision Form - SM reserves signed and dated	normal
mg362-mid-and-west-wales-fir-2026-07-13-resource-management-commit-7720-appendix-e-reserves.pdf	https://midwestwalesfire.moderngov.co.uk/documents/s7720/appendix-e-reserves.pdf	Mid and West Wales Fire	Appendix E - Reserves	normal
E09000031-waltham-forest-2026-07-09-budget-performance-and-coo-109770-appendix-3-2025-26-reserves-provisions.pdf	https://democracy.walthamforest.gov.uk/documents/s109770/appendix-3-2025-26-reserves-provisions.pdf	Waltham Forest	Appendix 3 - 2025-26 Reserves & Provisions	normal
E09000014-haringey-2026-07-02-haringey-schools-forum-158316-item-9-eys-outurn-2025-26-and-reserves-p.pdf	http://www.minutes.haringey.gov.uk/documents/s158316/item-9-eys-outurn-2025-26-and-reserves-proposals.pdf	Haringey	Item 9 - EYs outurn 2025-26 and reserves proposals	normal
mg473-avon-fire-and-rescue-2026-07-01-avon-fire-authority-5619-reserves-strategy.pdf	https://AvonFire.moderngov.co.uk/documents/s5619/reserves-strategy.pdf	Avon Fire and Rescue	Reserves Strategy	normal
mg473-avon-fire-and-rescue-2026-07-01-avon-fire-authority-5620-appendix-1-reserves-strategy.pdf	https://AvonFire.moderngov.co.uk/documents/s5620/appendix-1-reserves-strategy.pdf	Avon Fire and Rescue	Appendix 1 Reserves Strategy	normal
mg473-avon-fire-and-rescue-2026-07-01-avon-fire-authority-5621-appendix-2-reserves-summary.pdf	https://AvonFire.moderngov.co.uk/documents/s5621/appendix-2-reserves-summary.pdf	Avon Fire and Rescue	Appendix 2 Reserves Summary	normal
E07000177-cherwell-2026-06-30-budget-planning-committee-63629-appendix-5-use-of-reserves-and-grant-fun.pdf	https://modgov.cherwell.gov.uk/documents/s63629/appendix-5-use-of-reserves-and-grant-funding-march-2026.pdf	Cherwell	Appendix 5 - Use of Reserves and Grant funding March 2026	normal
E07000177-cherwell-2026-06-30-budget-planning-committee-63630-appendix-6-reserves-to-be-released-in-20.pdf	https://modgov.cherwell.gov.uk/documents/s63630/appendix-6-reserves-to-be-released-in-2026-27.pdf	Cherwell	Appendix 6 - Reserves to be released in 2026-27	normal
mg19-bromsgrove-2026-06-25-worcestershire-regulatory-67683-06e-wrs-annual-statement-2025-26-reserve.pdf	https://moderngovwebpublic.bromsgrove.gov.uk/documents/s67683/06e-wrs-annual-statement-2025-26-reserves.pdf	Bromsgrove	06e - WRS Annual Statement 2025-26 Reserves	normal
mg5-argyll-and-bute-2026-05-27-argyll-and-bute-hscp-integ-231146-appendix-3-reserves-m12.pdf	http://www.argyll-bute.gov.uk/moderngov/documents/s231146/appendix-3-reserves-m12.pdf	Argyll and Bute	Appendix 3 Reserves M12	normal
mg258-gwynedd-cymraeg-2026-05-15-north-wales-cjc-economic-w-49111-appendix-2-growth-deal-s-reserves-positi.pdf	https://democracy.gwynedd.llyw.cymru/documents/s49111/appendix-2-growth-deal-s-reserves-position.pdf	Gwynedd Cymraeg	Appendix 2 - Growth Deal’s reserves position	normal
S12000036-city-of-edinburgh-2026-05-14-culture-and-communities-co-98168-7-6-declaration-of-wester-craiglockhart.pdf	https://democracy.edinburgh.gov.uk/documents/s98168/7-6-declaration-of-wester-craiglockhart-hill-and-greenbank-c.pdf	City of Edinburgh	7.6 - Declaration of Wester Craiglockhart Hill (and Greenbank Community Woodland) and Little France Park as Local Nature Reserves and Extension of Easter Craiglo	normal
S12000034-aberdeenshire-2026-03-26-education-and-children-s-s-42615-appendix-4-ecs-reserves-2025-26.pdf	https://Aberdeenshire.moderngov.co.uk/documents/s42615/appendix-4-ecs-reserves-2025-26.pdf	Aberdeenshire	Appendix 4 - ECS Reserves 2025-26	normal
E47000002-south-yorkshire-mayora-2026-03-24-mayoral-combined-authority-20950-20-viii-appendix-h-police-budget-reserve.pdf	https://southyorkshire-ca.moderngov.co.uk/documents/s20950/20-viii-appendix-h-police-budget-reserves-strategy-2026-27.pdf	South Yorkshire Mayoral Combined Authority	20.viii. Appendix H - Police Budget Reserves Strategy 2026-27	normal
S12000034-aberdeenshire-2026-03-19-infrastructure-services-co-41713-appendix-4-isc-reserves-2025-26.pdf	https://Aberdeenshire.moderngov.co.uk/documents/s41713/appendix-4-isc-reserves-2025-26.pdf	Aberdeenshire	Appendix 4 - ISC Reserves 2025/26	normal
S12000045-east-dunbartonshire-2026-03-19-health-and-social-care-par-16087-item-8f-app-6-hscp-reserves-position-as.pdf	https://EastDunbarton.moderngov.co.uk/mgConvert2PDF.aspx?ID=16087	East Dunbartonshire	Item 8f. App 6 HSCP Reserves Position as at Month 10	normal
E09000007-camden-2026-08-07-constitution-134609-delegations-by-section-151-officer.pdf	https://Camden.moderngov.co.uk/documents/s134609/delegations-by-section-151-officer.pdf	Camden	Delegations by Section 151 Officer	normal
E06000064-westmorland-and-furnes-2026-08-03-cumbria-local-pension-boar-51505-clpb-030826-investment-strategy-review.pdf	https://WestmorlandandFurness.moderngov.co.uk/documents/s51505/clpb-030826-investment-strategy-review.pdf	Westmorland and Furness	CLPB 030826 - Investment Strategy Review	normal
E06000064-westmorland-and-furnes-2026-08-03-cumbria-local-pension-boar-51506-appendix-2-investment-strategy-statement.pdf	https://WestmorlandandFurness.moderngov.co.uk/documents/s51506/appendix-2-investment-strategy-statement.pdf	Westmorland and Furness	Appendix 2 Investment Strategy Statement	normal
E09000007-camden-2026-07-16-gospel-oak-district-manage-133645-housing-investment-strategy-update.pdf	https://Camden.moderngov.co.uk/documents/s133645/housing-investment-strategy-update.pdf	Camden	Housing Investment Strategy Update	normal
E09000033-westminster-2026-07-14-pension-fund-committee-73238-8-pfc-140726-investment-strategy-review.pdf	https://committees.westminster.gov.uk/documents/s73238/8-pfc-140726-investment-strategy-review.pdf	Westminster	8. PFC 140726 Investment Strategy Review	normal
E09000033-westminster-2026-07-14-pension-fund-committee-73239-8-appendix-1-investment-strategy-review.pdf	https://committees.westminster.gov.uk/documents/s73239/8-appendix-1-investment-strategy-review-step-2-strategic-ass.pdf	Westminster	8. Appendix 1 Investment Strategy Review (Step 2 Strategic Asset Allocation)	normal
E06000064-westmorland-and-furnes-2026-07-09-cumbria-local-pension-boar-51234-clpb-090726-investment-strategy-review.pdf	https://WestmorlandandFurness.moderngov.co.uk/documents/s51234/clpb-090726-investment-strategy-review.pdf	Westmorland and Furness	CLPB 090726 - Investment Strategy Review	normal
E06000064-westmorland-and-furnes-2026-07-09-cumbria-local-pension-boar-51235-appendix-2-investment-strategy-statement.pdf	https://WestmorlandandFurness.moderngov.co.uk/documents/s51235/appendix-2-investment-strategy-statement.pdf	Westmorland and Furness	Appendix 2 Investment Strategy Statement	normal
E09000007-camden-2026-07-07-kentish-town-district-mana-133529-information-report-housing-investment-st.pdf	https://Camden.moderngov.co.uk/documents/s133529/information-report-housing-investment-strategy-update.pdf	Camden	Information Report Housing Investment Strategy Update	normal
E09000007-camden-2026-07-02-hampstead-district-managem-133842-housing-investment-strategy-update-yend.pdf	https://Camden.moderngov.co.uk/documents/s133842/housing-investment-strategy-update-yend-2526-dmc.pdf	Camden	Housing Investment Strategy Update - YEnd 2526 - DMC	normal
E06000066-somerset-2026-07-01-senior-manager-appointment-68059-senior-appointments-employment-committee.pdf	https://Somerset.moderngov.co.uk/documents/s68059/senior-appointments-employment-committee-report-cfo-s151.pdf	Somerset	Senior Appointments Employment Committee Report CFO (S151)	normal
E09000007-camden-2026-06-30-holborn-district-managemen-133620-housing-investment-strategy-update.pdf	https://Camden.moderngov.co.uk/documents/s133620/housing-investment-strategy-update.pdf	Camden	Housing Investment Strategy Update	normal
E06000064-westmorland-and-furnes-2026-06-26-cumbria-pensions-committee-47611-isio-cumbria-pension-fund-investment-str.pdf	https://WestmorlandandFurness.moderngov.co.uk/documents/s47611/isio-cumbria-pension-fund-investment-strategy-review-stage-3.pdf	Westmorland and Furness	ISIO Cumbria Pension Fund - Investment Strategy Review Stage 3 - 26 June	normal
E06000064-westmorland-and-furnes-2026-06-26-cumbria-pensions-committee-47606-cpc-260626-investment-strategy-review.pdf	https://WestmorlandandFurness.moderngov.co.uk/documents/s47606/cpc-260626-investment-strategy-review.pdf	Westmorland and Furness	CPC 260626 - Investment Strategy Review	normal
E06000064-westmorland-and-furnes-2026-06-26-cumbria-pensions-committee-47607-appendix-1-for-cpc-260626-investment-str.pdf	https://WestmorlandandFurness.moderngov.co.uk/documents/s47607/appendix-1-for-cpc-260626-investment-strategy-statement.pdf	Westmorland and Furness	Appendix 1 for CPC 260626 - Investment Strategy Statement	normal
E09000007-camden-2026-06-24-camden-town-district-manag-133623-housing-investment-strategy-update-yend.pdf	https://Camden.moderngov.co.uk/documents/s133623/housing-investment-strategy-update-yend-2526-dmc.pdf	Camden	Housing Investment Strategy Update - YEnd 2526 - DMC	normal
E06000061-north-northamptonshire-2026-06-23-health-and-wellbeing-board-38248-item-7-health-and-wellbeing-strategy-fin.pdf	https://NorthNorthants.moderngov.co.uk/documents/s38248/item-7-health-and-wellbeing-strategy-financial-resilience-re.pdf	North Northamptonshire	Item 7. Health and Wellbeing Strategy - Financial Resilience Report	normal
E06000061-north-northamptonshire-2026-06-23-health-and-wellbeing-board-38234-item-7-appendix-a-building-financial-res.pdf	https://NorthNorthants.moderngov.co.uk/documents/s38234/item-7-appendix-a-building-financial-resilience-in-north-nor.pdf	North Northamptonshire	Item 7, Appendix A: Building Financial Resilience in North Northants - Theory of Change Report	normal
E06000036-bracknell-forest-2026-04-01-constitution-219366-4-6budgetpolicyframeworkprocedurerules.pdf	https://democratic.Bracknell-forest.gov.uk/documents/s219366/4-6budgetpolicyframeworkprocedurerules.pdf	Bracknell Forest	4.6BudgetPolicyFrameworkProcedureRules	normal
E06000036-bracknell-forest-2026-04-01-constitution-219372-4-11-councilbudgetprocedurerules.pdf	https://democratic.Bracknell-forest.gov.uk/documents/s219372/4-11-councilbudgetprocedurerules.pdf	Bracknell Forest	4.11 Councilbudgetprocedurerules	normal
E09000007-camden-2026-03-25-pension-board-131951-appendix-a-investment-strategy-review-20.pdf	https://Camden.moderngov.co.uk/documents/s131951/appendix-a-investment-strategy-review-2025.pdf	Camden	Appendix A - Investment Strategy Review 2025	normal
E09000007-camden-2026-03-25-pension-board-131952-appendix-b-investment-strategy-statement.pdf	https://Camden.moderngov.co.uk/documents/s131952/appendix-b-investment-strategy-statement.pdf	Camden	Appendix B - Investment Strategy Statement	normal
E06000046-isle-of-wight-2026-03-25-appointments-and-employmen-21705-appendix-1-strategic-director-of-finance.pdf	https://IOW.moderngov.co.uk/documents/s21705/appendix-1-strategic-director-of-finance-and-deputy-chief-ex.pdf	Isle of Wight	Appendix 1 Strategic Director of Finance and Deputy Chief Exec - s151 Officer job summary	normal
E06000046-isle-of-wight-2026-03-25-appointments-and-employmen-21757-strategic-director-of-finance-and-deputy.pdf	https://IOW.moderngov.co.uk/documents/s21757/strategic-director-of-finance-and-deputy-chief-exec-s151-off.pdf	Isle of Wight	Strategic Director of Finance and Deputy Chief Exec - s151 Officer job summary FINAL	normal
E06000064-westmorland-and-furnes-2026-03-23-cumbria-pensions-committee-38407-cpc-230326-investment-strategy-review.pdf	https://WestmorlandandFurness.moderngov.co.uk/documents/s38407/cpc-230326-investment-strategy-review.pdf	Westmorland and Furness	CPC 230326 - Investment Strategy Review	normal
E06000064-westmorland-and-furnes-2026-03-23-cumbria-pensions-committee-38408-appendix-1-for-cpc-230326-investment-str.pdf	https://WestmorlandandFurness.moderngov.co.uk/documents/s38408/appendix-1-for-cpc-230326-investment-strategy-review.pdf	Westmorland and Furness	Appendix 1 for CPC 230326 - Investment Strategy Review	normal
E06000051-shropshire-2026-03-20-pensions-committee-44020-200326-pf-treasury-strategy-202627.pdf	https://shropshire.gov.uk/committee-services/documents/s44020/200326-pf-treasury-strategy-202627.pdf	Shropshire	200326 PF Treasury Strategy 202627	normal
E06000019-herefordshire-2026-03-20-herefordshire-schools-foru-50132372-recoupment-from-schools-budgets-for-perm.pdf	https://councillors.herefordshire.gov.uk/documents/s50132372/recoupment-from-schools-budgets-for-permanent-exclusions-and.pdf	Herefordshire	Recoupment from Schools Budgets for Permanent Exclusions and Hospital Education	normal
E10000018-leicestershire-2026-03-20-local-pension-committee-195369-appendix-a-draft-lccpf-investment-strate.pdf	https://democracy.leics.gov.uk/documents/s195369/appendix-a-draft-lccpf-investment-strategy-statement-2026.pdf	Leicestershire	Appendix A Draft LCCPF Investment Strategy Statement 2026	normal
E09000008-croydon-2026-08-05-constitution-72420-part-4c-budget-and-policy-framework-proc.pdf	https://democracy.croydon.gov.uk/documents/s72420/part-4c-budget-and-policy-framework-procedure-rules.pdf	Croydon	Part 4C - Budget and Policy Framework Procedure Rules	normal
E10000019-lincolnshire-2026-08-05-greater-lincolnshire-combi-75017-budget-management-of-in-year-adult-skill.pdf	https://lincolnshire.moderngov.co.uk/documents/s75017/budget-management-of-in-year-adult-skills-budgets.pdf	Lincolnshire	Budget Management of In-year Adult Skills budgets	normal
mg403-bletchley-and-fenny-st-2026-08-04-community-and-environment-8688-community-and-environment-committee-budg.pdf	https://BletchleyFennyStratford-tc.moderngov.co.uk/documents/s8688/community-and-environment-committee-budget.pdf	Bletchley and Fenny Stratford	Community and Environment Committee Budget	normal
mg403-bletchley-and-fenny-st-2026-08-04-community-and-environment-8696-budget-suggestions-20272028.pdf	https://BletchleyFennyStratford-tc.moderngov.co.uk/documents/s8696/budget-suggestions-20272028.pdf	Bletchley and Fenny Stratford	Budget Suggestions 20272028	normal
S12000034-aberdeenshire-2026-08-19-sustainability-committee-46208-carbon-budget-2026-2027-progress-update.pdf	https://Aberdeenshire.moderngov.co.uk/documents/s46208/carbon-budget-2026-2027-progress-update.pdf	Aberdeenshire	CARBON BUDGET 2026-2027 PROGRESS UPDATE	normal
S12000034-aberdeenshire-2026-08-19-sustainability-committee-46209-appendix-1-carbon-budget-2026-2027-progr.pdf	https://Aberdeenshire.moderngov.co.uk/documents/s46209/appendix-1-carbon-budget-2026-2027-progress-update.pdf	Aberdeenshire	Appendix 1 - Carbon Budget 2026 – 2027 Progress Update	normal
mg19-bromsgrove-2026-07-29-constitution-68464-10-budget-policy-framework-procedure-rul.pdf	https://moderngovwebpublic.bromsgrove.gov.uk/documents/s68464/10-budget-policy-framework-procedure-rules-reviewed-may-2015.pdf	Bromsgrove	10 Budget Policy Framework Procedure Rules reviewed May 2015	normal
E07000180-vale-of-white-horse-2026-07-30-constitution-65439-budget-and-policy-framework-procedure-ru.pdf	https://democratic.whitehorsedc.gov.uk/documents/s65439/budget-and-policy-framework-procedure-rules.pdf	Vale of White Horse	Budget and policy framework procedure rules	normal
E06000031-peterborough-2026-07-29-constitution-56829-part-4-section-6-budget-policy-framework.pdf	https://Peterborough.moderngov.co.uk/documents/s56829/part-4-section-6-budget-policy-framework-rules-version-011.pdf	Peterborough	Part 4 Section 6 - Budget Policy Framework Rules - Version 011	normal
mg362-mid-and-west-wales-fir-2026-07-27-local-pension-board-7756-local-pension-board-budget-report.pdf	https://midwestwalesfire.moderngov.co.uk/documents/s7756/local-pension-board-budget-report.pdf	Mid and West Wales Fire	Local Pension Board Budget Report	normal
E07000085-east-hampshire-2026-07-23-constitution-27494-part-3-section-c-budget-and-policy-frame.pdf	http://easthants.moderngov.co.uk/documents/s27494/part-3-section-c-budget-and-policy-framework-standing-orders.pdf	East Hampshire	PART 3 Section C - Budget and Policy Framework Standing Orders - c	normal
W06000022-newport-2026-07-22-newport-constitution-28528-4-2-budget-and-policy-framework-procedur.pdf	https://democracy.newport.gov.uk/documents/s28528/4-2-budget-and-policy-framework-procedure-rules-v-02.pdf	Newport	4.2 Budget and Policy Framework Procedure Rules v.02	normal
E08000013-st-helens-2026-07-22-constitution-180100-budget-and-policy-framework-procedure-ru.pdf	https://StHelens.moderngov.co.uk/documents/s180100/budget-and-policy-framework-procedure-rules.pdf	St. Helens	Budget and Policy Framework Procedure Rules	normal
E08000015-wirral-2026-07-20-constitution-50145173-part-4-3-budget-policy-framework.pdf	https://democracy.wirral.gov.uk/documents/s50145173/part-4-3-budget-policy-framework.pdf	Wirral	Part 4 3. Budget Policy Framework	normal
E47000004-liverpool-city-region-2026-07-17-liverpool-city-region-comb-85651-appendix-3-detailed-proposed-amendments.pdf	https://liverpoolcityregion-ca.moderngov.co.uk/documents/s85651/appendix-3-detailed-proposed-amendments-to-2026-27-revenue-b.pdf	Liverpool City Region	Appendix 3 - Detailed Proposed Amendments to 2026-27 Revenue Budget	normal
E47000004-liverpool-city-region-2026-07-17-liverpool-city-region-comb-85379-appendix-4-detailed-proposed-amendments.pdf	https://liverpoolcityregion-ca.moderngov.co.uk/documents/s85379/appendix-4-detailed-proposed-amendments-to-2026-27-capital-b.pdf	Liverpool City Region	Appendix 4 - Detailed Proposed Amendments to 2026-27 Capital Budget	normal
E08000032-bradford-2026-07-16-bradford-east-area-committ-56622-doc-b-community-chest-budget-and-communi.pdf	https://bradford.moderngov.co.uk/documents/s56622/doc-b-community-chest-budget-and-community-chest-grants-fund.pdf	Bradford	Doc B - Community Chest Budget and Community Chest Grants funding 2026-27	normal
mg19-bromsgrove-2026-07-16-constitution-68202-10-budget-policy-framework-procedure-rul.pdf	https://moderngovwebpublic.bromsgrove.gov.uk/documents/s68202/10-budget-policy-framework-procedure-rules-reviewed-may-2015.pdf	Bromsgrove	10 Budget Policy Framework Procedure Rules reviewed May 2015	normal
E07000081-gloucester-2026-07-16-constitution-51007-budget-and-policy-framework-procedure-ru.pdf	https://democracy.Gloucester.gov.uk/documents/s51007/budget-and-policy-framework-procedure-rules.pdf	Gloucester	Budget and Policy Framework Procedure Rules	normal
E06000042-milton-keynes-2026-07-16-schools-forum-29522-item-2b-budget-2026-27.pdf	https://milton-keynes.moderngov.co.uk/documents/s29522/item-2b-budget-2026-27.pdf	Milton Keynes	Item 2b Budget 2026-27	normal
mg430-north-yorkshire-2026-07-15-constitution-60971-budget-and-policy-framework-procedure-ru.pdf	http://edemocracy.northyorks.gov.uk/documents/s60971/budget-and-policy-framework-procedure-rules.pdf	North Yorkshire	Budget and policy framework procedure rules	normal
E06000044-portsmouth-2026-07-15-schools-forum-63364-sf-2025-26-dedicated-schools-grant-outur.pdf	https://democracy.portsmouth.gov.uk/documents/s63364/sf-2025-26-dedicated-schools-grant-outurn-and-2026-27-revise.pdf	Portsmouth	SF - 2025-26 Dedicated Schools Grant Outurn and 2026-27 Revised Budget	normal
mg474-barnstaple-2026-07-14-staffing-committee-5718-staffing-committee-budget-report.pdf	https://BarnstapleTownCouncil.moderngov.co.uk/documents/s5718/staffing-committee-budget-report.pdf	Barnstaple	Staffing Committee Budget Report	normal
mg288-bedfordshire-fire-and-2026-07-14-fire-and-rescue-authority-7646-item-15e-budget-workshop-work-programme.pdf	http://BedsFireResAuth.moderngov.co.uk/documents/s7646/item-15e-budget-workshop-work-programme.pdf	Bedfordshire Fire and Rescue	Item 15e Budget Workshop Work Programme	normal
E47000002-south-yorkshire-mayora-2026-07-14-mayoral-combined-authority-21902-10-ii-appendix-b-budget-revision-1-detai.pdf	https://southyorkshire-ca.moderngov.co.uk/documents/s21902/10-ii-appendix-b-budget-revision-1-detail.pdf	South Yorkshire Mayoral Combined Authority	10.ii. Appendix B Budget Revision 1 Detail	normal
mg362-mid-and-west-wales-fir-2026-07-13-resource-management-commit-7716-appendix-ai-approved-budget.pdf	https://midwestwalesfire.moderngov.co.uk/documents/s7716/appendix-ai-approved-budget.pdf	Mid and West Wales Fire	Appendix Ai - Approved Budget	normal
E10000019-lincolnshire-2026-07-09-lincolnshire-schools-forum-74530-section-251-budget-statement-2026-27.pdf	https://lincolnshire.moderngov.co.uk/documents/s74530/section-251-budget-statement-2026-27.pdf	Lincolnshire	Section 251 Budget Statement 2026-27	normal
E10000019-lincolnshire-2026-07-09-lincolnshire-schools-forum-74531-appendix-a-s251-budget.pdf	https://lincolnshire.moderngov.co.uk/documents/s74531/appendix-a-s251-budget.pdf	Lincolnshire	Appendix A - S251 Budget	normal
mg474-barnstaple-2026-07-08-community-development-comm-5680-community-development-budget-report-june.pdf	https://BarnstapleTownCouncil.moderngov.co.uk/documents/s5680/community-development-budget-report-june.pdf	Barnstaple	Community Development Budget Report June	normal
E09000003-barnet-2026-07-07-constitution-94010-part-3d-budget-and-policy-procedure-rule.pdf	http://barnet.moderngov.co.uk/documents/s94010/part-3d-budget-and-policy-procedure-rules.pdf	Barnet	Part 3D - Budget and Policy Procedure Rules	normal
mg102-redditch-2026-07-07-constitution-59025-08-budget-and-policy-framework-rbc-2013.pdf	http://moderngovwebpublic.redditchbc.gov.uk/documents/s59025/08-budget-and-policy-framework-rbc-2013.pdf	Redditch	08 Budget and Policy Framework RBC 2013	normal
E09000003-barnet-2026-07-06-constitution-96326-part-3d-budget-and-policy-procedure-rule.pdf	http://barnet.moderngov.co.uk/documents/s96326/part-3d-budget-and-policy-procedure-rules.pdf	Barnet	Part 3D - Budget and Policy Procedure Rules	normal
E07000041-exeter-2026-07-03-constitution-105691-4f-budget-and-policy-framework-procedure.pdf	https://modgov.exeter.gov.uk/documents/s105691/4f-budget-and-policy-framework-procedure-rules.pdf	Exeter	4f Budget and Policy Framework Procedure Rules	normal
mg430-north-yorkshire-2026-07-02-pension-board-69824-budget-and-cashflow-july-2026.pdf	http://edemocracy.northyorks.gov.uk/documents/s69824/budget-and-cashflow-july-2026.pdf	North Yorkshire	Budget and Cashflow July 2026	normal
mg430-north-yorkshire-2026-07-02-pension-board-69825-appendix-1-pfc-budget-and-cashflow-may-2.pdf	http://edemocracy.northyorks.gov.uk/documents/s69825/appendix-1-pfc-budget-and-cashflow-may-2026.pdf	North Yorkshire	Appendix 1 - PFC Budget and Cashflow May 2026	normal
mg473-avon-fire-and-rescue-2026-07-01-avon-fire-authority-5618-appendix-1-revised-2026-27-budget.pdf	https://AvonFire.moderngov.co.uk/documents/s5618/appendix-1-revised-2026-27-budget.pdf	Avon Fire and Rescue	Appendix 1 Revised 2026/27 Budget	normal
mg473-avon-fire-and-rescue-2026-07-01-avon-fire-authority-5636-appendix-1-detailed-revenue-budget-summa.pdf	https://AvonFire.moderngov.co.uk/documents/s5636/appendix-1-detailed-revenue-budget-summary-apr-25-mar-26.pdf	Avon Fire and Rescue	Appendix 1 Detailed Revenue Budget Summary Apr 25 - Mar 26	normal
S12000034-aberdeenshire-2026-07-01-integration-joint-board-45034-ijb-budget-update-2026-27.pdf	https://Aberdeenshire.moderngov.co.uk/documents/s45034/ijb-budget-update-2026-27.pdf	Aberdeenshire	IJB Budget Update 2026/27	normal
E07000177-cherwell-2026-06-30-budget-planning-committee-63567-10-03-26-budget-planning-committee-minut.pdf	https://modgov.cherwell.gov.uk/documents/s63567/10-03-26-budget-planning-committee-minutes.pdf	Cherwell	10.03.26 Budget Planning Committee Minutes	normal
mg457-saltash-2026-06-30-joint-burial-board-committ-19286-burial-board-budget-may-2026.pdf	https://modern.saltash.gov.uk/documents/s19286/burial-board-budget-may-2026.pdf	Saltash	Burial Board Budget - May 2026	normal
E09000031-waltham-forest-2026-06-29-pension-board-109388-performance-report-management-expenses-a.pdf	https://democracy.walthamforest.gov.uk/documents/s109388/performance-report-management-expenses-and-draft-budget-2026.pdf	Waltham Forest	Performance Report Management Expenses and Draft Budget 2026-27 July 26	normal
E07000173-gedling-2026-06-26-constitution-41492-section-21-budget-and-policy-framework-r.pdf	https://democracy.gedling.gov.uk/documents/s41492/section-21-budget-and-policy-framework-rules.pdf	Gedling	Section 21 – Budget and Policy Framework Rules	normal
mg457-saltash-2026-06-25-personnel-committee-19236-personnel-budget-april-2026.pdf	https://modern.saltash.gov.uk/documents/s19236/personnel-budget-april-2026.pdf	Saltash	Personnel Budget - April 2026	normal
E07000099-north-hertfordshire-2026-06-24-letchworth-community-forum-31451-appendix-1-letchworth-grant-budget-26-27.pdf	https://democracy.north-herts.gov.uk/documents/s31451/appendix-1-letchworth-grant-budget-26-27.pdf	North Hertfordshire	Appendix 1. Letchworth Grant Budget 26-27	normal
E09000013-hammersmith-and-fulham-2026-06-24-pension-fund-committee-135084-pension-administration-budget-pfc-240626.pdf	https://democracy.lbhf.gov.uk/documents/s135084/pension-administration-budget-pfc-240626.pdf	Hammersmith and Fulham	Pension Administration Budget PFC 240626	normal
E08000015-wirral-2026-06-24-local-pension-board-50143397-merseyside-pension-fund-budget-out-turn.pdf	https://democracy.wirral.gov.uk/documents/s50143397/merseyside-pension-fund-budget-out-turn-2025-26-and-final-bu.pdf	Wirral	MERSEYSIDE PENSION FUND BUDGET OUT-TURN 2025/26 AND FINAL BUDGET 2026/27	normal
E08000015-wirral-2026-06-24-local-pension-board-50143399-appendix-2-for-merseyside-pension-fund-b.pdf	https://democracy.wirral.gov.uk/documents/s50143399/appendix-2-for-merseyside-pension-fund-budget-out-turn-2025.pdf	Wirral	Appendix. 2 for MERSEYSIDE PENSION FUND BUDGET OUT-TURN 2025/26 AND FINAL BUDGET 2026/27	normal
E08000015-wirral-2026-06-24-local-pension-board-50143398-appendix-1-for-merseyside-pension-fund-b.pdf	https://democracy.wirral.gov.uk/documents/s50143398/appendix-1-for-merseyside-pension-fund-budget-out-turn-2025.pdf	Wirral	Appendix. 1 for MERSEYSIDE PENSION FUND BUDGET OUT-TURN 2025/26 AND FINAL BUDGET 2026/27	normal
S12000034-aberdeenshire-2026-06-23-garioch-area-committee-45464-appendix-1-area-works-for-revenue-budget.pdf	https://Aberdeenshire.moderngov.co.uk/documents/s45464/appendix-1-area-works-for-revenue-budget.pdf	Aberdeenshire	Appendix 1 - Area works for Revenue Budget	normal
S12000034-aberdeenshire-2026-06-23-garioch-area-committee-45465-appendix-2-summary-of-revenue-budget.pdf	https://Aberdeenshire.moderngov.co.uk/documents/s45465/appendix-2-summary-of-revenue-budget.pdf	Aberdeenshire	Appendix 2 - Summary of Revenue Budget	normal
E47000008-cambridgeshire-and-pet-2026-06-23-growth-committee-7039-budget-and-performance-report-jun26.pdf	https://cambridgeshirepeterborough-ca.moderngov.co.uk/documents/s7039/budget-and-performance-report-jun26.pdf	Cambridgeshire and Peterborough	Budget and Performance Report_Jun26	normal
E47000008-cambridgeshire-and-pet-2026-06-23-growth-committee-7040-appendix-a-growth-budget-2025-26-2028-29.pdf	https://cambridgeshirepeterborough-ca.moderngov.co.uk/documents/s7040/appendix-a-growth-budget-2025-26-2028-29.pdf	Cambridgeshire and Peterborough	Appendix A - Growth Budget 2025-26 - 2028-29	normal
mg25-central-bedfordshire-2026-06-22-schools-forum-83444-schools-forum-budget-update-jun-26.pdf	https://centralbeds.moderngov.co.uk/documents/s83444/schools-forum-budget-update-jun-26.pdf	Central Bedfordshire	Schools forum budget update Jun 26	normal
E08000015-wirral-2026-06-22-pensions-committee-50142655-merseyside-pension-fund-budget-out-turn.pdf	https://democracy.wirral.gov.uk/documents/s50142655/merseyside-pension-fund-budget-out-turn-2025-26-and-final-bu.pdf	Wirral	MERSEYSIDE PENSION FUND BUDGET OUT-TURN 2025/26 AND FINAL BUDGET 2026/27	normal
E08000015-wirral-2026-06-22-pensions-committee-50142656-appendix-1-for-merseyside-pension-fund-b.pdf	https://democracy.wirral.gov.uk/documents/s50142656/appendix-1-for-merseyside-pension-fund-budget-out-turn-2025.pdf	Wirral	Appendix. 1 for MERSEYSIDE PENSION FUND BUDGET OUT-TURN 2025/26 AND FINAL BUDGET 2026/27	normal
S12000034-aberdeenshire-2026-06-18-infrastructure-services-co-44903-appendix-2-2026-27-allocated-budget-road.pdf	https://Aberdeenshire.moderngov.co.uk/documents/s44903/appendix-2-2026-27-allocated-budget-roads.pdf	Aberdeenshire	Appendix 2 – 2026-27 Allocated Budget – Roads	normal
S12000034-aberdeenshire-2026-06-18-infrastructure-services-co-44907-appendix-6-2026-27-allocated-budget-brid.pdf	https://Aberdeenshire.moderngov.co.uk/documents/s44907/appendix-6-2026-27-allocated-budget-bridges.pdf	Aberdeenshire	Appendix 6 – 2026-27 Allocated Budget - Bridges	normal
S12000034-aberdeenshire-2026-06-18-infrastructure-services-co-44909-appendix-8-2026-27-allocated-budget-and.pdf	https://Aberdeenshire.moderngov.co.uk/documents/s44909/appendix-8-2026-27-allocated-budget-and-prioritised-list-flo.pdf	Aberdeenshire	Appendix 8 – 2026-27 Allocated Budget and Prioritised list - Flood Risk and Coast Protection	normal
S12000034-aberdeenshire-2026-06-18-infrastructure-services-co-44910-appendix-9-2026-27-allocated-budget-and.pdf	https://Aberdeenshire.moderngov.co.uk/documents/s44910/appendix-9-2026-27-allocated-budget-and-prioritised-list-har.pdf	Aberdeenshire	Appendix 9 – 2026-27 Allocated Budget and Prioritised List - Harbours	normal
mg5-argyll-and-bute-2026-06-18-environment-development-an-231880-winter-service-2027-28-budget-savings-op.pdf	http://www.argyll-bute.gov.uk/moderngov/documents/s231880/winter-service-2027-28-budget-savings-options-initial-propos.pdf	Argyll and Bute	WINTER SERVICE 2027-28 - BUDGET SAVINGS OPTIONS – INITIAL PROPOSALS	normal
E08000015-wirral-2026-06-18-tourism-communities-cultur-50143824-tourism-communities-culture-leisure-2026.pdf	https://democracy.wirral.gov.uk/documents/s50143824/tourism-communities-culture-leisure-2026-27-budget-book-appe.pdf	Wirral	Tourism, Communities, Culture & Leisure 2026-27 Budget Book Appendix 2 (1)	normal
mg19-bromsgrove-2026-06-17-constitution-67649-10-budget-policy-framework-procedure-rul.pdf	https://moderngovwebpublic.bromsgrove.gov.uk/documents/s67649/10-budget-policy-framework-procedure-rules-reviewed-may-2015.pdf	Bromsgrove	10 Budget Policy Framework Procedure Rules reviewed May 2015	normal
E47000008-cambridgeshire-and-pet-2026-06-17-transport-committee-6931-budget-and-performance-report.pdf	https://cambridgeshirepeterborough-ca.moderngov.co.uk/documents/s6931/budget-and-performance-report.pdf	Cambridgeshire and Peterborough	Budget and Performance Report	normal
E09000005-brent-2026-06-17-schools-forum-157771-appendix-c-mainstream-schools-hn-block-b.pdf	http://democracy.brent.gov.uk/documents/s157771/appendix-c-mainstream-schools-hn-block-budget-26-27.pdf	Brent	Appendix C - Mainstream schools HN block budget 26-27	normal
S12000034-aberdeenshire-2026-06-16-marr-area-committee-45173-appendix-1-area-works-programme-for-the.pdf	https://Aberdeenshire.moderngov.co.uk/documents/s45173/appendix-1-area-works-programme-for-the-revenue-budget.pdf	Aberdeenshire	Appendix 1 - Area Works Programme for the Revenue Budget	normal
S12000034-aberdeenshire-2026-06-16-marr-area-committee-45174-appendix-2-summary-of-revenue-budget-for.pdf	https://Aberdeenshire.moderngov.co.uk/documents/s45174/appendix-2-summary-of-revenue-budget-for-aberdeenshire.pdf	Aberdeenshire	Appendix 2 - Summary of Revenue Budget for Aberdeenshire	normal
E08000015-wirral-2026-06-17-children-young-people-and-50142909-appendix-2-committee-budget-book.pdf	https://democracy.wirral.gov.uk/documents/s50142909/appendix-2-committee-budget-book.pdf	Wirral	Appendix 2: Committee Budget Book	normal
S12000034-aberdeenshire-2026-06-16-banff-and-buchan-area-comm-45188-appendix-1-area-works-programme-for-the.pdf	https://Aberdeenshire.moderngov.co.uk/documents/s45188/appendix-1-area-works-programme-for-the-revenue-budget.pdf	Aberdeenshire	Appendix 1 - Area Works Programme for the Revenue Budget	normal
S12000034-aberdeenshire-2026-06-16-banff-and-buchan-area-comm-45178-appendix-2-summary-of-revenue-budget-for.pdf	https://Aberdeenshire.moderngov.co.uk/documents/s45178/appendix-2-summary-of-revenue-budget-for-aberdeenshire.pdf	Aberdeenshire	Appendix 2 - Summary of Revenue Budget for Aberdeenshire	normal
S12000034-aberdeenshire-2026-06-16-banff-and-buchan-area-comm-45145-banff-and-buchan-area-committee-budget-2.pdf	https://Aberdeenshire.moderngov.co.uk/documents/s45145/banff-and-buchan-area-committee-budget-2026-27.pdf	Aberdeenshire	Banff and Buchan Area Committee Budget 2026/27	normal
mg19-bromsgrove-2026-06-16-constitution-67586-10-budget-policy-framework-procedure-rul.pdf	https://moderngovwebpublic.bromsgrove.gov.uk/documents/s67586/10-budget-policy-framework-procedure-rules-reviewed-may-2015.pdf	Bromsgrove	10 Budget Policy Framework Procedure Rules reviewed May 2015	normal
S12000006-dumfries-and-galloway-2026-06-16-enabling-and-customer-serv-77031-council-revenue-budget-report-2025-26.pdf	http://DumfriesGalloway.moderngov.co.uk/documents/s77031/council-revenue-budget-report-2025-26.pdf	Dumfries and Galloway	Council Revenue Budget Report 2025-26	normal
S12000006-dumfries-and-galloway-2026-06-16-enabling-and-customer-serv-77032-council-revenue-budget-report-2025-26-ap.pdf	http://DumfriesGalloway.moderngov.co.uk/documents/s77032/council-revenue-budget-report-2025-26-appendix-1.pdf	Dumfries and Galloway	Council Revenue Budget Report 2025-26 - Appendix 1	normal
S12000006-dumfries-and-galloway-2026-06-16-enabling-and-customer-serv-77033-council-revenue-budget-report-2025-26-ap.pdf	http://DumfriesGalloway.moderngov.co.uk/documents/s77033/council-revenue-budget-report-2025-26-appendix-2.pdf	Dumfries and Galloway	Council Revenue Budget Report 2025-26 - Appendix 2	normal
S12000006-dumfries-and-galloway-2026-06-16-enabling-and-customer-serv-77034-council-revenue-budget-report-2025-26-ap.pdf	http://DumfriesGalloway.moderngov.co.uk/documents/s77034/council-revenue-budget-report-2025-26-appendix-3.pdf	Dumfries and Galloway	Council Revenue Budget Report 2025-26 - Appendix 3	normal
S12000006-dumfries-and-galloway-2026-06-16-enabling-and-customer-serv-77035-council-revenue-budget-report-2025-26-ap.pdf	http://DumfriesGalloway.moderngov.co.uk/documents/s77035/council-revenue-budget-report-2025-26-appendix-4.pdf	Dumfries and Galloway	Council Revenue Budget Report 2025-26 - Appendix 4	normal
S12000006-dumfries-and-galloway-2026-06-16-enabling-and-customer-serv-77036-council-revenue-budget-report-2025-26-ap.pdf	http://DumfriesGalloway.moderngov.co.uk/documents/s77036/council-revenue-budget-report-2025-26-appendix-5.pdf	Dumfries and Galloway	Council Revenue Budget Report 2025-26 - Appendix 5	normal
E08000015-wirral-2026-06-16-economy-regeneration-housi-50142634-2026-27-budget-and-budgeting-monitoring.pdf	https://democracy.wirral.gov.uk/documents/s50142634/2026-27-budget-and-budgeting-monitoring-processes.pdf	Wirral	2026/27 Budget and Budgeting Monitoring Processes	normal
E08000015-wirral-2026-06-16-wirral-early-years-and-sch-50143706-schools-forum-2026-27-budget-update-repo.pdf	https://democracy.wirral.gov.uk/documents/s50143706/schools-forum-2026-27-budget-update-report-jun-26.pdf	Wirral	Schools Forum 2026-27 Budget Update Report Jun 26	normal
E07000099-north-hertfordshire-2026-06-15-baldock-and-villages-commu-31275-appendix-1-baldock-villages-community-gr.pdf	https://democracy.north-herts.gov.uk/documents/s31275/appendix-1-baldock-villages-community-grant-budget-2026-27.pdf	North Hertfordshire	Appendix 1. Baldock & Villages Community Grant Budget 2026-27	normal
E08000004-oldham-2026-06-15-constitution-160160-part-4c-budget-and-policy-framework-proc.pdf	http://committees.oldham.gov.uk/documents/s160160/part-4c-budget-and-policy-framework-procedure-rules.pdf	Oldham	Part 4C - Budget and Policy Framework Procedure Rules	normal
E08000004-oldham-2026-06-15-constitution-160169-part-5d-budget-protocol-information-gath.pdf	http://committees.oldham.gov.uk/documents/s160169/part-5d-budget-protocol-information-gathering-by-political-g.pdf	Oldham	Part 5D - Budget Protocol Information Gathering by Political Groups	normal
mg415-witney-town-council-2026-06-15-stronger-communities-18996-260615-sc-annual-budget.pdf	http://democracy.witney-tc.gov.uk/documents/s18996/260615-sc-annual-budget.pdf	Witney Town Council	260615 SC Annual Budget	normal
E08000015-wirral-2026-06-15-environment-climate-emerge-50143555-appendix-1-budget-book.pdf	https://democracy.wirral.gov.uk/documents/s50143555/appendix-1-budget-book.pdf	Wirral	APPENDIX 1 BUDGET BOOK	normal
E08000015-wirral-2026-06-15-environment-climate-emerge-50143556-2025-26-budget-book-appendix-2.pdf	https://democracy.wirral.gov.uk/documents/s50143556/2025-26-budget-book-appendix-2.pdf	Wirral	2025-26 Budget Book appendix 2	normal
E08000015-wirral-2026-06-15-environment-climate-emerge-50143557-appendix-3-budget-book.pdf	https://democracy.wirral.gov.uk/documents/s50143557/appendix-3-budget-book.pdf	Wirral	APPENDIX 3 BUDGET BOOK	normal
E09000016-havering-2026-06-11-schools-funding-forum-84515-item-6-section-251-budget-submission-202.pdf	https://democracy.havering.gov.uk/documents/s84515/item-6-section-251-budget-submission-2026-27.pdf	Havering	Item 6 Section 251 budget submission 2026-27	normal
E07000099-north-hertfordshire-2026-06-11-southern-rural-community-f-31247-appendix-1-southern-rural-community-gran.pdf	https://democracy.north-herts.gov.uk/documents/s31247/appendix-1-southern-rural-community-grant-budget-26-27.pdf	North Hertfordshire	Appendix 1. Southern Rural Community Grant Budget 26-27	normal
E07000124-ribble-valley-2026-06-11-economic-development-11801-amendments-to-tourism-budget-and-service.pdf	https://RibbleValley.moderngov.co.uk/documents/s11801/amendments-to-tourism-budget-and-service-changes-june-26-fin.pdf	Ribble Valley	AMENDMENTS TO TOURISM BUDGET AND SERVICE CHANGES JUNE 26 final_	normal
mg457-saltash-2026-06-11-services-committee-19185-10-guildhall-budget-april-2026.pdf	https://modern.saltash.gov.uk/documents/s19185/10-guildhall-budget-april-2026.pdf	Saltash	10. Guildhall Budget - April 2026	normal
mg457-saltash-2026-06-11-services-committee-19186-10-library-budget-april-2026.pdf	https://modern.saltash.gov.uk/documents/s19186/10-library-budget-april-2026.pdf	Saltash	10. Library Budget - April 2026	normal
mg457-saltash-2026-06-11-services-committee-19187-10-maurice-huggins-budget-april-2026.pdf	https://modern.saltash.gov.uk/documents/s19187/10-maurice-huggins-budget-april-2026.pdf	Saltash	10. Maurice Huggins Budget - April 2026	normal
mg457-saltash-2026-06-11-services-committee-19188-10-service-delivery-budget-april-2026.pdf	https://modern.saltash.gov.uk/documents/s19188/10-service-delivery-budget-april-2026.pdf	Saltash	10. Service Delivery Budget - April 2026	normal
mg457-saltash-2026-06-11-services-committee-19189-10-station-budget-april-2026.pdf	https://modern.saltash.gov.uk/documents/s19189/10-station-budget-april-2026.pdf	Saltash	10. Station Budget - April 2026	normal
mg474-barnstaple-2026-06-10-environment-committee-5600-environment-budget-report-may-2026.pdf	https://BarnstapleTownCouncil.moderngov.co.uk/documents/s5600/environment-budget-report-may-2026.pdf	Barnstaple	Environment Budget Report May 2026	normal
mg474-barnstaple-2026-06-10-environment-committee-5601-rock-park-budget-report-may-2026.pdf	https://BarnstapleTownCouncil.moderngov.co.uk/documents/s5601/rock-park-budget-report-may-2026.pdf	Barnstaple	Rock Park Budget Report May 2026	normal
S12000034-aberdeenshire-2026-06-09-formartine-area-committee-44952-formartine-area-committee-budget-2026-20.pdf	https://Aberdeenshire.moderngov.co.uk/documents/s44952/formartine-area-committee-budget-2026-2027.pdf	Aberdeenshire	Formartine Area Committee Budget 2026-2027	normal
S12000034-aberdeenshire-2026-06-09-kincardine-and-mearns-area-44971-k-m-area-committee-budget-2026-27.pdf	https://Aberdeenshire.moderngov.co.uk/documents/s44971/k-m-area-committee-budget-2026-27.pdf	Aberdeenshire	K&M Area Committee Budget 2026-27	normal
S12000034-aberdeenshire-2026-06-09-kincardine-and-mearns-area-44972-appendix-1-k-m-area-committee-budget-cri.pdf	https://Aberdeenshire.moderngov.co.uk/documents/s44972/appendix-1-k-m-area-committee-budget-criteria-2026-27.pdf	Aberdeenshire	Appendix 1 - K&M Area Committee Budget Criteria 2026-27	normal
S12000006-dumfries-and-galloway-2026-06-09-economy-and-infrastructure-77072-revenue-budget-appendix-1-final.pdf	http://DumfriesGalloway.moderngov.co.uk/documents/s77072/revenue-budget-appendix-1-final.pdf	Dumfries and Galloway	Revenue Budget - Appendix 1 - Final	normal
S12000006-dumfries-and-galloway-2026-06-09-economy-and-infrastructure-77073-revenue-budget-appendix-2-final.pdf	http://DumfriesGalloway.moderngov.co.uk/documents/s77073/revenue-budget-appendix-2-final.pdf	Dumfries and Galloway	Revenue Budget - Appendix 2 - Final	normal
S12000006-dumfries-and-galloway-2026-06-09-economy-and-infrastructure-77074-revenue-budget-appendix-3-final.pdf	http://DumfriesGalloway.moderngov.co.uk/documents/s77074/revenue-budget-appendix-3-final.pdf	Dumfries and Galloway	Revenue Budget - Appendix 3 - Final	normal
E06000023-city-of-bristol-2026-06-08-downs-committee-127200-finance-full-committee-may-26-fc-p12-25.pdf	https://Democracy.Bristol.gov.uk/documents/s127200/finance-full-committee-may-26-fc-p12-25-26-and-budget-26-27.pdf	City of Bristol	FINANCE FULL Committee May-26 - FC P12 25-26 and Budget 26-27 v1	normal
E08000015-wirral-2026-06-09-adult-social-care-and-publ-50142386-appendix-2-committee-budget-book.pdf	https://democracy.wirral.gov.uk/documents/s50142386/appendix-2-committee-budget-book.pdf	Wirral	Appendix 2 - Committee Budget Book	normal
E07000112-folkestone-and-hythe-2026-06-08-otterpool-park-llp-members-55451-item-5-finance-update-transition-budget.pdf	https://Folkestone-Hythe.moderngov.co.uk/documents/s55451/item-5-finance-update-transition-budget-2026-27.pdf	Folkestone and Hythe	Item 5 Finance Update - Transition Budget 2026-27	normal
mg415-witney-town-council-2026-06-08-halls-cemeteries-allotment-18954-260808-hca-annual-budget.pdf	http://democracy.witney-tc.gov.uk/documents/s18954/260808-hca-annual-budget.pdf	Witney Town Council	260808 HCA Annual Budget	normal
mg288-bedfordshire-fire-and-2026-06-04-fire-and-rescue-authority-7525-item-13e-budget-workshop-work-programme.pdf	http://BedsFireResAuth.moderngov.co.uk/documents/s7525/item-13e-budget-workshop-work-programme.pdf	Bedfordshire Fire and Rescue	Item 13e Budget Workshop Work Programme	normal
E07000099-north-hertfordshire-2026-06-03-royston-and-villages-commu-31106-appendix-1-royston-community-grant-budge.pdf	https://democracy.north-herts.gov.uk/documents/s31106/appendix-1-royston-community-grant-budget-2026-27-financial.pdf	North Hertfordshire	Appendix 1. Royston Community grant budget - 2026-27 financial year opening position	normal
E07000181-west-oxfordshire-2026-06-03-constitution-17102-part-5f-budget-and-policy-rules.pdf	https://meetings.westoxon.gov.uk/documents/s17102/part-5f-budget-and-policy-rules.pdf	West Oxfordshire	Part 5F - Budget and Policy Rules	normal
S12000034-aberdeenshire-2026-06-02-buchan-area-committee-44803-item-9-area-committee-budget-2026-2027-r.pdf	https://Aberdeenshire.moderngov.co.uk/documents/s44803/item-9-area-committee-budget-2026-2027-report.pdf	Aberdeenshire	Item 9 - Area Committee Budget 2026-2027 - Report	normal
S12000034-aberdeenshire-2026-06-02-buchan-area-committee-44804-item-10-community-council-budget-26-27-r.pdf	https://Aberdeenshire.moderngov.co.uk/documents/s44804/item-10-community-council-budget-26-27-report.pdf	Aberdeenshire	Item 10 - Community Council Budget 26-27 - Report	normal
S12000034-aberdeenshire-2026-06-02-buchan-area-committee-44805-item-10-community-council-budget-26-27-a.pdf	https://Aberdeenshire.moderngov.co.uk/documents/s44805/item-10-community-council-budget-26-27-appendix-1.pdf	Aberdeenshire	Item 10 - Community Council Budget 26-27 - Appendix 1	normal
S12000034-aberdeenshire-2026-06-02-buchan-area-committee-44806-item-10-community-council-budget-26-27-a.pdf	https://Aberdeenshire.moderngov.co.uk/documents/s44806/item-10-community-council-budget-26-27-appendix-2.pdf	Aberdeenshire	Item 10 - Community Council Budget 26-27 - Appendix 2	normal
S12000034-aberdeenshire-2026-06-02-garioch-area-committee-44413-garioch-area-committee-budget-2026-27.pdf	https://Aberdeenshire.moderngov.co.uk/documents/s44413/garioch-area-committee-budget-2026-27.pdf	Aberdeenshire	Garioch Area Committee Budget 2026-27	normal
E10000015-hertfordshire-2026-06-02-hertfordshire-growth-board-75756-05-item-6-hgb-delivery-plan-and-budget-j.pdf	https://democracy.hertfordshire.gov.uk/documents/s75756/05-item-6-hgb-delivery-plan-and-budget-june-2026.pdf	Hertfordshire	05 Item 6 HGB Delivery Plan and Budget June 2026	normal
E07000099-north-hertfordshire-2026-06-02-hitchin-community-forum-31047-appendix-1-hitchin-grant-budget-26-27.pdf	https://democracy.north-herts.gov.uk/documents/s31047/appendix-1-hitchin-grant-budget-26-27.pdf	North Hertfordshire	Appendix 1. Hitchin Grant Budget 26-27	normal
E09000008-croydon-2026-06-01-constitution-70941-part-4c-budget-and-policy-framework-proc.pdf	https://democracy.croydon.gov.uk/documents/s70941/part-4c-budget-and-policy-framework-procedure-rules.pdf	Croydon	Part 4C - Budget and Policy Framework Procedure Rules	normal
E07000211-reigate-and-banstead-2026-06-01-constitution-42364-29-part-4-procedure-rule-6-policy-framew.pdf	https://REIGATE-BANSTEAD.moderngov.co.uk/documents/s42364/29-part-4-procedure-rule-6-policy-framework-and-budget.pdf	Reigate and Banstead	29 Part 4 - Procedure Rule 6 - Policy Framework and Budget	normal
mg415-witney-town-council-2026-06-01-parks-recreation-18909-260601-pr-annual-budget-by-committee-act.pdf	http://democracy.witney-tc.gov.uk/documents/s18909/260601-pr-annual-budget-by-committee-actual-ytd-month-12.pdf	Witney Town Council	260601 PR Annual Budget - By Committee (Actual YTD Month 12)	normal
S12000034-aberdeenshire-2026-05-27-integration-joint-board-44012-ijb-revenue-budget-update.pdf	https://Aberdeenshire.moderngov.co.uk/documents/s44012/ijb-revenue-budget-update.pdf	Aberdeenshire	IJB Revenue Budget Update	normal
S12000034-aberdeenshire-2026-05-27-integration-joint-board-44507-appendix-1-budget-direction.pdf	https://Aberdeenshire.moderngov.co.uk/documents/s44507/appendix-1-budget-direction.pdf	Aberdeenshire	Appendix 1 - Budget Direction	normal
mg57-greenwich-2026-05-27-constitution-16007-e-budget-and-policy-framework-procedures.pdf	https://committees.royalgreenwich.gov.uk/documents/s16007/e-budget-and-policy-framework-procedures.pdf	Greenwich	E - Budget and Policy Framework Procedures	normal
mg5-argyll-and-bute-2026-05-27-argyll-and-bute-hscp-integ-231188-appendix-1-hscp-budget-you-said-we-did-f.pdf	http://www.argyll-bute.gov.uk/moderngov/documents/s231188/appendix-1-hscp-budget-you-said-we-did-feedback-may-2026.pdf	Argyll and Bute	Appendix 1 - HSCP Budget You Said We Did feedback May 2026	normal
S12000034-aberdeenshire-2026-05-26-marr-area-committee-44437-marr-area-committee-budget-2026-27.pdf	https://Aberdeenshire.moderngov.co.uk/documents/s44437/marr-area-committee-budget-2026-27.pdf	Aberdeenshire	Marr Area Committee Budget 2026/27	normal
S12000034-aberdeenshire-2026-05-26-marr-area-committee-44438-appendix-1-marr-area-committee-budget-aw.pdf	https://Aberdeenshire.moderngov.co.uk/documents/s44438/appendix-1-marr-area-committee-budget-awards-granted-2025-26.pdf	Aberdeenshire	Appendix 1 – Marr Area Committee Budget - Awards Granted 2025/26	normal
S12000034-aberdeenshire-2026-05-26-marr-area-committee-44439-appendix-2-proposed-marr-area-committee.pdf	https://Aberdeenshire.moderngov.co.uk/documents/s44439/appendix-2-proposed-marr-area-committee-budget-criteria-2026.pdf	Aberdeenshire	Appendix 2 – Proposed Marr Area Committee Budget Criteria 2026/27	normal
E07000226-crawley-2026-05-26-constitution-11871-part-2-financial-and-budget-procedure-ru.pdf	https://democracy.crawley.gov.uk/documents/s11871/part-2-financial-and-budget-procedure-rules.pdf	Crawley	Part 2: Financial and Budget Procedure Rules	normal
W06000011-swansea-2026-05-26-swansea-bay-city-region-jo-127281-12-sbcd-joint-committee-interim-budget-2.pdf	https://democracy.swansea.gov.uk/documents/s127281/12-sbcd-joint-committee-interim-budget-26-27-cover-report.pdf	Swansea	12 - SBCD Joint Committee Interim budget 26-27 (Cover report)	normal
mg430-north-yorkshire-2026-05-22-pension-fund-committee-68467-budget-and-cashflow.pdf	http://edemocracy.northyorks.gov.uk/documents/s68467/budget-and-cashflow.pdf	North Yorkshire	Budget and Cashflow	normal
mg430-north-yorkshire-2026-05-22-pension-fund-committee-68468-budget-and-cashflow-appendix-1.pdf	http://edemocracy.northyorks.gov.uk/documents/s68468/budget-and-cashflow-appendix-1.pdf	North Yorkshire	Budget and Cashflow- Appendix 1	normal
mg430-north-yorkshire-2026-05-22-pension-fund-committee-68469-budget-and-cashflow-appendix-2.pdf	http://edemocracy.northyorks.gov.uk/documents/s68469/budget-and-cashflow-appendix-2.pdf	North Yorkshire	Budget and Cashflow- Appendix 2	normal
E06000042-milton-keynes-2026-05-22-constitution-last-updated-520-07-budget-and-policy-framework-procedure.pdf	https://milton-keynes.moderngov.co.uk/documents/s520/07-budget-and-policy-framework-procedure-rules.pdf	Milton Keynes	07. Budget and Policy Framework Procedure Rules	normal
E07000133-melton-2026-05-21-constitution-9775-chapter-3-part-4-budget-and-policy-frame.pdf	https://democracy.melton.gov.uk/documents/s9775/chapter-3-part-4-budget-and-policy-framework-procedure-rules.pdf	Melton	Chapter 3 - Part 4 - Budget and Policy Framework Procedure Rules	normal
E09000015-harrow-2026-05-20-the-constitution-199981-030-part-4c-budget-and-policy-procedure.pdf	https://moderngov.harrow.gov.uk/documents/s199981/030-part-4c-budget-and-policy-procedure-rules.pdf	Harrow	030 Part 4C Budget and Policy Procedure Rules	normal
E07000212-runnymede-2026-05-20-constitution-18576-budget-and-policy-framework-procedure-ru.pdf	https://Runnymede.moderngov.co.uk/documents/s18576/budget-and-policy-framework-procedure-rules.pdf	Runnymede	Budget and Policy Framework Procedure Rules	normal
S12000026-the-scottish-borders-2026-05-20-health-social-care-integra-98400-item-6-a-appendix-2026-15-ijb-budget-let.pdf	https://scottishborders.moderngov.co.uk/documents/s98400/item-6-a-appendix-2026-15-ijb-budget-letter-2026-27.pdf	The Scottish Borders	Item 6(a) Appendix-2026-15 IJB Budget Letter 2026-27	normal
E07000181-west-oxfordshire-2026-05-20-constitution-16949-part-5f-budget-and-policy-rules.pdf	https://meetings.westoxon.gov.uk/documents/s16949/part-5f-budget-and-policy-rules.pdf	West Oxfordshire	Part 5F - Budget and Policy Rules	normal
E08000031-wolverhampton-2026-05-20-constitution-323537-part-4g-budget-and-policy-framework-proc.pdf	https://wolverhampton.moderngov.co.uk/documents/s323537/part-4g-budget-and-policy-framework-procedure-rules.pdf	Wolverhampton	Part 4g - Budget And Policy Framework Procedure Rules	normal
S12000034-aberdeenshire-2026-05-19-formartine-area-committee-44213-appendix-e-2026-27-allocated-budget-road.pdf	https://Aberdeenshire.moderngov.co.uk/documents/s44213/appendix-e-2026-27-allocated-budget-roads.pdf	Aberdeenshire	Appendix E – 2026-27 Allocated Budget – Roads	normal
S12000034-aberdeenshire-2026-05-19-formartine-area-committee-44217-appendix-i-2026-27-allocated-budget-brid.pdf	https://Aberdeenshire.moderngov.co.uk/documents/s44217/appendix-i-2026-27-allocated-budget-bridges.pdf	Aberdeenshire	Appendix I – 2026-27 Allocated Budget - Bridges	normal
S12000034-aberdeenshire-2026-05-19-formartine-area-committee-44219-appendix-k-2026-27-allocated-budget-and.pdf	https://Aberdeenshire.moderngov.co.uk/documents/s44219/appendix-k-2026-27-allocated-budget-and-prioritised-list-flo.pdf	Aberdeenshire	Appendix K - 2026-27 Allocated Budget and Prioritised list - Flood Risk and Coast Protection	normal
S12000034-aberdeenshire-2026-05-19-kincardine-and-mearns-area-44110-appendix-f-2026-27-allocated-budget-road.pdf	https://Aberdeenshire.moderngov.co.uk/documents/s44110/appendix-f-2026-27-allocated-budget-roads.pdf	Aberdeenshire	Appendix F – 2026-27 Allocated Budget – Roads	normal
S12000034-aberdeenshire-2026-05-19-kincardine-and-mearns-area-44114-appendix-j-2026-27-allocated-budget-brid.pdf	https://Aberdeenshire.moderngov.co.uk/documents/s44114/appendix-j-2026-27-allocated-budget-bridges.pdf	Aberdeenshire	Appendix J – 2026-27 Allocated Budget - Bridges	normal
S12000034-aberdeenshire-2026-05-19-kincardine-and-mearns-area-44116-appendix-l-2026-27-allocated-budget-and.pdf	https://Aberdeenshire.moderngov.co.uk/documents/s44116/appendix-l-2026-27-allocated-budget-and-prioritised-list-flo.pdf	Aberdeenshire	Appendix L – 2026-27 Allocated Budget and Prioritised list - Flood Risk and Coast Protection	normal
S12000034-aberdeenshire-2026-05-19-kincardine-and-mearns-area-44117-appendix-m-2026-27-allocated-budget-and.pdf	https://Aberdeenshire.moderngov.co.uk/documents/s44117/appendix-m-2026-27-allocated-budget-and-prioritised-list-har.pdf	Aberdeenshire	Appendix M – 2026-27 Allocated Budget and Prioritised List - Harbours	normal
mg415-witney-town-council-2026-05-19-climate-biodiversity-18863-260519-cb-annual-budget-by-committee.pdf	http://democracy.witney-tc.gov.uk/documents/s18863/260519-cb-annual-budget-by-committee.pdf	Witney Town Council	260519 CB Annual Budget - By Committee	normal
E09000003-barnet-2026-05-18-constitution-95240-part-3d-budget-and-policy-procedure-rule.pdf	http://barnet.moderngov.co.uk/documents/s95240/part-3d-budget-and-policy-procedure-rules.pdf	Barnet	Part 3D - Budget and Policy Procedure Rules	normal
E09000002-barking-and-dagenham-2026-05-14-constitution-180820-pt-2-ch-19-budget-policy-framework-rules.pdf	https://LBBD.moderngov.co.uk/documents/s180820/pt-2-ch-19-budget-policy-framework-rules.pdf	Barking and Dagenham	Pt 2, Ch 19 - Budget & Policy Framework Rules	normal
S12000034-aberdeenshire-2026-05-14-infrastructure-services-co-43136-carbon-budget-2025-2026-final-update.pdf	https://Aberdeenshire.moderngov.co.uk/documents/s43136/carbon-budget-2025-2026-final-update.pdf	Aberdeenshire	CARBON BUDGET 2025-2026 FINAL UPDATE	normal
S12000034-aberdeenshire-2026-05-14-infrastructure-services-co-43457-appendix-1-environment-and-infrastructur.pdf	https://Aberdeenshire.moderngov.co.uk/documents/s43457/appendix-1-environment-and-infrastructure-carbon-budget-2025.pdf	Aberdeenshire	Appendix 1- Environment and Infrastructure Carbon Budget 2025 – 2026 Final Update	normal
mg457-saltash-2026-05-14-personnel-committee-18971-personnel-budget-march-2026.pdf	https://modern.saltash.gov.uk/documents/s18971/personnel-budget-march-2026.pdf	Saltash	Personnel Budget - March 2026	normal
E07000128-wyre-2026-05-14-constitution-32679-part-4-03-budget-and-policy-framework-pr.pdf	https://wyre.moderngov.co.uk/documents/s32679/part-4-03-budget-and-policy-framework-procedure-rules.pdf	Wyre	Part 4.03 - Budget and Policy Framework Procedure Rules	normal
E07000172-broxtowe-2026-05-13-constitution-42626-1-13-header-page-budget-and-policy-frame.pdf	http://democracy.broxtowe.gov.uk/documents/s42626/1-13-header-page-budget-and-policy-framework-procedure-rules.pdf	Broxtowe	1.13 Header page Budget and Policy Framework Procedure Rules	normal
E07000172-broxtowe-2026-05-13-constitution-42627-1-14-chapter-2-part-6-the-budget-policy.pdf	http://democracy.broxtowe.gov.uk/documents/s42627/1-14-chapter-2-part-6-the-budget-policy-framework-procedure.pdf	Broxtowe	1.14 Chapter 2 Part 6 The Budget Policy Framework Procedure Rules	normal
S12000006-dumfries-and-galloway-2026-05-13-nithsdale-area-committee-76131-nac-discretionary-budget-2026-27-report.pdf	http://DumfriesGalloway.moderngov.co.uk/documents/s76131/nac-discretionary-budget-2026-27-report.pdf	Dumfries and Galloway	NAC Discretionary Budget 2026-27 - Report	normal
S12000006-dumfries-and-galloway-2026-05-13-nithsdale-area-committee-76132-nac-discretionary-budget-2026-27-appendi.pdf	http://DumfriesGalloway.moderngov.co.uk/documents/s76132/nac-discretionary-budget-2026-27-appendix-1-strategic-framew.pdf	Dumfries and Galloway	NAC Discretionary Budget 2026-27 -Appendix 1 -Strategic Framework	normal
S12000006-dumfries-and-galloway-2026-05-13-nithsdale-area-committee-76133-nac-discretionary-budget-2026-27-appendi.pdf	http://DumfriesGalloway.moderngov.co.uk/documents/s76133/nac-discretionary-budget-2026-27-appendix-2-key-priorities.pdf	Dumfries and Galloway	NAC Discretionary Budget 2026-27 -Appendix 2 Key priorities	normal
S12000006-dumfries-and-galloway-2026-05-13-nithsdale-area-committee-76166-nac-discretionary-budget-2026-27-appendi.pdf	http://DumfriesGalloway.moderngov.co.uk/documents/s76166/nac-discretionary-budget-2026-27-appendix-3-process-and-crit.pdf	Dumfries and Galloway	NAC Discretionary Budget 2026-27 -Appendix 3 Process and Criteria	normal
S12000006-dumfries-and-galloway-2026-05-13-nithsdale-area-committee-76135-nac-discretionary-budget-2026-27-appendi.pdf	http://DumfriesGalloway.moderngov.co.uk/documents/s76135/nac-discretionary-budget-2026-27-appendix-4-twinning-proposa.pdf	Dumfries and Galloway	NAC Discretionary Budget 2026-27 -Appendix 4 Twinning Proposal	normal
E07000242-east-hertfordshire-2026-05-13-constitution-70135-section-13-budget-and-policy-framework-p.pdf	https://democracy.eastherts.gov.uk/documents/s70135/section-13-budget-and-policy-framework-procedure-rules.pdf	East Hertfordshire	Section 13 - Budget and Policy Framework Procedure Rules	normal
S12000034-aberdeenshire-2026-05-12-buchan-area-committee-44047-appendix-e-2026-27-allocated-budget-road.pdf	https://Aberdeenshire.moderngov.co.uk/documents/s44047/appendix-e-2026-27-allocated-budget-roads.pdf	Aberdeenshire	Appendix E – 2026-27 Allocated Budget – Roads	normal
S12000034-aberdeenshire-2026-05-12-buchan-area-committee-44051-appendix-i-2026-27-allocated-budget-brid.pdf	https://Aberdeenshire.moderngov.co.uk/documents/s44051/appendix-i-2026-27-allocated-budget-bridges.pdf	Aberdeenshire	Appendix I – 2026-27 Allocated Budget - Bridges	normal
S12000034-aberdeenshire-2026-05-12-buchan-area-committee-44053-appendix-k-2026-27-allocated-budget-and.pdf	https://Aberdeenshire.moderngov.co.uk/documents/s44053/appendix-k-2026-27-allocated-budget-and-prioritised-list-flo.pdf	Aberdeenshire	Appendix K – 2026-27 Allocated Budget and Prioritised list - Flood Risk and Coast Protection	normal
S12000034-aberdeenshire-2026-05-12-garioch-area-committee-43961-appendix-e-2026-27-allocated-budget-road.pdf	https://Aberdeenshire.moderngov.co.uk/documents/s43961/appendix-e-2026-27-allocated-budget-roads.pdf	Aberdeenshire	Appendix E – 2026-27 Allocated Budget – Roads	normal
S12000034-aberdeenshire-2026-05-12-garioch-area-committee-43965-appendix-i-2026-27-allocated-budget-brid.pdf	https://Aberdeenshire.moderngov.co.uk/documents/s43965/appendix-i-2026-27-allocated-budget-bridges.pdf	Aberdeenshire	Appendix I – 2026-27 Allocated Budget - Bridges	normal
S12000034-aberdeenshire-2026-05-12-garioch-area-committee-43968-appendix-k-2026-27-allocated-budget-and.pdf	https://Aberdeenshire.moderngov.co.uk/documents/s43968/appendix-k-2026-27-allocated-budget-and-prioritised-list-flo.pdf	Aberdeenshire	Appendix K – 2026-27 Allocated Budget and Prioritised list - Flood Risk and Coast Protection	normal
mg113-aberdeen-2026-05-12-integration-joint-board-178602-ijb-170326-budget-minute-final.pdf	https://Aberdeen.moderngov.co.uk/documents/s178602/ijb-170326-budget-minute-final.pdf	Aberdeen	IJB 170326 BUDGET Minute FINAL	normal
E06000063-cumberland-2026-05-12-constitution-25621-part-3-section-4-budget-and-policy-frame.pdf	https://Cumberland.moderngov.co.uk/documents/s25621/part-3-section-4-budget-and-policy-framework-procedure-rules.pdf	Cumberland	Part 3, Section 4 - Budget and Policy Framework Procedure Rules	normal
E07000181-west-oxfordshire-2026-05-11-constitution-16765-part-5f-budget-and-policy-rules.pdf	https://meetings.westoxon.gov.uk/documents/s16765/part-5f-budget-and-policy-rules.pdf	West Oxfordshire	Part 5F - Budget and Policy Rules	normal
S12000006-dumfries-and-galloway-2026-05-06-wigtownshire-area-committe-76022-06-05-2026-wac-dis-budget-2026-2027-fina.pdf	http://DumfriesGalloway.moderngov.co.uk/documents/s76022/06-05-2026-wac-dis-budget-2026-2027-final-report.pdf	Dumfries and Galloway	06.05.2026 WAC Dis Budget 2026 - 2027 - Final Report	normal
S12000006-dumfries-and-galloway-2026-05-06-wigtownshire-area-committe-76023-06-05-2026-wac-dis-budget-2026-2027-app.pdf	http://DumfriesGalloway.moderngov.co.uk/documents/s76023/06-05-2026-wac-dis-budget-2026-2027-app-1.pdf	Dumfries and Galloway	06.05.2026 WAC Dis Budget 2026 - 2027 - App 1	normal
S12000006-dumfries-and-galloway-2026-05-06-wigtownshire-area-committe-76024-06-05-2026-wac-dis-budget-2026-2027-app.pdf	http://DumfriesGalloway.moderngov.co.uk/documents/s76024/06-05-2026-wac-dis-budget-2026-2027-app-2.pdf	Dumfries and Galloway	06.05.2026 WAC Dis Budget 2026 - 2027 - App 2	normal
S12000034-aberdeenshire-2026-05-05-banff-and-buchan-area-comm-43739-appendix-f-2026-27-allocated-budget-road.pdf	https://Aberdeenshire.moderngov.co.uk/documents/s43739/appendix-f-2026-27-allocated-budget-roads.pdf	Aberdeenshire	Appendix F – 2026-27 Allocated Budget – Roads	normal
S12000034-aberdeenshire-2026-05-05-banff-and-buchan-area-comm-43743-appendix-j-2026-27-allocated-budget-brid.pdf	https://Aberdeenshire.moderngov.co.uk/documents/s43743/appendix-j-2026-27-allocated-budget-bridges.pdf	Aberdeenshire	Appendix J – 2026-27 Allocated Budget - Bridges	normal
S12000034-aberdeenshire-2026-05-05-banff-and-buchan-area-comm-43745-appendix-l-2026-27-allocated-budget-and.pdf	https://Aberdeenshire.moderngov.co.uk/documents/s43745/appendix-l-2026-27-allocated-budget-and-prioritised-list-flo.pdf	Aberdeenshire	Appendix L – 2026-27 Allocated Budget and Prioritised list - Flood Risk and Coast Protection	normal
S12000034-aberdeenshire-2026-05-05-banff-and-buchan-area-comm-43746-appendix-m-2026-27-allocated-budget-and.pdf	https://Aberdeenshire.moderngov.co.uk/documents/s43746/appendix-m-2026-27-allocated-budget-and-prioritised-list-har.pdf	Aberdeenshire	Appendix M – 2026-27 Allocated Budget and Prioritised List - Harbours	normal
S12000034-aberdeenshire-2026-05-05-marr-area-committee-43720-appendix-e-2026-27-allocated-budget-road.pdf	https://Aberdeenshire.moderngov.co.uk/documents/s43720/appendix-e-2026-27-allocated-budget-roads.pdf	Aberdeenshire	Appendix E – 2026-27 Allocated Budget – Roads	normal
S12000034-aberdeenshire-2026-05-05-marr-area-committee-43724-appendix-i-2026-27-allocated-budget-brid.pdf	https://Aberdeenshire.moderngov.co.uk/documents/s43724/appendix-i-2026-27-allocated-budget-bridges.pdf	Aberdeenshire	Appendix I – 2026-27 Allocated Budget - Bridges	normal
S12000034-aberdeenshire-2026-05-05-marr-area-committee-43726-appendix-k-2026-27-allocated-budget-and.pdf	https://Aberdeenshire.moderngov.co.uk/documents/s43726/appendix-k-2026-27-allocated-budget-and-prioritised-list-flo.pdf	Aberdeenshire	Appendix K – 2026-27 Allocated Budget and Prioritised list - Flood Risk and Coast Protection	normal
E07000087-fareham-2026-05-01-constitution-46905-the-constitution-part-three-chapter-4-bu.pdf	https://moderngov.fareham.gov.uk/documents/s46905/the-constitution-part-three-chapter-4-budget-and-policy-fram.pdf	Fareham	The Constitution - Part Three - Chapter 4 - Budget and Policy Framework Rules	normal
E07000087-fareham-2026-05-01-constitution-46907-the-constitution-part-three-chapter-6-ur.pdf	https://moderngov.fareham.gov.uk/documents/s46907/the-constitution-part-three-chapter-6-urgent-decisions-outsi.pdf	Fareham	The Constitution - Part Three - Chapter 6 - Urgent decisions outside the Policy Framework and or budget	normal
mg457-saltash-2026-04-30-services-committee-18759-6-service-delivery-budget-march-2026.pdf	https://modern.saltash.gov.uk/documents/s18759/6-service-delivery-budget-march-2026.pdf	Saltash	6. Service Delivery Budget - March 2026	normal
mg457-saltash-2026-04-30-services-committee-18760-6-guildhall-budget-march-2026.pdf	https://modern.saltash.gov.uk/documents/s18760/6-guildhall-budget-march-2026.pdf	Saltash	6. Guildhall Budget - March 2026	normal
mg457-saltash-2026-04-30-services-committee-18761-6-library-budget-march-2026.pdf	https://modern.saltash.gov.uk/documents/s18761/6-library-budget-march-2026.pdf	Saltash	6. Library Budget - March 2026	normal
mg457-saltash-2026-04-30-services-committee-18762-6-station-budget-march-2026.pdf	https://modern.saltash.gov.uk/documents/s18762/6-station-budget-march-2026.pdf	Saltash	6. Station Budget - March 2026	normal
mg457-saltash-2026-04-30-services-committee-18763-6-maurice-huggins-budget-march-2026.pdf	https://modern.saltash.gov.uk/documents/s18763/6-maurice-huggins-budget-march-2026.pdf	Saltash	6. Maurice Huggins Budget - March 2026	normal
mg457-saltash-2026-04-28-burial-authority-committee-18734-6-burial-authority-budget-march-2026.pdf	https://modern.saltash.gov.uk/documents/s18734/6-burial-authority-budget-march-2026.pdf	Saltash	6. Burial Authority Budget - March 2026	normal
W06000020-torfaen-2026-04-28-local-pension-board-77470-agenda-item-12-pension-fund-budget-2026.pdf	https://Torfaen.moderngov.co.uk/documents/s77470/agenda-item-12-pension-fund-budget-2026-2027-final.pdf	Torfaen	Agenda Item 12 - Pension Fund Budget 2026-2027 Final	normal
mg362-mid-and-west-wales-fir-2026-04-27-local-pension-board-7511-lpb-local-pension-board-budget.pdf	https://midwestwalesfire.moderngov.co.uk/documents/s7511/lpb-local-pension-board-budget.pdf	Mid and West Wales Fire	LPB Local Pension Board Budget	normal
E10000025-oxfordshire-2026-04-24-local-pension-board-81419-20260306r07-annual-business-plan-and-bud.pdf	https://mycouncil.oxfordshire.gov.uk/documents/s81419/20260306r07-annual-business-plan-and-budget-march-2026-06-03.pdf	Oxfordshire	20260306R07 Annual Business Plan and Budget - March 2026, 06/03/2026 Pension Fund Committee	normal
E07000078-cheltenham-2026-04-20-constitution-49308-part-4g-budget-and-policy-framework-rule.pdf	https://democracy.cheltenham.gov.uk/documents/s49308/part-4g-budget-and-policy-framework-rules-accessible.pdf	Cheltenham	Part 4G - Budget and Policy Framework Rules - accessible	normal
S12000034-aberdeenshire-2026-04-16-communities-committee-42849-appendix-3-proposed-budget-allocation-fo.pdf	https://Aberdeenshire.moderngov.co.uk/documents/s42849/appendix-3-proposed-budget-allocation-for-2026-27.pdf	Aberdeenshire	Appendix 3 – Proposed budget allocation for 2026/27	normal
mg19-bromsgrove-2026-04-14-constitution-66665-10-budget-policy-framework-procedure-rul.pdf	https://moderngovwebpublic.bromsgrove.gov.uk/documents/s66665/10-budget-policy-framework-procedure-rules-reviewed-may-2015.pdf	Bromsgrove	10 Budget Policy Framework Procedure Rules reviewed May 2015	normal
E06000023-city-of-bristol-2026-04-13-constitution-125440-part-4-3-policy-and-budget-framework-pro.pdf	https://Democracy.Bristol.gov.uk/documents/s125440/part-4-3-policy-and-budget-framework-procedure-rules-may-202.pdf	City of Bristol	Part 4.3 - Policy and Budget Framework Procedure Rules - May 2024	normal
mg102-redditch-2026-04-09-constitution-58002-08-budget-and-policy-framework-rbc-2013.pdf	http://moderngovwebpublic.redditchbc.gov.uk/documents/s58002/08-budget-and-policy-framework-rbc-2013.pdf	Redditch	08 Budget and Policy Framework RBC 2013	normal
mg474-barnstaple-2026-04-08-environment-committee-5466-environment-budget-report-march.pdf	https://BarnstapleTownCouncil.moderngov.co.uk/documents/s5466/environment-budget-report-march.pdf	Barnstaple	Environment Budget Report March	normal
mg474-barnstaple-2026-04-08-environment-committee-5469-rock-park-budget-report-march.pdf	https://BarnstapleTownCouncil.moderngov.co.uk/documents/s5469/rock-park-budget-report-march.pdf	Barnstaple	Rock Park Budget Report March	normal
E10000007-derbyshire-2026-04-01-constitution-32859-appendix-7-budget-and-policy-framework-p.pdf	https://democracy.derbyshire.gov.uk/documents/s32859/appendix-7-budget-and-policy-framework-procedure-rules-updat.pdf	Derbyshire	Appendix 7 - Budget and Policy Framework Procedure Rules (UPDATE 3)	normal
E09000016-havering-2026-04-01-constitution-38621-part-4-2-budget-and-policy-framework-pro.pdf	https://democracy.havering.gov.uk/documents/s38621/part-4-2-budget-and-policy-framework-procedure-rules.pdf	Havering	Part 4.2 - Budget and policy framework procedure rules	normal
E07000211-reigate-and-banstead-2026-04-01-constitution-41512-29-part-4-procedure-rule-6-policy-framew.pdf	https://REIGATE-BANSTEAD.moderngov.co.uk/documents/s41512/29-part-4-procedure-rule-6-policy-framework-and-budget.pdf	Reigate and Banstead	29 Part 4 - Procedure Rule 6 - Policy Framework and Budget	normal
E07000141-south-kesteven-2026-04-01-constitution-50761-part-4-3-budget-and-policy-framework-pro.pdf	https://southkesteven.moderngov.co.uk/documents/s50761/part-4-3-budget-and-policy-framework-procedure-rules.pdf	South Kesteven	Part 4(3) Budget and Policy Framework Procedure Rules	normal
mg102-redditch-2026-03-31-shareholders-committee-57858-covering-report-budget-report.pdf	http://moderngovwebpublic.redditchbc.gov.uk/documents/s57858/covering-report-budget-report.pdf	Redditch	Covering Report - Budget Report	normal
E09000012-hackney-2026-03-30-pensions-committee-97656-pc-30-march-2026-appendix-3-2026-27-lppa.pdf	https://Hackney.moderngov.co.uk/documents/s97656/pc-30-march-2026-appendix-3-2026-27-lppa-budget-proposal-for.pdf	Hackney	PC 30 March 2026 Appendix 3 2026_27 LPPA Budget Proposal for Hackney Pension Admin service .pptx (1)	normal
W06000020-torfaen-2026-03-30-pensions-committee-77152-agenda-item-10-pension-fund-budget-2026.pdf	https://Torfaen.moderngov.co.uk/documents/s77152/agenda-item-10-pension-fund-budget-2026-2027-final.pdf	Torfaen	Agenda Item 10 - Pension Fund Budget 2026-2027 Final	normal
E07000224-arun-2026-03-27-constitution-24215-part-6-opr-section-2-budget-policy-frame.pdf	https://democracy.arun.gov.uk/documents/s24215/part-6-opr-section-2-budget-policy-framework-rules.pdf	Arun	PART 6 - OPR - Section 2 Budget & Policy Framework Rules	normal
S12000006-dumfries-and-galloway-2026-03-27-south-west-of-scotland-tra-75404-draft-revenue-budget-2627.pdf	http://DumfriesGalloway.moderngov.co.uk/documents/s75404/draft-revenue-budget-2627.pdf	Dumfries and Galloway	Draft Revenue Budget 2627	normal
E47000009-west-of-england-2026-03-27-joint-meeting-west-of-engl-11242-item-08-mca-and-mayoral-budget-forecast.pdf	http://westofengland-ca.moderngov.co.uk/documents/s11242/item-08-mca-and-mayoral-budget-forecast-2025-26.pdf	West of England	Item 08 - MCA and Mayoral Budget Forecast 2025-26	normal
E47000009-west-of-england-2026-03-27-joint-meeting-west-of-engl-11250-item-14-joint-committee-budget-and-chang.pdf	http://westofengland-ca.moderngov.co.uk/documents/s11250/item-14-joint-committee-budget-and-change-requests-2025-26-j.pdf	West of England	Item 14 - Joint Committee Budget and Change Requests 2025-26 (JC)	normal
E08000018-rotherham-2026-03-27-rotherham-schools-forum-157478-agenda-item-7-2025-26-schools-dsg-budget.pdf	https://moderngov.rotherham.gov.uk/documents/s157478/agenda-item-7-2025-26-schools-dsg-budget-update-mar-26.pdf	Rotherham	AGENDA ITEM 7 - 2025-26 Schools DSG Budget Update (Mar 26)	normal
E08000018-rotherham-2026-03-27-rotherham-schools-forum-157485-agenda-item-8-2026-27-high-needs-budget.pdf	https://moderngov.rotherham.gov.uk/documents/s157485/agenda-item-8-2026-27-high-needs-budget-funding-arrangements.pdf	Rotherham	AGENDA ITEM 8 - 2026-27 High Needs Budget Funding Arrangements	normal
mg288-bedfordshire-fire-and-2026-03-26-fire-and-rescue-authority-7404-item-18e-budget-workshop-work-programme.pdf	http://BedsFireResAuth.moderngov.co.uk/documents/s7404/item-18e-budget-workshop-work-programme.pdf	Bedfordshire Fire and Rescue	Item 18e Budget Workshop Work Programme	normal
S12000034-aberdeenshire-2026-03-26-education-and-children-s-s-42657-education-and-children-s-services-sustai.pdf	https://Aberdeenshire.moderngov.co.uk/documents/s42657/education-and-children-s-services-sustainability-carbon-budg.pdf	Aberdeenshire	Education and Children's Services Sustainability Carbon Budget - six-monthly update - March 2026	normal
S12000034-aberdeenshire-2026-03-26-education-and-children-s-s-42658-appendix-1-education-and-children-s-serv.pdf	https://Aberdeenshire.moderngov.co.uk/documents/s42658/appendix-1-education-and-children-s-services-carbon-budget-s.pdf	Aberdeenshire	Appendix 1 - Education and Children's Services Carbon Budget six-monthly update	normal
E10000028-staffordshire-2026-03-26-schools-forum-206191-7-schools-budget-2026-27.pdf	https://Staffordshire.moderngov.co.uk/documents/s206191/7-schools-budget-2026-27.pdf	Staffordshire	7. Schools Budget 2026-27	normal
E10000028-staffordshire-2026-03-26-schools-forum-206192-7-1-schools-budget-2026-27-appendix-1.pdf	https://Staffordshire.moderngov.co.uk/documents/s206192/7-1-schools-budget-2026-27-appendix-1.pdf	Staffordshire	7.1 Schools Budget 2026-27 Appendix 1	normal
mg474-barnstaple-2026-03-25-staffing-committee-5437-monthly-2025-26-budget-variance-report-t.pdf	https://BarnstapleTownCouncil.moderngov.co.uk/documents/s5437/monthly-2025-26-budget-variance-report-to-feb-2026-for-ctee.pdf	Barnstaple	Monthly 2025-26 Budget Variance Report - to Feb 2026 for Ctee	normal
E08000015-wirral-2026-03-26-wirral-place-based-partner-50138746-wirral-place-finance-and-pooled-budget-r.pdf	https://democracy.wirral.gov.uk/documents/s50138746/wirral-place-finance-and-pooled-budget-report-m10-jan-2026-f.pdf	Wirral	Wirral Place Finance and Pooled Budget Report M10 Jan 2026 FINAL	normal
mg5-argyll-and-bute-2026-03-25-argyll-and-bute-hscp-integ-229493-hscp-budget-2026-27-cover-report.pdf	http://www.argyll-bute.gov.uk/moderngov/documents/s229493/hscp-budget-2026-27-cover-report.pdf	Argyll and Bute	HSCP Budget 2026_27 Cover Report	normal
mg5-argyll-and-bute-2026-03-25-argyll-and-bute-hscp-integ-229491-hscp-budget-2026-27-appendix-1-a.pdf	http://www.argyll-bute.gov.uk/moderngov/documents/s229491/hscp-budget-2026-27-appendix-1-a.pdf	Argyll and Bute	HSCP Budget 2026_27 Appendix 1(a)	normal
mg5-argyll-and-bute-2026-03-25-argyll-and-bute-hscp-integ-229492-hscp-budget-2026-27-appendix-1-b.pdf	http://www.argyll-bute.gov.uk/moderngov/documents/s229492/hscp-budget-2026-27-appendix-1-b.pdf	Argyll and Bute	HSCP Budget 2026_27 Appendix 1(b)	normal
mg5-argyll-and-bute-2026-03-25-argyll-and-bute-hscp-integ-229504-hscp-budget-2026-27-appendix-2.pdf	http://www.argyll-bute.gov.uk/moderngov/documents/s229504/hscp-budget-2026-27-appendix-2.pdf	Argyll and Bute	HSCP Budget 2026_27 Appendix 2	normal
mg5-argyll-and-bute-2026-03-25-argyll-and-bute-hscp-integ-229512-hscp-budget-2026-27-appendix-3.pdf	http://www.argyll-bute.gov.uk/moderngov/documents/s229512/hscp-budget-2026-27-appendix-3.pdf	Argyll and Bute	HSCP Budget 2026_27 Appendix 3	normal
S12000036-city-of-edinburgh-2026-03-25-pensions-committee-96277-6-1-lpf-strategy-business-plan-and-budge.pdf	https://democracy.edinburgh.gov.uk/documents/s96277/6-1-lpf-strategy-business-plan-and-budget-2026.pdf	City of Edinburgh	6.1 LPF Strategy, Business Plan and Budget 2026	normal
mg482-rbkc-royal-borough-of-2026-03-25-leadership-team-32502-appendix-4-original-budget-to-revised-bu.pdf	https://www.rbkc.gov.uk/Committees/documents/s32502/appendix-4-original-budget-to-revised-budget-reconciliation.pdf	RBKC - Royal Borough of Kensington and Chelsea	Appendix 4 - Original Budget to Revised Budget Reconciliation	normal
E07000181-west-oxfordshire-2026-03-25-constitution-16650-part-5f-budget-and-policy-rules.pdf	https://meetings.westoxon.gov.uk/documents/s16650/part-5f-budget-and-policy-rules.pdf	West Oxfordshire	Part 5F - Budget and Policy Rules	normal
E09000031-waltham-forest-2026-03-25-pension-committee-107597-performance-report-management-expenses-a.pdf	https://democracy.walthamforest.gov.uk/documents/s107597/performance-report-management-expenses-and-draft-budget-2026.pdf	Waltham Forest	Performance Report, Management Expenses and Draft Budget 2026-27 March 26	normal
E09000019-islington-2026-03-24-pensions-board-44628-appdx1-3yrs-budget-and-cashflow-2627v1.pdf	https://islington.moderngov.co.uk/documents/s44628/appdx1-3yrs-budget-and-cashflow-2627v1.pdf	Islington	Appdx1- 3yrs Budget and cashflow 2627v1	normal
E47000002-south-yorkshire-mayora-2026-03-24-mayoral-combined-authority-20943-20-i-appendix-a-budget-detail.pdf	https://southyorkshire-ca.moderngov.co.uk/documents/s20943/20-i-appendix-a-budget-detail.pdf	South Yorkshire Mayoral Combined Authority	20.i. Appendix A - Budget Detail	normal
E47000002-south-yorkshire-mayora-2026-03-24-mayoral-combined-authority-20945-20-iii-appendix-c-syftl-budget-revision.pdf	https://southyorkshire-ca.moderngov.co.uk/documents/s20945/20-iii-appendix-c-syftl-budget-revision.pdf	South Yorkshire Mayoral Combined Authority	20.iii. Appendix C - SYFTL Budget Revision	normal
E47000002-south-yorkshire-mayora-2026-03-24-mayoral-combined-authority-20946-20-iv-appendix-d-syftl-budget-2026-27.pdf	https://southyorkshire-ca.moderngov.co.uk/documents/s20946/20-iv-appendix-d-syftl-budget-2026-27.pdf	South Yorkshire Mayoral Combined Authority	20.iv. Appendix D - SYFTL Budget 2026-27	normal
E47000002-south-yorkshire-mayora-2026-03-24-mayoral-combined-authority-20947-20-v-appendix-e-police-budget-2026-27.pdf	https://southyorkshire-ca.moderngov.co.uk/documents/s20947/20-v-appendix-e-police-budget-2026-27.pdf	South Yorkshire Mayoral Combined Authority	20.v. Appendix E - Police Budget 2026-27	normal
E07000099-north-hertfordshire-2026-03-23-baldock-and-villages-commu-30513-appendix-1-baldock-villages-community-gr.pdf	https://democracy.north-herts.gov.uk/documents/s30513/appendix-1-baldock-villages-community-grant-budget-25-26.pdf	North Hertfordshire	Appendix 1. Baldock & Villages Community Grant Budget 25-26	normal
mg415-witney-town-council-2026-03-23-stronger-communities-18382-260324-annual-budget-sc.pdf	http://democracy.witney-tc.gov.uk/documents/s18382/260324-annual-budget-sc.pdf	Witney Town Council	260324 Annual Budget - SC	normal
E10000017-lancashire-2026-03-20-pension-fund-committee-274040-pension-fund-strategic-plan-2026-29-and.pdf	https://council.lancashire.gov.uk/documents/s274040/pension-fund-strategic-plan-2026-29-and-budget-2026-27.pdf	Lancashire	Pension Fund Strategic Plan 2026-29 and Budget 2026-27	normal
S12000034-aberdeenshire-2026-03-19-infrastructure-services-co-42093-appendix-3-isc-budget-risk-register-2025.pdf	https://Aberdeenshire.moderngov.co.uk/documents/s42093/appendix-3-isc-budget-risk-register-2025-26.pdf	Aberdeenshire	Appendix 3 - ISC Budget Risk Register 2025/26	normal
S12000045-east-dunbartonshire-2026-03-19-health-and-social-care-par-16081-item-8-financial-planning-and-budget-set.pdf	https://EastDunbarton.moderngov.co.uk/mgConvert2PDF.aspx?ID=16081	East Dunbartonshire	Item 8. Financial Planning and Budget Setting 2026-27	normal
S12000045-east-dunbartonshire-2026-03-19-health-and-social-care-par-16082-item-8a-app1-2026-27-scottish-government.pdf	https://EastDunbarton.moderngov.co.uk/mgConvert2PDF.aspx?ID=16082	East Dunbartonshire	Item 8a. App1 2026-27 - Scottish Government Budget Letter - NHS	normal
S12000045-east-dunbartonshire-2026-03-19-health-and-social-care-par-16083-item-8b-app2-2026-27-scottish-government.pdf	https://EastDunbarton.moderngov.co.uk/mgConvert2PDF.aspx?ID=16083	East Dunbartonshire	Item 8b. App2 2026-27 Scottish Government Budget Letter - Local Government	normal
S12000045-east-dunbartonshire-2026-03-19-health-and-social-care-par-16084-item-8c-app-3-nhs-26-27-initial-budget-l.pdf	https://EastDunbarton.moderngov.co.uk/mgConvert2PDF.aspx?ID=16084	East Dunbartonshire	Item 8c. App 3 NHS 26-27 Initial Budget Letter	normal
S12000045-east-dunbartonshire-2026-03-19-health-and-social-care-par-16085-item-8d-app-4-2026-27-hscp-budget-consul.pdf	https://EastDunbarton.moderngov.co.uk/mgConvert2PDF.aspx?ID=16085	East Dunbartonshire	Item 8d. App 4 2026-27 - HSCP Budget Consultation Outcomes	normal
S12000045-east-dunbartonshire-2026-03-19-health-and-social-care-par-16086-item-8e-app-5-hscp-26-27-budget-savings.pdf	https://EastDunbarton.moderngov.co.uk/mgConvert2PDF.aspx?ID=16086	East Dunbartonshire	Item 8e. App 5 HSCP 26-27 Budget Savings Programme	normal
S12000045-east-dunbartonshire-2026-03-19-health-and-social-care-par-16089-item-8h-app8-hscp-directions-template-bu.pdf	https://EastDunbarton.moderngov.co.uk/mgConvert2PDF.aspx?ID=16089	East Dunbartonshire	Item 8h. App8 HSCP Directions Template Budget 2026-27	normal
E09000019-islington-2026-07-30-executive-47870-committee-report-treasury-full-year-2026.pdf	https://islington.moderngov.co.uk/documents/s47870/committee-report-treasury-full-year-2026-lis.pdf	Islington	Committee report Treasury Full Year 2026 LIs	normal
E07000108-dover-2026-07-29-governance-committee-67827-draft-annex-1b-prudential-indicators-fy.pdf	https://moderngov.dover.gov.uk/documents/s67827/draft-annex-1b-prudential-indicators-fy-2025-26.pdf	Dover	Draft Annex 1B - Prudential-Indicators FY 2025-26	normal
E09000008-croydon-2026-07-29-cabinet-72218-210726-financial-strategy-2027-30-final.pdf	https://democracy.croydon.gov.uk/documents/s72218/210726-financial-strategy-2027-30-final.pdf	Croydon	210726_Financial Strategy 2027-30 final	normal
E07000114-thanet-2026-07-29-governance-audit-committee-96943-annex-1-treasury-investments-as-at-30-ju.pdf	https://Thanet.moderngov.co.uk/documents/s96943/annex-1-treasury-investments-as-at-30-june-2026-google-docs.pdf	Thanet	Annex 1_ Treasury Investments as at 30 June 2026 - Google Docs	normal
E08000008-tameside-2026-07-29-executive-cabinet-209401-appendix-4-treasury-management.pdf	https://tameside.moderngov.co.uk/documents/s209401/appendix-4-treasury-management.pdf	Tameside	Appendix. 4 - Treasury Management	normal
E07000079-cotswold-2026-07-27-audit-governance-committee-16367-cdc-treasury-outtturn-2025-2026-v3-final.pdf	https://meetings.cotswold.gov.uk/documents/s16367/cdc-treasury-outtturn-2025-2026-v3-final.pdf	Cotswold	CDC Treasury Outtturn 2025_2026 v3 FINAL	normal
E06000063-cumberland-2026-07-27-audit-and-risk-committee-56993-risk-management-progress-report-appendix.pdf	https://Cumberland.moderngov.co.uk/documents/s56993/risk-management-progress-report-appendix-1-risk-in-focus-rev.pdf	Cumberland	Risk Management Progress Report - Appendix 1 Risk in Focus Review - SRR-08 Financial Sustainability - Review Schedule 02 Period 02	normal
E07000076-tendring-2026-07-24-cabinet-82607-a2-appendix-a-treasury-performance-2025.pdf	https://tdcdemocracy.tendringdc.gov.uk/documents/s82607/a2-appendix-a-treasury-performance-2025-26.pdf	Tendring	A2 Appendix A - Treasury Performance 2025-26	normal
E07000107-dartford-2026-07-23-cabinet-82174-revenue-budgetmonitoring-2026-27.pdf	https://Dartford.moderngov.co.uk/documents/s82174/revenue-budgetmonitoring-2026-27.pdf	Dartford	Revenue BudgetMonitoring 2026-27	normal
E07000133-melton-2026-07-23-council-32194-appendix-a-annual-treasury-management-re.pdf	https://democracy.melton.gov.uk/documents/s32194/appendix-a-annual-treasury-management-review-2025-26.pdf	Melton	Appendix A – Annual Treasury Management Review 2025/26	normal
E08000022-north-tyneside-2026-07-23-council-37374-3a-report-s151-officer.pdf	http://democracy.northtyneside.gov.uk/documents/s37374/3a-report-s151-officer.pdf	North Tyneside	3a. Report - S151 Officer	normal
E09000030-tower-hamlets-2026-07-23-audit-committee-273947-appendix-1-costs-forecasts-against-budge.pdf	https://TowerHamlets.moderngov.co.uk/documents/s273947/appendix-1-costs-forecasts-against-budgets.pdf	Tower Hamlets	Appendix 1 - Costs forecasts against budgets	normal
E08000038-barnsley-2026-07-22-audit-and-governance-commi-136555-6c-end-of-year-report-on-treasury-manage.pdf	https://barnsleymbc.moderngov.co.uk/documents/s136555/6c-end-of-year-report-on-treasury-management-activities-2025.pdf	Barnsley	6c. End of Year Report on Treasury Management Activities 202526	normal
E08000038-barnsley-2026-07-22-audit-and-governance-commi-136556-6c-appendices-for-end-of-year-report-on.pdf	https://barnsleymbc.moderngov.co.uk/documents/s136556/6c-appendices-for-end-of-year-report-on-treasury-management.pdf	Barnsley	6c. Appendices for End of Year Report on Treasury Management Activities 202526	normal
mg57-greenwich-2026-07-21-audit-and-risk-management-20258-appendix-a-treasury-management-indicator.pdf	https://committees.royalgreenwich.gov.uk/documents/s20258/appendix-a-treasury-management-indicators-and-limits.pdf	Greenwich	Appendix A Treasury Management Indicators and Limits.	normal
E10000015-hertfordshire-2026-07-21-county-council-77272-260721-15-interim-s151-officer-and-direc.pdf	https://democracy.hertfordshire.gov.uk/documents/s77272/260721-15-interim-s151-officer-and-director-of-finance.pdf	Hertfordshire	260721 15 Interim s151 Officer and Director of Finance	normal
E07000107-dartford-2026-07-20-cabinet-advisory-panel-a-82161-revenue-budgetmonitoring-2026-27.pdf	https://Dartford.moderngov.co.uk/documents/s82161/revenue-budgetmonitoring-2026-27.pdf	Dartford	Revenue BudgetMonitoring 2026-27	normal
E07000084-basingstoke-and-deane-2026-07-16-council-500004338-appointment-of-interim-section-151-offic.pdf	https://democracy.basingstoke.gov.uk/documents/s500004338/appointment-of-interim-section-151-officer.pdf	Basingstoke and Deane	Appointment of Interim Section 151 Officer	normal
E07000099-north-hertfordshire-2026-07-16-council-31596-6b-cabinet-treasury-management-review.pdf	https://democracy.north-herts.gov.uk/documents/s31596/6b-cabinet-treasury-management-review.pdf	North Hertfordshire	6B - Cabinet - Treasury Management Review	normal
E09000031-waltham-forest-2026-07-16-council-110027-2025-26-annual-treasury-management-revie.pdf	https://democracy.walthamforest.gov.uk/documents/s110027/2025-26-annual-treasury-management-review-full-council-16th.pdf	Waltham Forest	2025-26 - Annual Treasury Management Review -( Full Council) 16th July 2026	normal
E09000031-waltham-forest-2026-07-16-council-110028-2025-26-appendix-1-annual-treasury-manag.pdf	https://democracy.walthamforest.gov.uk/documents/s110028/2025-26-appendix-1-annual-treasury-management-review-full-co.pdf	Waltham Forest	2025-26 Appendix 1 -Annual Treasury Management Review - ( Full Council) 16th July 2026	normal
E08000038-barnsley-2026-07-15-cabinet-136237-treasury-management-review.pdf	https://barnsleymbc.moderngov.co.uk/documents/s136237/treasury-management-review.pdf	Barnsley	Treasury Management Review	normal
mg57-greenwich-2026-07-15-cabinet-20176-appendix-a-treasury-management-indicator.pdf	https://committees.royalgreenwich.gov.uk/documents/s20176/appendix-a-treasury-management-indicators-and-limits.pdf	Greenwich	Appendix A Treasury Management Indicators and Limits.	normal
E07000133-melton-2026-07-15-cabinet-32114-appendix-a-annual-treasury-management-re.pdf	https://democracy.melton.gov.uk/documents/s32114/appendix-a-annual-treasury-management-review-2025-26.pdf	Melton	Appendix A – Annual Treasury Management Review 2025/26	normal
E06000038-reading-2026-07-15-audit-and-governance-commi-40441-annual-treasury-management-review-2025-2.pdf	https://democracy.reading.gov.uk/documents/s40441/annual-treasury-management-review-2025-26.pdf	Reading	Annual Treasury Management Review 2025-26	normal
E08000031-wolverhampton-2026-07-15-council-326441-appendix-5-supplementary-budgets-for-app.pdf	https://wolverhampton.moderngov.co.uk/documents/s326441/appendix-5-supplementary-budgets-for-approval.pdf	Wolverhampton	Appendix 5 - Supplementary budgets for approval	normal
E08000031-wolverhampton-2026-07-15-council-326445-appendix-2-prudential-and-treasury-manag.pdf	https://wolverhampton.moderngov.co.uk/documents/s326445/appendix-2-prudential-and-treasury-management-indicators.pdf	Wolverhampton	Appendix 2 - Prudential and Treasury Management Indicators	normal
E10000007-derbyshire-2026-07-14-audit-committee-35198-appendix-11-corporate-budgets-summary.pdf	https://democracy.derbyshire.gov.uk/documents/s35198/appendix-11-corporate-budgets-summary.pdf	Derbyshire	Appendix 11 Corporate Budgets Summary	normal
E07000089-hart-2026-07-14-overview-and-scrutiny-comm-14440-annual-governance-and-information-compli.pdf	https://Hart.moderngov.co.uk/documents/s14440/annual-governance-and-information-compliance-report-202526-1.pdf	Hart	Annual Governance and Information Compliance Report 202526 (1)	normal
mg68-huntingdonshire-2026-07-14-cabinet-145270-o-s-comments-for-july-cabinet-treasury-m.pdf	http://democracy.huntingdonshire.gov.uk/moderngov/documents/s145270/o-s-comments-for-july-cabinet-treasury-managemnt.pdf	Huntingdonshire	O&S Comments for July Cabinet-Treasury Managemnt	normal
E07000103-watford-2026-07-14-council-54456-appendix-6-key-budgetary-risks-22-06-202.pdf	https://watford.moderngov.co.uk/documents/s54456/appendix-6-key-budgetary-risks-22-06-2026-finance-scrutiny-c.pdf	Watford	Appendix 6 - Key Budgetary Risks, 22/06/2026 Finance Scrutiny Committee, 01/07/2026 Cabinet	normal
E09000024-merton-2026-07-13-cabinet-59216-lbm-treasury-managment-strategy-annual-r.pdf	https://democracy.merton.gov.uk/documents/s59216/lbm-treasury-managment-strategy-annual-review-2025-26-cabine.pdf	Merton	LBM Treasury Managment Strategy Annual Review 2025-26 Cabinet	normal
E10000007-derbyshire-2026-07-09-resources-scrutiny-committ-35086-appendix-11-corporate-budgets-summary.pdf	https://democracy.derbyshire.gov.uk/documents/s35086/appendix-11-corporate-budgets-summary.pdf	Derbyshire	Appendix 11 Corporate Budgets Summary	normal
E06000016-leicester-2026-07-08-overview-select-committee-172739-treasury-management-full-year-review-202.pdf	https://cabinet.leicester.gov.uk/documents/s172739/treasury-management-full-year-review-2025-26-osc.pdf	Leicester	Treasury Management Full Year review 2025 26 OSC	normal
E09000031-waltham-forest-2026-07-08-audit-and-governance-commi-109723-2025-26-annual-treasury-management-revie.pdf	https://democracy.walthamforest.gov.uk/documents/s109723/2025-26-annual-treasury-management-review.pdf	Waltham Forest	2025-26 - Annual Treasury Management Review	normal
E09000031-waltham-forest-2026-07-08-audit-and-governance-commi-109724-2025-26-appendix-1-annual-treasury-manag.pdf	https://democracy.walthamforest.gov.uk/documents/s109724/2025-26-appendix-1-annual-treasury-management-review.pdf	Waltham Forest	2025-26 Appendix 1 -Annual Treasury Management Review	normal
E08000031-wolverhampton-2026-07-08-cabinet-326295-appendix-5-supplementary-budgets-for-app.pdf	https://wolverhampton.moderngov.co.uk/documents/s326295/appendix-5-supplementary-budgets-for-approval.pdf	Wolverhampton	Appendix 5 - Supplementary budgets for approval	normal
E08000031-wolverhampton-2026-07-08-cabinet-326185-appendix-2-prudential-and-treasury-manag.pdf	https://wolverhampton.moderngov.co.uk/documents/s326185/appendix-2-prudential-and-treasury-management-indicators.pdf	Wolverhampton	Appendix 2 - Prudential and Treasury Management Indicators	normal
E07000224-arun-2026-07-02-policy-and-resources-commi-25065-item-18-appendix-a-financial-report-as-o.pdf	https://democracy.arun.gov.uk/documents/s25065/item-18-appendix-a-financial-report-as-of-31st-march-2026.pdf	Arun	Item 18 APPENDIX A - Financial Report as of 31st March 2026	normal
E10000007-derbyshire-2026-07-02-cabinet-35037-appendix-11-corporate-budgets-summary.pdf	https://democracy.derbyshire.gov.uk/documents/s35037/appendix-11-corporate-budgets-summary.pdf	Derbyshire	Appendix 11 Corporate Budgets Summary	normal
mg113-aberdeen-2026-07-01-council-181311-treasury-mgt-year-end-review-25-26-final.pdf	https://Aberdeen.moderngov.co.uk/documents/s181311/treasury-mgt-year-end-review-25-26-final.pdf	Aberdeen	Treasury Mgt Year End Review 25-26 (final)	normal
mg292-cheshire-fire-authorit-2026-07-01-audit-committee-18457-item-7-appedix-1-annual-governance-appen.pdf	https://authority.cheshirefire.gov.uk/documents/s18457/item-7-appedix-1-annual-governance-appendix-1-progress-repor.pdf	Cheshire Fire Authority	Item 7 Appedix 1 - Annual Governance Appendix 1 Progress Report 2025 (003)	normal
E07000088-gosport-2026-07-01-policy-and-organisation-bo-6955-interim-appointment-of-section-151.pdf	https://Gosport.moderngov.co.uk/documents/s6955/interim-appointment-of-section-151.pdf	Gosport	Interim Appointment of Section 151	normal
E07000103-watford-2026-07-01-cabinet-54350-appendix-6-key-budgetary-risks-22-06-202.pdf	https://watford.moderngov.co.uk/documents/s54350/appendix-6-key-budgetary-risks-22-06-2026-finance-scrutiny-c.pdf	Watford	Appendix 6 - Key Budgetary Risks, 22/06/2026 Finance Scrutiny Committee	normal
mg68-huntingdonshire-2026-07-01-overview-and-scrutiny-pane-145078-4-o-s-report-treasury-management-2025-26.pdf	http://democracy.huntingdonshire.gov.uk/moderngov/documents/s145078/4-o-s-report-treasury-management-2025-26.pdf	Huntingdonshire	4. O&S Report Treasury Management 2025-26	normal
E07000174-mansfield-2026-06-30-council-9320-investment-strategy.pdf	https://Mansfield.moderngov.co.uk/documents/s9320/investment-strategy.pdf	Mansfield	Investment Strategy	normal
W06000021-monmouthshire-2026-06-30-performance-and-overview-s-45430-20260630-p-o-scrutiny-financial-update-a.pdf	https://democracy.monmouthshire.gov.uk/documents/s45430/20260630-p-o-scrutiny-financial-update-appx3-budgeted-servic.pdf	Monmouthshire	20260630 P&O Scrutiny - Financial update - Appx3 - Budgeted service savings	normal
E06000040-windsor-and-maidenhead-2026-06-30-cabinet-72422-appendix-e-treasury-management.pdf	https://RBWM.moderngov.co.uk/documents/s72422/appendix-e-treasury-management.pdf	Windsor and Maidenhead	Appendix E - Treasury Management	normal
E07000114-thanet-2026-06-30-governance-audit-committee-96595-g-a-treasury-ye-25-26-google-docs.pdf	https://Thanet.moderngov.co.uk/documents/s96595/g-a-treasury-ye-25-26-google-docs.pdf	Thanet	G&A Treasury YE 25-26 - Google Docs	normal
E07000114-thanet-2026-06-30-governance-audit-committee-96596-treasury-ye-25-26-annex-1-google-docs.pdf	https://Thanet.moderngov.co.uk/documents/s96596/treasury-ye-25-26-annex-1-google-docs.pdf	Thanet	Treasury YE 25-26 Annex 1 - Google Docs	normal
E07000114-thanet-2026-06-30-governance-audit-committee-96597-treasury-ye-25-26-annex-2-google-docs.pdf	https://Thanet.moderngov.co.uk/documents/s96597/treasury-ye-25-26-annex-2-google-docs.pdf	Thanet	Treasury YE 25-26 Annex 2 - Google Docs	normal
E07000114-thanet-2026-06-30-governance-audit-committee-96598-treasury-ye-25-26-annex-3-google-docs.pdf	https://Thanet.moderngov.co.uk/documents/s96598/treasury-ye-25-26-annex-3-google-docs.pdf	Thanet	Treasury YE 25-26 Annex 3 - Google Docs	normal
E07000129-blaby-2026-06-29-cabinet-executive-55401-appendix-a-prudential-and-treasury-indic.pdf	https://democracy.blaby.gov.uk/documents/s55401/appendix-a-prudential-and-treasury-indicators-2025-26.pdf	Blaby	Appendix A – Prudential and Treasury Indicators 2025-26	normal
mg473-avon-fire-and-rescue-2026-06-25-audit-governance-and-overs-5607-draft-annual-governance-and-assurance-st.pdf	https://AvonFire.moderngov.co.uk/documents/s5607/draft-annual-governance-and-assurance-statement-review-2025.pdf	Avon Fire and Rescue	Draft Annual Governance and Assurance Statement Review 2025/26	normal
mg473-avon-fire-and-rescue-2026-06-25-audit-governance-and-overs-5608-appendix-1-draft-annual-governance-and-a.pdf	https://AvonFire.moderngov.co.uk/documents/s5608/appendix-1-draft-annual-governance-and-assurance-statement-2.pdf	Avon Fire and Rescue	Appendix 1 Draft Annual Governance and Assurance Statement 2025/26	normal
E47000008-cambridgeshire-and-pet-2026-06-25-audit-and-governance-commi-7075-appendix-a-performance-against-treasury.pdf	https://cambridgeshirepeterborough-ca.moderngov.co.uk/documents/s7075/appendix-a-performance-against-treasury-management-and-capit.pdf	Cambridgeshire and Peterborough	Appendix A: Performance against Treasury Management and Capital Indicators and Limits	normal
E47000008-cambridgeshire-and-pet-2026-06-25-audit-and-governance-commi-7076-appendix-b-benchmarking-of-the-combined.pdf	https://cambridgeshirepeterborough-ca.moderngov.co.uk/documents/s7076/appendix-b-benchmarking-of-the-combined-authority-s-treasury.pdf	Cambridgeshire and Peterborough	Appendix B: Benchmarking of the Combined Authority’s treasury investment portfolio	normal
E09000008-croydon-2026-06-25-audit-governance-committee-71490-annual-treasury-management-review-2025-2.pdf	https://democracy.croydon.gov.uk/documents/s71490/annual-treasury-management-review-2025-26.pdf	Croydon	Annual Treasury Management Review 2025/26	normal
E07000173-gedling-2026-06-25-cabinet-45226-appendix-2-prudential-and-treasury-manag.pdf	https://democracy.gedling.gov.uk/documents/s45226/appendix-2-prudential-and-treasury-management-indicators-202.pdf	Gedling	Appendix 2 - Prudential and Treasury Management Indicators 2025/26	normal
E06000044-portsmouth-2026-06-25-governance-audit-standards-62991-app-3-annual-governance-review-for-2025.pdf	https://democracy.portsmouth.gov.uk/documents/s62991/app-3-annual-governance-review-for-2025-2026.pdf	Portsmouth	App 3 Annual Governance Review for 2025-2026	normal
mg474-barnstaple-2026-06-22-town-council-meeting-5656-2026-06-22-annual-governance-accountabil.pdf	https://BarnstapleTownCouncil.moderngov.co.uk/documents/s5656/2026-06-22-annual-governance-accountability-return-report.pdf	Barnstaple	2026.06.22 - Annual Governance Accountability Return Report	normal
mg113-aberdeen-2026-06-22-risk-audit-and-performance-180876-ia-assurance-rev-financial-sustainabilit.pdf	https://Aberdeen.moderngov.co.uk/documents/s180876/ia-assurance-rev-financial-sustainability.pdf	Aberdeen	IA Assurance Rev Financial Sustainability	normal
S12000036-city-of-edinburgh-2026-06-22-pensions-audit-sub-committ-100451-6-1-appendix-3-20260622-statement-on-the.pdf	https://democracy.edinburgh.gov.uk/documents/s100451/6-1-appendix-3-20260622-statement-on-the-system-of-internal.pdf	City of Edinburgh	6.1 Appendix 3 20260622 – Statement on the system of internal financial control by Chief Finance Officer	normal
S12000026-the-scottish-borders-2026-06-22-audit-committee-98671-item-no-06-accounts-commission-local-gov.pdf	https://scottishborders.moderngov.co.uk/documents/s98671/item-no-06-accounts-commission-local-govt-budgets-2026-27.pdf	The Scottish Borders	Item No. 06 - Accounts Commission Local Govt Budgets 2026-27	normal
E07000103-watford-2026-06-22-finance-scrutiny-committee-54260-appendix-6-key-budgetary-risks.pdf	https://watford.moderngov.co.uk/documents/s54260/appendix-6-key-budgetary-risks.pdf	Watford	Appendix 6 - Key Budgetary Risks	normal
E08000034-kirklees-2026-06-19-corporate-governance-and-a-72080-annual-report-on-treasury-management-202.pdf	https://democracy.kirklees.gov.uk/documents/s72080/annual-report-on-treasury-management-2025-26.pdf	Kirklees	Annual Report on Treasury Management 2025-26	normal
E07000171-bassetlaw-2026-06-18-council-16979-4a-report-annual-treasury-management-rev.pdf	https://Bassetlaw.moderngov.co.uk/documents/s16979/4a-report-annual-treasury-management-review-2025-26.pdf	Bassetlaw	4a - Report - Annual Treasury Management Review 2025-26	normal
E07000171-bassetlaw-2026-06-18-council-16980-4b-appendix-1-bdc-annual-treasury-manage.pdf	https://Bassetlaw.moderngov.co.uk/documents/s16980/4b-appendix-1-bdc-annual-treasury-management-review-2025-26.pdf	Bassetlaw	4b - Appendix 1 - BDC Annual Treasury Management Review 2025-26	normal
E07000227-horsham-2026-06-17-audit-committee-34188-appendix-d-annual-governance-action-plan.pdf	https://horsham.moderngov.co.uk/documents/s34188/appendix-d-annual-governance-action-plan-2025-26.pdf	Horsham	Appendix D Annual Governance Action Plan 2025 26	normal
E07000041-exeter-2026-06-16-council-105405-treasury-management-2025-26-year-end.pdf	https://modgov.exeter.gov.uk/documents/s105405/treasury-management-2025-26-year-end.pdf	Exeter	Treasury Management -2025-26 - Year End	normal
E07000209-guildford-2026-06-16-overview-scrutiny-committe-44681-item-08-appendix-9u-treasury-management.pdf	https://democracy.guildford.gov.uk/documents/s44681/item-08-appendix-9u-treasury-management-16-june.pdf	Guildford	Item 08 - Appendix 9u Treasury Management 16 June	normal
E07000099-north-hertfordshire-2026-06-16-cabinet-31430-6g-treasury-management-end-of-year-revie.pdf	https://democracy.north-herts.gov.uk/documents/s31430/6g-treasury-management-end-of-year-review-2025-26.pdf	North Hertfordshire	6G - Treasury Management End of Year Review 2025-26	normal
E07000099-north-hertfordshire-2026-06-16-cabinet-31346-treasury-management-end-of-year-review-2.pdf	https://democracy.north-herts.gov.uk/documents/s31346/treasury-management-end-of-year-review-2025-26-10-06-2026-fi.pdf	North Hertfordshire	Treasury Management End of Year Review 2025/26, 10/06/2026 Finance, Audit and Risk Committee	normal
E07000099-north-hertfordshire-2026-06-16-cabinet-31347-appendix-1-treasury-management-end-of-ye.pdf	https://democracy.north-herts.gov.uk/documents/s31347/appendix-1-treasury-management-end-of-year-review-2025-26-10.pdf	North Hertfordshire	Appendix 1 Treasury Management End of Year Review 2025/26, 10/06/2026 Finance, Audit and Risk Committee	normal
mg25-central-bedfordshire-2026-06-15-social-care-health-housing-83334-appendix-c-revenue-treasury-management-d.pdf	https://centralbeds.moderngov.co.uk/documents/s83334/appendix-c-revenue-treasury-management-dashboard.pdf	Central Bedfordshire	Appendix C – Revenue Treasury Management Dashboard	normal
mg430-north-yorkshire-2026-06-15-corporate-and-partnerships-69198-appendix-1-north-yorkshire-council-local.pdf	http://edemocracy.northyorks.gov.uk/documents/s69198/appendix-1-north-yorkshire-council-locality-budgets-scheme-2.pdf	North Yorkshire	Appendix 1 North Yorkshire Council Locality Budgets scheme 2025	normal
mg430-north-yorkshire-2026-06-15-corporate-and-partnerships-69203-appendix-6-nyc-locality-budgets-scheme-2.pdf	http://edemocracy.northyorks.gov.uk/documents/s69203/appendix-6-nyc-locality-budgets-scheme-2026.pdf	North Yorkshire	Appendix 6 - NYC Locality Budgets Scheme 2026	normal
E07000099-north-hertfordshire-2026-06-10-finance-audit-and-risk-com-31203-treasury-management-end-of-year-review-2.pdf	https://democracy.north-herts.gov.uk/documents/s31203/treasury-management-end-of-year-review-2025-26.pdf	North Hertfordshire	Treasury Management End of Year Review 2025/26	normal
E07000099-north-hertfordshire-2026-06-10-finance-audit-and-risk-com-31204-appendix-1-treasury-management-end-of-ye.pdf	https://democracy.north-herts.gov.uk/documents/s31204/appendix-1-treasury-management-end-of-year-review-2025-26.pdf	North Hertfordshire	Appendix 1 Treasury Management End of Year Review 2025/26	normal
E07000171-bassetlaw-2026-06-09-cabinet-16945-5a-annual-treasury-management-review-202.pdf	https://Bassetlaw.moderngov.co.uk/documents/s16945/5a-annual-treasury-management-review-2025-26.pdf	Bassetlaw	5a - Annual Treasury Management Review 2025-26	normal
E07000171-bassetlaw-2026-06-09-cabinet-16946-5a1-appendix-1-bdc-annual-treasury-manag.pdf	https://Bassetlaw.moderngov.co.uk/documents/s16946/5a1-appendix-1-bdc-annual-treasury-management-review-2025-26.pdf	Bassetlaw	5a1 - Appendix 1 - BDC Annual Treasury Management Review 2025-26	normal
E08000015-wirral-2026-06-10-policy-and-resources-commi-50142727-appendix-d-treasury-indicators-2025-26.pdf	https://democracy.wirral.gov.uk/documents/s50142727/appendix-d-treasury-indicators-2025-26.pdf	Wirral	Appendix D. Treasury Indicators 2025-26	normal
mg25-central-bedfordshire-2026-06-09-corporate-resources-overvi-83204-appendix-c-revenue-treasury-management-d.pdf	https://centralbeds.moderngov.co.uk/documents/s83204/appendix-c-revenue-treasury-management-dashboard.pdf	Central Bedfordshire	Appendix C – Revenue Treasury Management Dashboard	normal
E07000171-bassetlaw-2026-06-04-audit-governance-committee-16908-5a-annual-treasury-management-review-202.pdf	https://Bassetlaw.moderngov.co.uk/documents/s16908/5a-annual-treasury-management-review-2025-26.pdf	Bassetlaw	5a - Annual Treasury Management Review 2025-26	normal
E07000171-bassetlaw-2026-06-04-audit-governance-committee-16909-5a1-report-annual-treasury-management-re.pdf	https://Bassetlaw.moderngov.co.uk/documents/s16909/5a1-report-annual-treasury-management-review-2025-26.pdf	Bassetlaw	5a1 - Report - Annual Treasury Management Review 2025-26	normal
E07000171-bassetlaw-2026-06-04-audit-governance-committee-16910-5a2-appendix-1-bdc-annual-treasury-manag.pdf	https://Bassetlaw.moderngov.co.uk/documents/s16910/5a2-appendix-1-bdc-annual-treasury-management-review-2025-26.pdf	Bassetlaw	5a2 - Appendix 1 - BDC Annual Treasury Management Review 2025-26	normal
mg293-opdc-2026-06-02-opdc-audit-and-risk-commit-63246-06-chief-finance-officer-report.pdf	https://GLAOPDC.moderngov.co.uk/documents/s63246/06-chief-finance-officer-report.pdf	OPDC	06. Chief Finance Officer Report	normal
mg293-opdc-2026-06-02-opdc-audit-and-risk-commit-63217-10-01-appendix-1-lg-s151-letter-140426.pdf	https://GLAOPDC.moderngov.co.uk/documents/s63217/10-01-appendix-1-lg-s151-letter-140426.pdf	OPDC	10.01 Appendix 1 - LG S151 Letter 140426	normal
mg501-lancashire-police-and-2026-06-01-joint-independent-audit-co-1406-pcc-treasury-management-strategy-2026-27.pdf	https://lancashire-pcc.moderngov.co.uk/documents/s1406/pcc-treasury-management-strategy-2026-27.pdf	Lancashire Police and Crime Commissioner	PCC-Treasury-Management-Strategy 2026-27	normal
mg501-lancashire-police-and-2026-06-01-joint-independent-audit-co-1412-financial-strategy-covering-report.pdf	https://lancashire-pcc.moderngov.co.uk/documents/s1412/financial-strategy-covering-report.pdf	Lancashire Police and Crime Commissioner	Financial Strategy (Covering Report)	normal
mg501-lancashire-police-and-2026-06-01-joint-independent-audit-co-1409-pcc-for-lancashire-financial-strategy-20.pdf	https://lancashire-pcc.moderngov.co.uk/documents/s1409/pcc-for-lancashire-financial-strategy-2026-27.pdf	Lancashire Police and Crime Commissioner	PCC for Lancashire - Financial Strategy 2026.27	normal
E09000019-islington-2026-05-27-annual-council-47099-council-meeting-27-may-2026-section-151.pdf	https://islington.moderngov.co.uk/documents/s47099/council-meeting-27-may-2026-section-151-officer-report.pdf	Islington	Council Meeting 27 May 2026 - Section 151 Officer report	normal
E07000200-babergh-2026-05-26-joint-audit-and-standards-42576-covering-report-to-the-annual-governance.pdf	http://baberghmidsuffolk.moderngov.co.uk/documents/s42576/covering-report-to-the-annual-governance-statment-2025-26.pdf	Babergh	Covering report to the Annual Governance Statment 2025-26	normal
mg102-redditch-2026-05-26-council-58331-section-151-officer-march-2026.pdf	http://moderngovwebpublic.redditchbc.gov.uk/documents/s58331/section-151-officer-march-2026.pdf	Redditch	Section 151 Officer - March 2026	normal
mg19-bromsgrove-2026-05-20-council-66887-bdc-s151-officer-urgent-decision-march-2.pdf	https://moderngovwebpublic.bromsgrove.gov.uk/documents/s66887/bdc-s151-officer-urgent-decision-march-2026.pdf	Bromsgrove	BDC S151 Officer - urgent decision March 2026	normal
E07000088-gosport-2026-05-20-council-6823-section-151-full-council-paper-may-26-v.pdf	https://Gosport.moderngov.co.uk/documents/s6823/section-151-full-council-paper-may-26-v-2.pdf	Gosport	Section 151 Full Council paper May 26 v 2	normal
E07000175-newark-and-sherwood-2026-05-19-full-council-26209-19-05-26-designation-of-s151-officer.pdf	https://democracy.newark-sherwooddc.gov.uk/documents/s26209/19-05-26-designation-of-s151-officer.pdf	Newark and Sherwood	19.05.26 - Designation of S151 Officer	normal
mg362-mid-and-west-wales-fir-2026-05-18-performance-audit-and-scru-7533-audit-wales-financial-sustainability.pdf	https://midwestwalesfire.moderngov.co.uk/documents/s7533/audit-wales-financial-sustainability.pdf	Mid and West Wales Fire	Audit Wales - Financial Sustainability	normal
mg362-mid-and-west-wales-fir-2026-05-18-performance-audit-and-scru-7534-appendix-1a-financial-sustainability-rep.pdf	https://midwestwalesfire.moderngov.co.uk/documents/s7534/appendix-1a-financial-sustainability-report-eng.pdf	Mid and West Wales Fire	Appendix 1a - Financial Sustainability Report-Eng	normal
mg362-mid-and-west-wales-fir-2026-05-18-performance-audit-and-scru-7535-appendix-1b-financial-sustainability-rep.pdf	https://midwestwalesfire.moderngov.co.uk/documents/s7535/appendix-1b-financial-sustainability-report-cym.pdf	Mid and West Wales Fire	Appendix 1b - Financial Sustainability Report-Cym	normal
E07000114-thanet-2026-05-14-council-96178-annex-3-director-of-corporate-services-a.pdf	https://Thanet.moderngov.co.uk/documents/s96178/annex-3-director-of-corporate-services-and-section-151-offic.pdf	Thanet	Annex 3 - Director of Corporate Services and Section 151 Officer Delegations- Google Docs	normal
E07000108-dover-2026-05-13-council-66579-final-25-26-annual-governance-covering-r.pdf	https://moderngov.dover.gov.uk/documents/s66579/final-25-26-annual-governance-covering-report-v2.pdf	Dover	FINAL 25-26 Annual Governance Covering Report v2	normal
E07000108-dover-2026-05-13-council-66578-final-25-26-appendix-1-annual-governance.pdf	https://moderngov.dover.gov.uk/documents/s66578/final-25-26-appendix-1-annual-governance-report-2026-v2.pdf	Dover	FINAL 25-26 Appendix 1 Annual Governance Report 2026 v2	normal
mg457-saltash-2026-05-12-policy-and-finance-committ-19022-15-to-receive-a-report-on-budgets.pdf	https://modern.saltash.gov.uk/documents/s19022/15-to-receive-a-report-on-budgets.pdf	Saltash	15. To receive a report on budgets	normal
E10000013-gloucestershire-2026-04-23-audit-and-governance-commi-116120-final-audit-governance-committee-financi.pdf	https://Gloucestershire.moderngov.co.uk/documents/s116120/final-audit-governance-committee-financial-resilience-report.pdf	Gloucestershire	Final - Audit & Governance Committee Financial Resilience Report - Apr 26	normal
E10000028-staffordshire-2026-04-21-audit-and-standards-commit-206678-20260421-annual-governance-report-2026-t.pdf	https://Staffordshire.moderngov.co.uk/documents/s206678/20260421-annual-governance-report-2026-to-audit-and-standard.pdf	Staffordshire	20260421 Annual Governance Report 2026 to Audit and Standards FINAL	normal
E07000133-melton-2026-04-15-cabinet-31263-scrutiny-feedback-to-cabinet-inward-inve.pdf	https://democracy.melton.gov.uk/documents/s31263/scrutiny-feedback-to-cabinet-inward-investment-strategy.pdf	Melton	Scrutiny Feedback to Cabinet - Inward Investment Strategy	normal
W06000021-monmouthshire-2026-04-15-cabinet-44955-20260415-cabinet-2026-27-trust-fund-inve.pdf	https://democracy.monmouthshire.gov.uk/documents/s44955/20260415-cabinet-2026-27-trust-fund-investment-strategies-v2.pdf	Monmouthshire	20260415 Cabinet - 2026-27 Trust Fund Investment Strategies v2	normal
E47000012-york-and-north-yorkshi-2026-04-15-audit-and-governance-commi-1583-15042026-a-g-tms-report-appendix-seven-t.pdf	https://YorkNorthYorks-CA.moderngov.co.uk/documents/s1583/15042026-a-g-tms-report-appendix-seven-treasury-mgt-strategy.pdf	York and North Yorkshire	15042026_A&G_TMS Report - Appendix Seven - Treasury Mgt Strategy 2627 NYFRS v2	normal
E47000012-york-and-north-yorkshi-2026-04-15-audit-and-governance-commi-1584-15042026-a-g-tms-report-appendix-eight-t.pdf	https://YorkNorthYorks-CA.moderngov.co.uk/documents/s1584/15042026-a-g-tms-report-appendix-eight-treasury-mgt-strategy.pdf	York and North Yorkshire	15042026_A&G_TMS Report - Appendix Eight - Treasury Mgt Strategy 2627 Policing	normal
E07000147-north-norfolk-2026-04-14-cabinet-22732-final-lahf-4-v2-cabinet-april-2026-s151.pdf	https://modgov.north-norfolk.gov.uk/documents/s22732/final-lahf-4-v2-cabinet-april-2026-s151-mo-s151.pdf	North Norfolk	Final LAHF 4 v2 Cabinet April 2026 S151 MO S151	normal
E07000099-north-hertfordshire-2026-04-14-cabinet-30655-6e-third-quarter-treasury-management-rev.pdf	https://democracy.north-herts.gov.uk/documents/s30655/6e-third-quarter-treasury-management-review-2025-26.pdf	North Hertfordshire	6E - Third Quarter Treasury Management Review 2025-26	normal
E07000099-north-hertfordshire-2026-04-14-cabinet-30615-third-quarter-treasury-managment-review.pdf	https://democracy.north-herts.gov.uk/documents/s30615/third-quarter-treasury-managment-review-2025-26.pdf	North Hertfordshire	THIRD QUARTER TREASURY MANAGMENT REVIEW 2025/26	normal
E07000099-north-hertfordshire-2026-04-14-cabinet-30616-uploaded-3rd-qrt-treasury-management-app.pdf	https://democracy.north-herts.gov.uk/documents/s30616/uploaded-3rd-qrt-treasury-management-appendix-2025-26.pdf	North Hertfordshire	Uploaded 3rd Qrt Treasury Management Appendix 2025-26	normal
E07000209-guildford-2026-04-07-council-43614-item-12-section-151-officer-protocol.pdf	https://democracy.guildford.gov.uk/documents/s43614/item-12-section-151-officer-protocol.pdf	Guildford	Item 12 - Section 151 Officer Protocol	normal
E07000209-guildford-2026-04-07-council-43615-item-12-1-section-151-officer-protocol-a.pdf	https://democracy.guildford.gov.uk/documents/s43615/item-12-1-section-151-officer-protocol-app-1-protocol.pdf	Guildford	Item 12 (1) - Section 151 Officer Protocol - App 1 - Protocol	normal
S12000006-dumfries-and-galloway-2026-03-26-dumfries-and-galloway-coun-75275-acbudgets-strategic-framework-report-fin.pdf	http://DumfriesGalloway.moderngov.co.uk/documents/s75275/acbudgets-strategic-framework-report-final.pdf	Dumfries and Galloway	ACBudgets Strategic Framework Report FINAL	normal
S12000006-dumfries-and-galloway-2026-03-26-dumfries-and-galloway-coun-75276-acbudgets-strategic-framework-appendix-f.pdf	http://DumfriesGalloway.moderngov.co.uk/documents/s75276/acbudgets-strategic-framework-appendix-final.pdf	Dumfries and Galloway	ACBudgets Strategic Framework Appendix FINAL	normal
E07000212-runnymede-2026-03-26-overview-and-scrutiny-sele-17387-financial-sustainability-update-report-f.pdf	https://Runnymede.moderngov.co.uk/documents/s17387/financial-sustainability-update-report-final-mar-2026.pdf	Runnymede	Financial Sustainability update report - Final Mar 2026	normal
E08000013-st-helens-2026-03-26-audit-and-governance-commi-177160-item-7-cipfa-financial-resilience-index.pdf	https://StHelens.moderngov.co.uk/documents/s177160/item-7-cipfa-financial-resilience-index-2026.pdf	St. Helens	Item 7 - CIPFA Financial Resilience Index 2026	normal
W06000019-blaenau-gwent-2026-03-25-special-meeting-of-the-cou-18915-sco2603d7-appendix-a-treasury-strategy-s.pdf	https://Blaenau-Gwent.moderngov.co.uk/documents/s18915/sco2603d7-appendix-a-treasury-strategy-statement-2026-27-doc.pdf	Blaenau Gwent	SCO2603D7 Appendix A - Treasury Strategy Statement 2026-27.docx	normal
E07000112-folkestone-and-hythe-2026-03-25-cabinet-54637-appendix-3-glossary-local-authority-trea.pdf	https://Folkestone-Hythe.moderngov.co.uk/documents/s54637/appendix-3-glossary-local-authority-treasury-management-term.pdf	Folkestone and Hythe	Appendix 3 - Glossary - Local Authority Treasury Management Terms, 10/03/2026 Finance and Performance Scrutiny Sub-Committee	normal
E07000073-harlow-2026-03-25-council-30419-s151-report.pdf	https://Harlow.moderngov.co.uk/documents/s30419/s151-report.pdf	Harlow	S151 report	normal
E09000015-harrow-2026-03-25-performance-and-finance-sc-199059-appendix-6-school-budgets-2026-27.pdf	https://moderngov.harrow.gov.uk/documents/s199059/appendix-6-school-budgets-2026-27.pdf	Harrow	Appendix 6 - School Budgets 2026-27	normal
E09000015-harrow-2026-03-25-performance-and-finance-sc-199063-appendix-10-report-of-the-chief-finance.pdf	https://moderngov.harrow.gov.uk/documents/s199063/appendix-10-report-of-the-chief-finance-officer-2026-27.pdf	Harrow	Appendix 10 - Report of the Chief Finance Officer 2026-27	normal
E07000099-north-hertfordshire-2026-03-25-finance-audit-and-risk-com-30486-uploaded-3rd-qrt-treasury-management-app.pdf	https://democracy.north-herts.gov.uk/documents/s30486/uploaded-3rd-qrt-treasury-management-appendix-2025-26.pdf	North Hertfordshire	Uploaded 3rd Qrt Treasury Management Appendix 2025-26	normal
E47000004-liverpool-city-region-2026-03-25-lcr-overview-and-scrutiny-84085-lcrca-investment-strategy.pdf	https://liverpoolcityregion-ca.moderngov.co.uk/documents/s84085/lcrca-investment-strategy.pdf	Liverpool City Region	LCRCA Investment Strategy	normal
E47000004-liverpool-city-region-2026-03-25-lcr-overview-and-scrutiny-84086-appendix-1-draft-lcrca-investment-strate.pdf	https://liverpoolcityregion-ca.moderngov.co.uk/documents/s84086/appendix-1-draft-lcrca-investment-strategy.pdf	Liverpool City Region	Appendix 1 - Draft LCRCA Investment Strategy	normal
E47000004-liverpool-city-region-2026-03-25-lcr-overview-and-scrutiny-84087-appendix-2-equality-impact-assessment-lc.pdf	https://liverpoolcityregion-ca.moderngov.co.uk/documents/s84087/appendix-2-equality-impact-assessment-lcrca-investment-strat.pdf	Liverpool City Region	Appendix 2 - Equality Impact Assessment - LCRCA Investment Strategy	normal
E07000075-rochford-2026-03-24-council-5136-capital-and-investment-strategy-2026-27.pdf	https://rochford.moderngov.co.uk/documents/s5136/capital-and-investment-strategy-2026-27.pdf	Rochford	Capital and Investment Strategy 2026/27	normal
E07000075-rochford-2026-03-24-council-5137-appendix-1-for-capital-and-investment-st.pdf	https://rochford.moderngov.co.uk/documents/s5137/appendix-1-for-capital-and-investment-strategy-2026-27.pdf	Rochford	Appendix 1 for Capital and Investment Strategy 2026/27	normal
E06000040-windsor-and-maidenhead-2026-03-24-cabinet-71054-appendix-3-treasury-plan.pdf	https://RBWM.moderngov.co.uk/documents/s71054/appendix-3-treasury-plan.pdf	Windsor and Maidenhead	Appendix 3 - Treasury Plan	normal
E06000040-windsor-and-maidenhead-2026-03-24-cabinet-71040-appendix-c-capital-budgets.pdf	https://RBWM.moderngov.co.uk/documents/s71040/appendix-c-capital-budgets.pdf	Windsor and Maidenhead	Appendix C - Capital Budgets	normal
E07000078-cheltenham-2026-03-23-council-53844-appendix-3-investment-strategy-2026-27.pdf	https://democracy.cheltenham.gov.uk/documents/s53844/appendix-3-investment-strategy-2026-27.pdf	Cheltenham	Appendix 3 - Investment Strategy 2026-27	normal
mg430-north-yorkshire-2026-08-10-general-licensing-and-regi-71614-application-for-grant-of-a-pavement-lice.pdf	http://edemocracy.northyorks.gov.uk/documents/s71614/application-for-grant-of-a-pavement-licence-the-treasury-4-b.pdf	North Yorkshire	Application for grant of a Pavement Licence - The Treasury, 4 Baxtergate, Whitby, YO21 1BD	normal
mg430-north-yorkshire-2026-08-10-general-licensing-and-regi-71615-appendix-a-the-treasury.pdf	http://edemocracy.northyorks.gov.uk/documents/s71615/appendix-a-the-treasury.pdf	North Yorkshire	Appendix A - The Treasury	normal
mg430-north-yorkshire-2026-08-10-general-licensing-and-regi-71616-appendix-b-the-treasury.pdf	http://edemocracy.northyorks.gov.uk/documents/s71616/appendix-b-the-treasury.pdf	North Yorkshire	Appendix B - The Treasury	normal
mg430-north-yorkshire-2026-08-10-general-licensing-and-regi-71617-appendix-c-the-treasury.pdf	http://edemocracy.northyorks.gov.uk/documents/s71617/appendix-c-the-treasury.pdf	North Yorkshire	Appendix C - The Treasury	normal
mg430-north-yorkshire-2026-08-10-general-licensing-and-regi-71618-appendix-d-the-treasury.pdf	http://edemocracy.northyorks.gov.uk/documents/s71618/appendix-d-the-treasury.pdf	North Yorkshire	Appendix D - The Treasury	normal
mg430-north-yorkshire-2026-08-10-general-licensing-and-regi-71619-appendix-e-the-treasury.pdf	http://edemocracy.northyorks.gov.uk/documents/s71619/appendix-e-the-treasury.pdf	North Yorkshire	Appendix E - The Treasury	normal
E09000014-haringey-2026-07-30-alexandra-park-and-palace-158702-09-draft-annual-report-and-financial-sta.pdf	http://www.minutes.haringey.gov.uk/documents/s158702/09-draft-annual-report-and-financial-statement-cover-report.pdf	Haringey	09. Draft Annual Report and Financial Statement Cover Report 30 July APPCT Board Non Exempt LBH approved	normal
E09000014-haringey-2026-07-30-alexandra-park-and-palace-158675-09-appendix-draft-annual-report-and-fina.pdf	http://www.minutes.haringey.gov.uk/documents/s158675/09-appendix-draft-annual-report-and-financial-statement-appe.pdf	Haringey	09. Appendix Draft Annual Report and Financial Statement Appendix FORMAT VERSION includes Emma updates	normal
E07000180-vale-of-white-horse-2026-07-30-constitution-65421-chief-finance-officer-s151-officer.pdf	https://democratic.whitehorsedc.gov.uk/documents/s65421/chief-finance-officer-s151-officer.pdf	Vale of White Horse	Chief finance officer (s151 officer)	normal
E10000013-gloucestershire-2026-07-29-pension-board-119323-agenda-item-7-draft-investment-strategy.pdf	https://Gloucestershire.moderngov.co.uk/documents/s119323/agenda-item-7-draft-investment-strategy-statement-investment.pdf	Gloucestershire	Agenda Item 7 - Draft Investment Strategy Statement & Investment Policy Statement	normal
E10000013-gloucestershire-2026-07-29-pension-board-119324-agenda-item-7-draft-investment-strategy.pdf	https://Gloucestershire.moderngov.co.uk/documents/s119324/agenda-item-7-draft-investment-strategy-statement-investment.pdf	Gloucestershire	Agenda Item 7 - Draft Investment Strategy Statement & Investment Policy - Appendix 1 - Member Survey Results	normal
E10000013-gloucestershire-2026-07-29-pension-board-119325-agenda-item-7-draft-investment-strategy.pdf	https://Gloucestershire.moderngov.co.uk/documents/s119325/agenda-item-7-draft-investment-strategy-statement-investment.pdf	Gloucestershire	Agenda Item 7 - Draft Investment Strategy Statement & Investment Policy Statement - Appendix 2	normal
E07000107-dartford-2026-07-28-treasury-management-panel-82111-minutes-public-pack-13-02-2026-treasury.pdf	https://Dartford.moderngov.co.uk/documents/s82111/minutes-public-pack-13-02-2026-treasury-management-panel.pdf	Dartford	Minutes Public Pack, 13/02/2026 Treasury Management Panel	normal
mg68-huntingdonshire-2026-07-28-treasury-and-capital-manag-145390-5-commercial-investment-strategy-report.pdf	http://democracy.huntingdonshire.gov.uk/moderngov/documents/s145390/5-commercial-investment-strategy-report.pdf	Huntingdonshire	5. Commercial Investment Strategy Report	normal
mg68-huntingdonshire-2026-07-28-treasury-and-capital-manag-145391-5-commercial-investment-strategy-appendi.pdf	http://democracy.huntingdonshire.gov.uk/moderngov/documents/s145391/5-commercial-investment-strategy-appendix-1.pdf	Huntingdonshire	5. Commercial Investment Strategy Appendix 1	normal
mg68-huntingdonshire-2026-07-28-treasury-and-capital-manag-145392-5-commercial-investment-strategy-appendi.pdf	http://democracy.huntingdonshire.gov.uk/moderngov/documents/s145392/5-commercial-investment-strategy-appendix-2.pdf	Huntingdonshire	5. Commercial Investment Strategy Appendix 2	normal
E10000015-hertfordshire-2026-07-16-local-government-pension-s-77157-28-item-8-investment-strategy-statement.pdf	https://democracy.hertfordshire.gov.uk/documents/s77157/28-item-8-investment-strategy-statement-and-ri-policy.pdf	Hertfordshire	28 Item 8 Investment Strategy Statement and RI Policy	normal
E10000015-hertfordshire-2026-07-16-local-government-pension-s-77158-29-item-8-appendix-a-investment-strategy.pdf	https://democracy.hertfordshire.gov.uk/documents/s77158/29-item-8-appendix-a-investment-strategy-statement-2026.pdf	Hertfordshire	29 Item 8 Appendix A - Investment Strategy Statement 2026	normal
E10000019-lincolnshire-2026-07-16-lgps-local-pension-board-74644-item-07-app-e-draft-investment-strategy.pdf	https://lincolnshire.moderngov.co.uk/documents/s74644/item-07-app-e-draft-investment-strategy-statement.pdf	Lincolnshire	Item 07 - App E - Draft Investment Strategy Statement	normal
E08000031-wolverhampton-2026-07-14-pensions-board-326558-07-lpb-annual-governance-2026-arrangemen.pdf	https://wolverhampton.moderngov.co.uk/documents/s326558/07-lpb-annual-governance-2026-arrangements-final.pdf	Wolverhampton	07. LPB Annual Governance 2026 Arrangements Final	normal
mg362-mid-and-west-wales-fir-2026-07-13-resource-management-commit-7719-appendix-d-treasury.pdf	https://midwestwalesfire.moderngov.co.uk/documents/s7719/appendix-d-treasury.pdf	Mid and West Wales Fire	Appendix D - Treasury	normal
mg362-mid-and-west-wales-fir-2026-07-13-resource-management-commit-7726-appendix-d-treasury.pdf	https://midwestwalesfire.moderngov.co.uk/documents/s7726/appendix-d-treasury.pdf	Mid and West Wales Fire	Appendix D - Treasury	normal
E10000015-hertfordshire-2026-07-10-pensions-committee-76841-31-item-8-investment-strategy-statement.pdf	https://democracy.hertfordshire.gov.uk/documents/s76841/31-item-8-investment-strategy-statement-and-ri-policy.pdf	Hertfordshire	31 Item 8 Investment Strategy Statement and RI Policy	normal
E10000015-hertfordshire-2026-07-10-pensions-committee-76842-32-item-8-appendix-a-investment-strategy.pdf	https://democracy.hertfordshire.gov.uk/documents/s76842/32-item-8-appendix-a-investment-strategy-statement-2026.pdf	Hertfordshire	32 Item 8 Appendix A - Investment Strategy Statement 2026	normal
E08000028-sandwell-2026-07-02-friar-park-pride-in-place-34811-09-financial-reporting-and-budgets.pdf	https://Sandwell.moderngov.co.uk/documents/s34811/09-financial-reporting-and-budgets.pdf	Sandwell	09. Financial Reporting and Budgets	normal
E08000028-sandwell-2026-07-02-friar-park-pride-in-place-34812-09-1-financial-report-to-board.pdf	https://Sandwell.moderngov.co.uk/documents/s34812/09-1-financial-report-to-board.pdf	Sandwell	09.1 Financial Report to Board	normal
mg473-avon-fire-and-rescue-2026-07-01-avon-fire-authority-5616-annual-governance-and-assurance-statemen.pdf	https://AvonFire.moderngov.co.uk/documents/s5616/annual-governance-and-assurance-statement-amendment-to-appro.pdf	Avon Fire and Rescue	Annual Governance (and Assurance) Statement - Amendment to Approval Process	normal
E08000038-barnsley-2026-07-01-the-constitution-136048-role-and-functions-on-head-of-paid-servi.pdf	https://barnsleymbc.moderngov.co.uk/documents/s136048/role-and-functions-on-head-of-paid-service-monitoring-office.pdf	Barnsley	Role and Functions on Head of Paid Service, Monitoring Officer and Chief Finance Officer	normal
E08000038-barnsley-2026-07-01-the-constitution-136054-appendix-2-director-of-finance-section-1.pdf	https://barnsleymbc.moderngov.co.uk/documents/s136054/appendix-2-director-of-finance-section-151-officer.pdf	Barnsley	Appendix 2 - Director of Finance (Section 151 Officer)	normal
E09000009-ealing-2026-07-01-ealing-schools-forum-26120-appendix-4-2026-27-centrally-retained-an.pdf	https://Ealing.moderngov.co.uk/documents/s26120/appendix-4-2026-27-centrally-retained-and-de-delegated-budge.pdf	Ealing	Appendix 4 2026-27 Centrally retained and de-delegated budgets	normal
E10000015-hertfordshire-2026-07-01-employment-committee-76696-01-item-2-chief-officer-section-151.pdf	https://democracy.hertfordshire.gov.uk/documents/s76696/01-item-2-chief-officer-section-151.pdf	Hertfordshire	01 Item 2 Chief Officer - Section 151	normal
E08000031-wolverhampton-2026-07-01-pensions-committee-325781-5-annual-governance-arrangements.pdf	https://wolverhampton.moderngov.co.uk/documents/s325781/5-annual-governance-arrangements.pdf	Wolverhampton	5. Annual Governance Arrangements	normal
E08000031-wolverhampton-2026-07-01-pensions-committee-325765-13-lpb-annual-governance-report-final.pdf	https://wolverhampton.moderngov.co.uk/documents/s325765/13-lpb-annual-governance-report-final.pdf	Wolverhampton	13. LPB Annual Governance Report Final	normal
mg113-aberdeen-2026-06-24-licensing-board-180709-annual-financial-report-2026.pdf	https://Aberdeen.moderngov.co.uk/documents/s180709/annual-financial-report-2026.pdf	Aberdeen	Annual Financial Report 2026	normal
E09000013-hammersmith-and-fulham-2026-06-24-pension-fund-committee-135019-item-2-investment-strategy-review-cover.pdf	https://democracy.lbhf.gov.uk/documents/s135019/item-2-investment-strategy-review-cover.pdf	Hammersmith and Fulham	Item 2 Investment Strategy Review Cover	normal
E08000015-wirral-2026-06-24-local-pension-board-50143405-draft-investment-strategy-statement.pdf	https://democracy.wirral.gov.uk/documents/s50143405/draft-investment-strategy-statement.pdf	Wirral	DRAFT INVESTMENT STRATEGY STATEMENT	normal
E08000015-wirral-2026-06-24-local-pension-board-50143406-appendix-1-for-draft-investment-strategy.pdf	https://democracy.wirral.gov.uk/documents/s50143406/appendix-1-for-draft-investment-strategy-statement.pdf	Wirral	Appendix. 1 for DRAFT INVESTMENT STRATEGY STATEMENT	normal
E09000004-bexley-2026-06-23-pensions-committee-124941-item-13-1-investment-strategy-update-cov.pdf	https://democracy.bexley.gov.uk/documents/s124941/item-13-1-investment-strategy-update-cover-report-final-publ.pdf	Bexley	Item 13(1) - Investment Strategy Update Cover Report (FINAL) (PUBLIC)	normal
E06000023-city-of-bristol-2026-06-23-harbour-committee-127647-3-appendix-a2-harbour-committee-report-b.pdf	https://Democracy.Bristol.gov.uk/documents/s127647/3-appendix-a2-harbour-committee-report-budgets-26-27-may26.pdf	City of Bristol	3. Appendix A2 - Harbour Committee Report - Budgets 26-27 May26	normal
mg25-central-bedfordshire-2026-06-22-schools-forum-83443-dsg-contingency-budgets-update-jun-26.pdf	https://centralbeds.moderngov.co.uk/documents/s83443/dsg-contingency-budgets-update-jun-26.pdf	Central Bedfordshire	DSG contingency budgets update Jun 26	normal
E47000008-cambridgeshire-and-pet-2026-06-17-transport-committee-6932-appendix-a-transport-revenue-capital-bud.pdf	https://cambridgeshirepeterborough-ca.moderngov.co.uk/documents/s6932/appendix-a-transport-revenue-capital-budgets.pdf	Cambridgeshire and Peterborough	Appendix A - Transport Revenue & Capital Budgets	normal
mg293-opdc-2026-06-17-opdc-board-63281-09-executive-director-corporate-operatio.pdf	https://GLAOPDC.moderngov.co.uk/documents/s63281/09-executive-director-corporate-operations-and-chief-finance.pdf	OPDC	09. Executive Director, Corporate Operations and Chief Finance Officer	normal
mg293-opdc-2026-06-17-opdc-board-63269-09-02-appendix-2-treasury-management-sta.pdf	https://GLAOPDC.moderngov.co.uk/documents/s63269/09-02-appendix-2-treasury-management-statement-and-appendice.pdf	OPDC	09.02 Appendix 2 Treasury Management Statement and appendices ofTMSS	normal
E47000008-cambridgeshire-and-pet-2026-06-15-skills-committee-6896-04-budget-and-performance-report-june26.pdf	https://cambridgeshirepeterborough-ca.moderngov.co.uk/documents/s6896/04-budget-and-performance-report-june26.pdf	Cambridgeshire and Peterborough	04_Budget and Performance Report - June26	normal
mg395-east-sussex-fire-and-r-2026-06-11-fire-authority-3545-260611-cfa-treasury-management-stewardsh.pdf	http://ESFRS.moderngov.co.uk/documents/s3545/260611-cfa-treasury-management-stewardship-2025-26-report.pdf	East Sussex Fire and Rescue	260611 CFA Treasury Management Stewardship 2025-26 REPORT	normal
E09000016-havering-2026-06-11-schools-funding-forum-84516-item-6-app-a-s251budget202627-latablerep.pdf	https://democracy.havering.gov.uk/documents/s84516/item-6-app-a-s251budget202627-latablereport.pdf	Havering	Item 6 App A - S251Budget202627_LATableReport	normal
E09000016-havering-2026-06-11-schools-funding-forum-84517-item-6-app-b-s251budget202627-eyproforma.pdf	https://democracy.havering.gov.uk/documents/s84517/item-6-app-b-s251budget202627-eyproformareport.pdf	Havering	Item 6 App B - S251Budget202627_EYProformaReport	normal
E09000016-havering-2026-06-11-schools-funding-forum-84518-item-6-app-c-s251budget202627-schooltabl.pdf	https://democracy.havering.gov.uk/documents/s84518/item-6-app-c-s251budget202627-schooltablereport.pdf	Havering	Item 6 App C - S251Budget202627_SchoolTableReport	normal
E10000013-gloucestershire-2026-06-11-pension-committee-117830-agenda-item-14-draft-investment-strategy.pdf	https://Gloucestershire.moderngov.co.uk/documents/s117830/agenda-item-14-draft-investment-strategy-statement-investmen.pdf	Gloucestershire	Agenda Item 14 - Draft Investment Strategy Statement & Investment Policy	normal
E10000013-gloucestershire-2026-06-11-pension-committee-117831-agenda-item-14-draft-investment-strategy.pdf	https://Gloucestershire.moderngov.co.uk/documents/s117831/agenda-item-14-draft-investment-strategy-statement-investmen.pdf	Gloucestershire	Agenda Item 14 - Draft Investment Strategy Statement & Investment Policy - Appendix 1 - Member Survey Results	normal
E10000013-gloucestershire-2026-06-11-pension-committee-117832-agenda-item-14-draft-investment-strategy.pdf	https://Gloucestershire.moderngov.co.uk/documents/s117832/agenda-item-14-draft-investment-strategy-statement-investmen.pdf	Gloucestershire	Agenda Item 14 - Draft Investment Strategy Statement & Investment Policy - Appendix 2 - Draft ISS	normal
E10000019-lincolnshire-2026-06-11-pensions-committee-74040-draft-investment-strategy-statement.pdf	https://lincolnshire.moderngov.co.uk/documents/s74040/draft-investment-strategy-statement.pdf	Lincolnshire	Draft Investment Strategy Statement	normal
E10000019-lincolnshire-2026-06-11-pensions-committee-74041-appendix-a-draft-investment-strategy-sta.pdf	https://lincolnshire.moderngov.co.uk/documents/s74041/appendix-a-draft-investment-strategy-statement.pdf	Lincolnshire	Appendix A - Draft Investment Strategy Statement	normal
E06000027-torbay-2026-06-11-schools-forum-170751-dsg-budgets-for-26-27-deficit-of-4-4m-sc.pdf	http://www.torbay.gov.uk/DemocraticServices/documents/s170751/dsg-budgets-for-26-27-deficit-of-4-4m-schools-forum-11-6-26.pdf	Torbay	DSG budgets for 26-27 - Deficit of £4.4m - Schools Forum 11-6-26	normal
E06000040-windsor-and-maidenhead-2026-06-08-berkshire-pension-fund-com-72100-item-13-investment-strategy.pdf	https://RBWM.moderngov.co.uk/documents/s72100/item-13-investment-strategy.pdf	Windsor and Maidenhead	ITEM 13 - Investment Strategy	normal
E47000008-cambridgeshire-and-pet-2026-06-03-combined-authority-board-6806-appendix-1-detailed-budgets.pdf	https://cambridgeshirepeterborough-ca.moderngov.co.uk/documents/s6806/appendix-1-detailed-budgets.pdf	Cambridgeshire and Peterborough	Appendix 1 - Detailed Budgets	normal
E47000008-cambridgeshire-and-pet-2026-06-03-combined-authority-board-6807-appendix-2-sta-budgets.pdf	https://cambridgeshirepeterborough-ca.moderngov.co.uk/documents/s6807/appendix-2-sta-budgets.pdf	Cambridgeshire and Peterborough	Appendix 2 - STA Budgets	normal
E07000181-west-oxfordshire-2026-06-03-constitution-17107-part5kbudget-procedure-rules.pdf	https://meetings.westoxon.gov.uk/documents/s17107/part5kbudget-procedure-rules.pdf	West Oxfordshire	Part5KBudget Procedure Rules	normal
S12000006-dumfries-and-galloway-2026-05-20-stewartry-area-committee-76281-20260520-discretionary-budget-report-sac.pdf	http://DumfriesGalloway.moderngov.co.uk/documents/s76281/20260520-discretionary-budget-report-sac-may-2026-27.pdf	Dumfries and Galloway	20260520_Discretionary_Budget-Report_SAC_May_2026_27	normal
S12000006-dumfries-and-galloway-2026-05-20-stewartry-area-committee-76282-20260520-disc-budget-appx1-strategic-fra.pdf	http://DumfriesGalloway.moderngov.co.uk/documents/s76282/20260520-disc-budget-appx1-strategic-framework-2026-27.pdf	Dumfries and Galloway	20260520_Disc_Budget_Appx1_Strategic_Framework_2026_27	normal
S12000006-dumfries-and-galloway-2026-05-20-stewartry-area-committee-76283-20260520-disc-budget-appx2-sac-priority.pdf	http://DumfriesGalloway.moderngov.co.uk/documents/s76283/20260520-disc-budget-appx2-sac-priority-areas-2026-27.pdf	Dumfries and Galloway	20260520_Disc_Budget_Appx2_SAC_Priority_Areas_2026_27	normal
S12000006-dumfries-and-galloway-2026-05-20-stewartry-area-committee-76284-20260520-tpi-budget-report-sac-may-2026.pdf	http://DumfriesGalloway.moderngov.co.uk/documents/s76284/20260520-tpi-budget-report-sac-may-2026-27.pdf	Dumfries and Galloway	20260520_TPI_Budget_Report_SAC_May_2026_27	normal
E07000178-oxford-2026-05-20-constitution-90287-part16budgetandpolicyframeworkprocedures.pdf	https://mycouncil.oxford.gov.uk/documents/s90287/part16budgetandpolicyframeworkprocedures.pdf	Oxford	Part16BudgetandPolicyFrameworkprocedures	normal
E07000181-west-oxfordshire-2026-05-20-constitution-16954-part5kbudget-procedure-rules.pdf	https://meetings.westoxon.gov.uk/documents/s16954/part5kbudget-procedure-rules.pdf	West Oxfordshire	Part5KBudget Procedure Rules	normal
S12000036-city-of-edinburgh-2026-05-18-committee-on-the-jean-f-wa-98384-5-1-jean-f-watson-committee-financial-re.pdf	https://democracy.edinburgh.gov.uk/documents/s98384/5-1-jean-f-watson-committee-financial-report-2024-26-with-ap.pdf	City of Edinburgh	5.1 Jean F Watson Committee Financial Report 2024-26 with appendices	normal
S12000036-city-of-edinburgh-2026-05-14-culture-and-communities-co-98249-7-1-visitor-levy-participatory-budgeting.pdf	https://democracy.edinburgh.gov.uk/documents/s98249/7-1-visitor-levy-participatory-budgeting.pdf	City of Edinburgh	7.1 - Visitor Levy Participatory Budgeting	normal
S12000036-city-of-edinburgh-2026-05-14-culture-and-communities-co-98250-visitor-levy-participatory-budgeting-app.pdf	https://democracy.edinburgh.gov.uk/documents/s98250/visitor-levy-participatory-budgeting-appendix-1.pdf	City of Edinburgh	Visitor Levy Participatory Budgeting - Appendix 1	normal
S12000036-city-of-edinburgh-2026-05-14-culture-and-communities-co-98251-visitor-levy-participatory-budgeting-app.pdf	https://democracy.edinburgh.gov.uk/documents/s98251/visitor-levy-participatory-budgeting-appendix-2.pdf	City of Edinburgh	Visitor Levy Participatory Budgeting - Appendix 2	normal
S12000036-city-of-edinburgh-2026-05-14-culture-and-communities-co-98252-visitor-levy-participatory-budgeting-app.pdf	https://democracy.edinburgh.gov.uk/documents/s98252/visitor-levy-participatory-budgeting-appendix-3.pdf	City of Edinburgh	Visitor Levy Participatory Budgeting - Appendix 3	normal
S12000036-city-of-edinburgh-2026-05-14-culture-and-communities-co-98253-visitor-levy-participatory-budgeting-app.pdf	https://democracy.edinburgh.gov.uk/documents/s98253/visitor-levy-participatory-budgeting-appendix-4.pdf	City of Edinburgh	Visitor Levy Participatory Budgeting - Appendix 4	normal
S12000036-city-of-edinburgh-2026-05-14-culture-and-communities-co-98254-visitor-levy-participatory-budgeting-app.pdf	https://democracy.edinburgh.gov.uk/documents/s98254/visitor-levy-participatory-budgeting-appendix-5.pdf	City of Edinburgh	Visitor Levy Participatory Budgeting - Appendix 5	normal
E07000181-west-oxfordshire-2026-05-11-constitution-16770-part5kbudget-procedure-rules.pdf	https://meetings.westoxon.gov.uk/documents/s16770/part5kbudget-procedure-rules.pdf	West Oxfordshire	Part5KBudget Procedure Rules	normal
E09000015-harrow-2026-04-30-pension-board-199437-appendix-3-investment-strategy-statement.pdf	https://moderngov.harrow.gov.uk/documents/s199437/appendix-3-investment-strategy-statement-next-steps.pdf	Harrow	Appendix 3 - Investment Strategy Statement Next Steps	normal
mg457-saltash-2026-04-30-services-committee-18764-6-to-receive-a-report-on-budgets.pdf	https://modern.saltash.gov.uk/documents/s18764/6-to-receive-a-report-on-budgets.pdf	Saltash	6. To receive a report on budgets	normal
W06000011-swansea-2026-04-22-local-pension-board-123548-06-investment-strategy-statement.pdf	https://democracy.swansea.gov.uk/documents/s123548/06-investment-strategy-statement.pdf	Swansea	06 - Investment Strategy Statement	normal
E08000031-wolverhampton-2026-04-21-pensions-board-319671-11-investment-strategy-statement-2026-re.pdf	https://wolverhampton.moderngov.co.uk/documents/s319671/11-investment-strategy-statement-2026-report-final.pdf	Wolverhampton	11. Investment Strategy Statement 2026 Report FINAL	normal
E08000031-wolverhampton-2026-04-21-pensions-board-319672-11-appendix-1-investment-strategy-statem.pdf	https://wolverhampton.moderngov.co.uk/documents/s319672/11-appendix-1-investment-strategy-statement-2026.pdf	Wolverhampton	11. Appendix 1 Investment Strategy Statement 2026	normal
E07000117-burnley-2026-04-17-constitution-49726-part-5-12-protocol-for-the-s151officer-2.pdf	https://burnley.moderngov.co.uk/documents/s49726/part-5-12-protocol-for-the-s151officer-20-11-24.pdf	Burnley	Part 5.12 Protocol for the S151Officer 20.11.24	normal
E47000004-liverpool-city-region-2026-04-17-liverpool-city-region-comb-84214-lcrca-investment-strategy-ca-report.pdf	https://liverpoolcityregion-ca.moderngov.co.uk/documents/s84214/lcrca-investment-strategy-ca-report.pdf	Liverpool City Region	LCRCA Investment Strategy - CA Report	normal
E47000004-liverpool-city-region-2026-04-17-liverpool-city-region-comb-84531-appendix-1-lcrca-investment-strategy.pdf	https://liverpoolcityregion-ca.moderngov.co.uk/documents/s84531/appendix-1-lcrca-investment-strategy.pdf	Liverpool City Region	Appendix 1 - LCRCA Investment Strategy	normal
E06000027-torbay-2026-03-30-harbour-committee-168482-budget1.pdf	http://www.torbay.gov.uk/DemocraticServices/documents/s168482/budget1.pdf	Torbay	Budget1	normal
E06000027-torbay-2026-03-30-harbour-committee-168483-budget2.pdf	http://www.torbay.gov.uk/DemocraticServices/documents/s168483/budget2.pdf	Torbay	Budget2	normal
E09000002-barking-and-dagenham-2026-03-26-pensions-committee-179760-investment-strategy-covering-report.pdf	https://LBBD.moderngov.co.uk/documents/s179760/investment-strategy-covering-report.pdf	Barking and Dagenham	Investment Strategy covering report	normal
E10000016-kent-2026-03-26-pension-fund-committee-136224-8-investment-strategy-and-performance-up.pdf	https://democracy.kent.gov.uk/documents/s136224/8-investment-strategy-and-performance-update-december-qtr.pdf	Kent	8 - Investment Strategy and Performance Update (December Qtr)	normal
mg293-opdc-2026-03-26-opdc-board-63147-08-executive-director-corporate-operatio.pdf	https://GLAOPDC.moderngov.co.uk/documents/s63147/08-executive-director-corporate-operations-and-chief-finance.pdf	OPDC	08. Executive Director, Corporate Operations and Chief Finance Officer	normal
E10000028-staffordshire-2026-03-26-schools-forum-206193-7-2-special-schools-budgets-2026-27-appe.pdf	https://Staffordshire.moderngov.co.uk/documents/s206193/7-2-special-schools-budgets-2026-27-appendix-2.pdf	Staffordshire	7.2 Special Schools Budgets 2026-27 - Appendix 2	normal
E09000015-harrow-2026-03-25-pension-board-199181-appendix-3-investment-strategy-statement.pdf	https://moderngov.harrow.gov.uk/documents/s199181/appendix-3-investment-strategy-statement-next-steps.pdf	Harrow	Appendix 3 - Investment Strategy Statement Next Steps	normal
E10000015-hertfordshire-2026-03-25-local-government-pension-s-74391-02-item-2-26-27-pension-fund-treasury-st.pdf	https://democracy.hertfordshire.gov.uk/documents/s74391/02-item-2-26-27-pension-fund-treasury-strategy-final.pdf	Hertfordshire	02 Item 2 26-27 Pension Fund Treasury Strategy_Final	normal
E10000015-hertfordshire-2026-03-25-local-government-pension-s-74406-04-item-3-draft-investment-strategy-stat.pdf	https://democracy.hertfordshire.gov.uk/documents/s74406/04-item-3-draft-investment-strategy-statement.pdf	Hertfordshire	04 Item 3 Draft Investment Strategy Statement	normal
E10000015-hertfordshire-2026-03-25-local-government-pension-s-74394-05-item-3-appendix-a-investment-strategy.pdf	https://democracy.hertfordshire.gov.uk/documents/s74394/05-item-3-appendix-a-investment-strategy-statement-2026-draf.pdf	Hertfordshire	05 Item 3 Appendix A - Investment Strategy Statement 2026 Draft	normal
E07000181-west-oxfordshire-2026-03-25-constitution-16655-part5kbudget-procedure-rules.pdf	https://meetings.westoxon.gov.uk/documents/s16655/part5kbudget-procedure-rules.pdf	West Oxfordshire	Part5KBudget Procedure Rules	normal
E09000031-waltham-forest-2026-03-25-pension-committee-107636-investment-strategy-statement-and-strate.pdf	https://democracy.walthamforest.gov.uk/documents/s107636/investment-strategy-statement-and-strategy-march-26-v0-1.pdf	Waltham Forest	Investment Strategy Statement and Strategy March 26 v0.1	normal
E09000009-ealing-2026-03-24-pension-fund-panel-23533-pension-fund-budgetary-estimate-and-work.pdf	https://Ealing.moderngov.co.uk/documents/s23533/pension-fund-budgetary-estimate-and-work-plan-2026-27.pdf	Ealing	Pension Fund Budgetary Estimate and Work Plan 2026-27	normal
E09000019-islington-2026-03-24-pensions-board-44641-investment-strategy-statement-consultati.pdf	https://islington.moderngov.co.uk/documents/s44641/investment-strategy-statement-consultation-final.pdf	Islington	Investment Strategy Statement Consultation final	normal
E07000209-guildford-2026-03-23-guildford-and-waverley-joi-43494-item-08-section-151-officer-protocol.pdf	https://democracy.guildford.gov.uk/documents/s43494/item-08-section-151-officer-protocol.pdf	Guildford	Item 08 - Section 151 Officer Protocol	normal
E07000209-guildford-2026-03-23-guildford-and-waverley-joi-43495-item-08-1-section-151-officer-protocol-a.pdf	https://democracy.guildford.gov.uk/documents/s43495/item-08-1-section-151-officer-protocol-app-1.pdf	Guildford	Item 08 (1) - Section 151 Officer Protocol - App 1	normal
E09000005-brent-2026-03-23-pension-board-156023-10-investment-strategy-review.pdf	http://democracy.brent.gov.uk/documents/s156023/10-investment-strategy-review.pdf	Brent	10. Investment Strategy Review	normal
E09000005-brent-2026-03-23-pension-board-156024-10a-appendix-1-investment-strategy-imple.pdf	http://democracy.brent.gov.uk/documents/s156024/10a-appendix-1-investment-strategy-implementation.pdf	Brent	10a. Appendix 1 - Investment Strategy Implementation	normal
